y_true,y_pred
47700,56874.66374049442
45800,89523.16270326765
500001,503086.2064398405
218600,256669.64238075647
278000,236521.038434243
158700,162813.86496753822
198200,231993.86174394592
157500,160285.57356764327
340000,291782.5021883056
446600,479581.5161231374
123200,107583.28374891604
253900.00000000003,225475.48912198955
215100,165312.94580528923
220500,182911.4327111377
219800,237673.44622728642
136200,160040.74255690284
178400,195430.85966736724
187500,191372.32520557544
139800,129096.57540332919
137500,91608.79750702376
425000,413761.26706450735
405600,393911.3916159688
138800,117634.83885873352
500001,406860.49302510155
162100,160334.88775379735
51400,48854.59435814976
151300,210390.0992609995
94800,142297.89067796306
204100,162549.13105781816
361500,383058.43900667375
85100,120355.18100987865
138400,112094.295911644
137500,193130.52204457307
465000.00000000006,398861.94088015694
271800,238430.84299269944
239400,240702.7447582537
340900,334598.34737773694
150400,144564.17791108755
128100,127838.18223815701
156000,131382.04101794248
258100,299168.83752093423
90500,94884.00034658604
71300,102529.9721473575
219700,201364.64324193067
151000,152543.67250883643
290100,209780.9904736627
142000,132884.5839745205
291500,161353.35286891644
255400,274895.2001162173
98100,100895.54011854193
251900,253573.06459610478
162100,213882.90030602325
129400,142779.63644824742
89400,66460.94061488999
150500,140071.59560489122
133800,142445.58558553265
80400,78732.95378310635
211100.00000000003,206450.19518715347
255600,205675.90572451265
214500,206946.1355113294
500001,381601.17631365324
202100,269141.05424794846
81500,99154.83056328923
98800,97394.33015377502
281900,311141.50907859474
184600,182608.29728351187
254700.00000000003,167613.49961522955
143100,148081.34843620527
162500,172857.88092513956
142600,163188.19439168135
85900,102444.86630399652
186900,208779.19962575746
71300,86419.89562056024
174400,179910.04166356512
225000,182217.7165561898
146500,213351.0655772941
405000,406606.225630113
189600,216624.99770740233
164400,169211.71695141622
337500,305281.0569737144
72500,86376.13333676668
143800,179994.98704332268
160000,184567.09366820296
118100,163091.59295607152
374000,389052.5055413846
202700,290272.9686167342
96600,90137.47846560522
65800,74548.3762004828
167400,220100.5342247449
179800,179341.0060421079
96700,110632.80886530629
266100,295731.3432361471
91100,104122.88247201705
49800,42805.33637278879
90700,122497.9816926265
115800,117621.3534010158
278600,405594.0279534599
250000,143597.11494503578
85000,115187.84635756674
177000,180218.2005542907
99700,143265.46670051888
357600,424043.926097716
475000,387983.4769277528
273600,256525.35679948243
182400,205278.32804812555
157800,146367.2066509033
193800,234129.89381264098
333600,291474.9379001835
264600,267044.050789525
58399.99999999999,73293.51847129573
173400,144570.47075281467
214800,223073.71640315154
200000,164715.32722789023
422800,382123.36794479314
93600,123367.73119543832
122200,196855.14826838966
167600,171506.37950927002
303600,325056.76305267215
269300,243029.442991437
264400,213964.68790859662
191000,177447.0067092348
153800,164555.23539139764
275500,308166.7945044138
208800,178303.17708027846
142300,142432.5912522211
63500,83089.60126184177
95800,92048.60836357942
231700.00000000003,243056.80408296513
221500,269515.087534655
89500,136552.40380998823
226000,257683.00524535202
500001,456875.3859359031
270200,290803.9004719567
59600,82892.21040541839
193300,201429.08940386423
133600,110143.52627497289
161900,197892.3795602105
357500,338697.5323565929
276500,255153.84471129565
410700,311511.00614839507
375000,310691.03519183205
135200,126971.78429161325
167200,156041.3404589631
252000,267485.3864680624
308400,410569.01943039714
172100,141122.30630880338
500001,459832.6908843769
193800,196476.67834150253
105200,107988.85240894809
90800,134400.3867295974
168800,201434.9177600491
162100,132971.5444799487
161200,175402.2406135727
137500,141851.71500591873
289300,278809.6808528542
278700,296712.1977676088
161700,222357.65627922674
231000,244886.37944358782
87500,94728.2730594577
95700,104828.30667518059
240600,181537.5730501887
214100,212587.93220882805
428600,405773.5527756189
125000,181888.93075107678
76400,90088.2607681104
263800,288287.21957408945
120400,183387.92484516167
109100,77260.93459874266
170600,229292.54363917885
257400,247464.3015321112
320000,330986.4741815184
289600,258719.32419900963
307300,297561.35145564977
325500,318808.06623191765
58399.99999999999,67785.5351601922
48500,38542.51640383303
216700,99301.53390399493
97900,109758.12392665142
158600,154175.6460546845
69000,63935.20724347876
322300,322589.17617912596
467700,353971.97053614963
163000,165646.5979369724
287100,267219.1161152369
54600.00000000001,48452.388365298895
90400,122306.0582619027
155500,160664.3700852765
175000,253249.43631742822
411200,440376.7426926268
332100,263192.76991782914
141200,146700.9241077134
247100,265993.5740015181
153000,146405.40069540386
155000,188614.01658610645
390800,172213.00448224915
90000,88258.55801262276
196700,207834.60713547116
68200,77917.59491905487
500001,499877.46884303575
92100,116395.35788390122
297900,291780.27555793326
500001,498835.8144244105
332300,331130.6259168587
171100,200248.43739010594
152100,165204.86483554213
232000,230506.89113475292
127100,187648.237327096
87500,119659.91855846699
203400,189663.6845334222
228600,209942.74227147913
116700,105894.46050072799
416700,463993.28199680394
227600,212322.14643585315
267900,318434.49635231774
97200,122932.13362773156
137500,155053.14382637077
198800,191342.2947404866
68600,58481.465875341215
352500,288991.0832028243
103800,109483.86038153997
107800,129103.19104792707
131700,161032.01036751585
271300,313767.9094155073
97300,152792.70753869944
95000,90262.46541701313
67500,199894.686958473
326100,302985.63863768004
65600,54218.9469478388
225600,203897.91870623972
263800,314072.88431471976
348300,343554.5038680172
325000,273848.8589943386
108800,130778.80315893385
400000,375873.0896278244
138400,132174.02418828302
61000,67842.47811281358
453100,472919.3898014148
500001,509769.9350839216
120200,131447.285444968
329200,298424.14290344383
196300,180330.25286691045
150000,112322.32200969271
152000,182852.2472346345
169900,151397.47574466307
137500,153003.31000880396
283000,271810.06880241726
404500,273692.1008725523
193500,239781.27365881554
205100.00000000003,274616.9331815454
145600,148300.77511680257
225000,109451.21521448257
215900,216933.874411882
158500,165610.84155228228
124700,135077.62530376023
65400,61278.976031577455
280200,227438.2122865611
180500,167636.49653887626
105400,121853.54110035153
100000,141948.8201064574
166300,136133.92478462536
158000,175107.44840674262
243800.00000000003,282043.4495171933
362900,358536.8239365813
201900,180788.73328101845
52600,73067.74136470535
500001,420997.3050131354
112000,121944.85867221771
225000,239783.01826394413
439900,453995.1507727141
88300,121177.16855951276
500001,512538.8345600156
276800,187743.0072463149
179200,179305.98832582546
199700,178314.44755969188
132000,158402.09329765683
61300,98061.50398034645
171900,207483.4462647206
123800,135159.77839189934
135300,108238.53532632171
137100,185956.80853742317
129300,168071.24174194664
227900,236196.79812001192
94400,100962.41762523382
103500,136204.29292633044
320800,389087.66292494285
125000,418565.8838422913
332400,313857.87029130955
159100,161742.94225193423
236900.00000000003,239174.28774980106
461600,444502.5845108873
156900,158182.39492426583
148200,104685.2970555487
166500,154184.61528739554
196900,229477.55996316377
167800,175534.1476956519
126700,79724.70393143059
500001,381937.461861949
57899.99999999999,42468.242168874574
238000,244334.63285514052
142000,166084.88637716504
86900,105851.67181324534
56000.00000000001,71459.02217340865
500001,527208.7100730261
112400,132773.7645671257
63600,79720.52295815389
431300,485748.533156046
265900,226996.30362698756
57999.99999999999,65215.38779506366
194100,248780.2678047337
142800,163413.6176320025
178700,164382.7094404986
187500,229830.0190727213
225000,191779.47295150722
313000,280802.3461087707
500001,504924.4768415439
153600,153403.97484536673
62300,77923.78470392548
194500,166498.88653608155
163900,165424.2605790514
398800,350628.13737139344
204100,242340.7965032672
199300,216219.7096700194
176700,196186.54868242645
500001,496996.60921142745
248900,218614.79190494845
150000,148346.08739762002
231700.00000000003,209436.309105575
57999.99999999999,104390.4322017538
126000,150247.34848249576
163300,150530.3761622608
113400,131214.79073246033
300000,215130.49622267185
310900,337035.09813582303
218800.00000000003,198651.61672520143
70400,75735.85154120221
237700,291386.5554352965
118800,118836.94263948982
73100,73829.66694129277
75000,87699.77694747242
450700,408377.9915331058
240200,205712.99417706806
65800,64494.346802062784
64700,63220.649075535206
175100,206355.88374012287
223700,219757.3792616562
96300,112630.75277695563
405100,391506.57954875607
376800,326717.75335372
500001,502755.5740765483
350000,251515.04186502355
162500,249213.2272131585
177300,197674.02889295688
98400,103577.12707049503
138800,120819.81388988308
175000,281161.5976623749
260900,201782.96093112382
104700,73060.8917830706
159500,195370.79583788916
295900,322314.73174789414
137500,274694.5143980133
500001,417387.3772540195
227000,227548.98114979875
263900,202411.2784423275
160400,162866.20035860897
142000,158586.26027254178
162500,163698.56264785893
230400,203571.0437883404
500001,477923.09579560277
217700,291094.3188371109
183000,180420.1034297016
245800.00000000003,190195.02987439162
129200,135564.11555573493
60400,68260.54596667296
67500,81981.89374387843
295200,297702.52593128604
192600,204881.5199968729
150600,163678.4088662785
125700,149352.40074698513
63400,73874.53322234067
151300,144184.86521811466
245600,307830.2034749797
500001,474646.5165634035
165500,192629.5693940365
113500,119532.06576751596
322200,387307.6718580778
362500,451054.2565127624
69600,78618.57774981763
156100,150263.85924889357
87500,125834.24692106014
193100,212692.3911453762
218000.00000000003,214107.27080390928
101800,90014.32622905092
129100,130954.19432726907
156300,119525.23803954953
183200,160855.39024725885
148100,144455.35958526796
500001,503729.8748172478
222100,356392.8940082966
167600,184453.26404045016
184500,204390.43412335098
370000,409368.9057859025
239400,242623.4735272688
166700,160493.12866272614
233300.00000000003,210203.31756770078
240000,251782.87030937866
91300,100117.89579479273
483500,466522.0791310307
150500,165194.97006715636
99500,156748.16084320864
240200,212398.73758980553
95500,108749.52521288556
500001,502269.64782560844
251600,233455.88555842734
120800,115409.38197252504
135700,117015.77247045973
225400,209628.23041258368
500001,457637.2813501556
85100,104950.46390834714
500001,437994.8831513871
164800,142415.21221196075
111600,153742.1810028569
161000,148771.76686178244
213700,172603.65985390617
116500,117703.22729736251
350000,295386.9920000853
159900,190436.04157128357
438300,321731.60219846794
171100,199845.72384608275
271100,297229.29934507096
500001,317063.53019290697
68000,89993.36768144171
191700,199640.64805713043
255900.00000000003,271465.3709003412
112500,153487.8080682472
182200,156156.34279458653
347600,316512.4651339417
332000,300204.2818065862
110900,128581.00226351433
211900.00000000003,213475.83371437594
262500,241612.19330778506
237900,228778.91606441484
90000,94010.44952882046
427200,418559.7908969288
370500,406050.29664674995
116300,113261.39957654802
170800,159608.32334493982
285500,305270.48648142663
111500,132189.73008327966
83200,111549.10275622083
248200.00000000003,253589.4937294822
395500,364820.29232306447
218300,225352.49759552834
500001,496788.96182371513
88900,96555.54479596215
181000,158730.22744486565
280900,358679.6746897385
345300,304841.68981889234
181000,198080.30390142548
192200,229522.12600463923
78100,76719.86552050602
75000,96359.47535349759
433300,434622.2509811485
160100,167589.02812285256
109200,137679.4692297256
96200,128231.95136133117
191400,146494.66985417297
360000,157202.03452635487
185600,220299.1708688782
118800,108080.50168820012
122700,106634.34923171003
206300.00000000003,186758.6916490148
195600,131422.57117043078
75600,97113.77669440355
104300,102825.0310984201
385900,455161.3483187244
113900,122729.14024328197
79400,99268.87661057156
81300,72952.69214228528
129200,202422.61870072738
73500,94195.29740211065
175900,156916.0754695568
142400,160606.1141281333
234100.00000000003,258472.8551623076
286700,318937.69100642885
92500,115051.3666121417
170100,171192.0748182088
161800,157145.61479677158
225300,252790.24706810692
170600,152494.95184089022
319400,311719.6699842872
95800,100123.13555585012
73400,83911.8029826129
93600,79743.07236514412
51700,53444.66086078997
358700,388264.0102524622
64700,54931.65611690456
344200,322765.82855139073
314000,359626.1075796747
185700,244079.41403816536
279300,258832.44494619046
119400,190077.59981133338
280400,289673.13924556185
187100,240283.36881708022
83800,84078.62192965865
309300,249536.87326151942
229200,294463.6479601678
245000.00000000003,235894.9283830092
227600,263057.45077905216
500001,481970.92167316325
320800,262143.4081890955
147300,149450.39198961563
162300,194142.84511579573
265900,287692.06941907125
500001,490193.61793411884
189100,218297.36336637102
316400,375581.2596157933
181900,173188.3478008285
261500.00000000003,304194.65949262574
69000,61312.97895840351
181300,217308.11785484105
293000,296199.37894020876
111100,124358.10234067675
218300,270793.9500031536
147200,142300.47891621024
243800.00000000003,228834.99656041007
223000,212894.82249838402
137500,196447.3697448884
60600,71253.95398538969
275000,180580.3486428627
350000,286413.7134045927
171200,143058.41758336325
83500,110378.13304191508
225000,277114.52868803835
165600,200316.28120779217
152000,168489.15005111886
192000,239309.503396374
254200,286548.1148514629
150000,105806.16829371452
212500,230302.650345482
80400,72907.05772344307
206500,218501.32486837188
331100,359512.3011364489
201400,230596.2717375321
188400,187623.34778843803
195400,207975.72474678163
442500,440351.4989403206
152700,167716.71064790647
500001,495445.9839793358
239800,255907.84554689075
159400,113240.29854155195
91800,106767.74795999413
240900,250965.66152013163
136400,139620.8173406187
103600,101272.31826248382
132500,150279.8108469151
292900,304621.1156351818
62800,119617.46751724128
112100,113811.10962043112
89100,88019.89999812361
120700,147218.5765463243
471400.00000000006,406367.973556786
314700,385254.08751123684
226400,234266.88303401315
409700.00000000006,303243.5848392131
149000,122181.89403859098
171700,231757.37741672772
235500,305406.6067584033
322800,300329.4950872034
244500,269955.93419668364
162200,172810.52330775408
340900,356749.9748265385
57399.99999999999,46484.274946614176
198900,202007.0326827151
109700,157612.32531586458
137500,112472.47662859438
85700,104188.24792423239
98300,83614.32933483567
178200,173607.28441533571
137500,368015.7141074684
275000,290121.5433508349
381500,325805.9211036474
500001,487815.2800430579
500001,526832.9713143872
179200,172262.87886543124
204500,208318.33375338503
394100,419870.63272718724
184400,193056.37720098038
174000,144610.53459240997
80700,106994.81023312031
189600,161846.468441838
60000,88221.01368242998
126600,121848.5643878808
262500,240785.9026963499
139200,145272.20121809514
51300,60779.390508547396
229200,255053.65416203087
101100,146070.68101061997
97700,95392.16762350839
158300,145784.52624711322
349100,351198.25105375244
85500,116125.38167122031
214100,236014.42750057307
227100,243338.33450974425
155700,147173.414030014
66800,77671.6414864032
207300,205901.8252692188
222800.00000000003,205832.8296252956
354500,378077.76366233756
340500,365415.96608746354
52900,64938.511070864195
140600,166734.2196181949
150800,184680.3992271985
56100.00000000001,74265.98141994777
259600,269234.5446848565
318900,304833.7982853535
148400,210932.89201546588
289900,239241.38876971722
161800,214703.9473487567
255000,229637.10067923495
87500,155100.29345633808
245000.00000000003,305460.92048685485
305000,315506.4033331766
215000,290366.28018140397
249000.00000000003,284728.0251379747
500001,496541.3578587258
320000,281358.57625093276
174000,190094.7694782202
292500,252881.31761774016
500001,495043.13982729206
289900,295038.3693807654
438400.00000000006,362057.37978210347
182000,186799.14066714759
170500,196328.28585865276
69200,77531.54179485451
95600,118698.62739689772
272800,314897.5198458815
81300,164794.65404091222
272400,261633.90855562844
152600,126969.4240059721
55900.00000000001,77213.14413263288
213500,224851.39139442486
331300,191273.60521288615
201800,190930.96051970223
57099.99999999999,67931.48292903643
331800,393768.43247038673
365900,247334.59540576203
127500,103621.24980753244
111800,94083.20802853083
353700,296617.58167587925
229300.00000000003,255899.3893650353
87500,91998.65922893693
237500,267608.5537519682
113300,88623.96184121788
112500,108184.46067179106
138500,128643.41794953779
307400,339545.12551585404
100900,128446.24108759142
97800,95627.26050762272
176700,196097.2777428212
218000.00000000003,181660.53543425084
290600,245484.58127949652
157700,173148.1948858241
348000,359452.9655015442
67200,75402.25445683577
260400,224867.61226623718
123600,117232.82112391222
67500,58897.3848583635
130700,155150.41664357917
66000,71215.61875796324
166600,160760.59863330418
225600,196884.14430013383
257100.00000000003,212269.82749368838
500001,484731.8300031884
113900,132992.3573084756
91000,124687.85392648276
217400,218525.69359617855
96000,112993.03749110494
129200,136664.49979354505
350200,326989.6714403845
442100,485220.2158508747
222900,146822.09624870477
81300,72639.96910824209
160600,167314.39643238895
500001,366741.1164059994
341200,362776.61299771455
287900,301503.90651043423
344700,462322.1647285266
180000,188154.03395736546
167800,198785.2260301419
55000.00000000001,90660.87104565545
50800,51168.01346305605
142600,219556.30237218228
235800,220129.7315992826
112700,119917.86679399811
210200,200821.24316711392
210700.00000000003,125563.16685905357
65400,61562.866522392884
162500,151616.4923969474
150300,163024.15756370683
500001,557603.7729022291
101400,110615.07796226614
221800,249442.7994025771
260300.00000000003,280862.34382846905
178800,181550.18492667927
170400,155277.43283382565
319400,327077.8905552487
190600,155562.4142890919
184100,218549.8628919021
191100,188779.73255552814
149600,200484.397695791
500001,471297.6453020096
183400,191999.55631376104
444100,413509.8620491001
242700,255192.06954560668
76200,95817.46908405465
132900,129849.01626418973
409800,275943.6840396342
112500,134675.97595855585
376600,334079.8110786534
50500,99805.68387647509
500001,391304.91192769323
209500.00000000003,189980.8305323341
77800,80441.60199107412
299700,284304.36014350137
375000,227984.7000860742
156500,117395.04651349726
240000,248937.73469893457
77200,76659.73542111176
98500,85418.0807201861
500001,400213.7700755382
110400,162307.03438047398
86400,124034.41883964498
230400,212422.56491815284
163900,204304.8081618217
500001,485381.6609111668
49500,69720.04832304429
107400,129113.52208871247
362500,191785.50439802825
145000,138119.89018406876
218500,251927.98267301777
130100,147201.72715465014
146000,158941.31529568302
152500,103691.20877344695
457200,460740.41096022824
165200,178205.9663144122
394700,365915.4703551153
144400,149019.73527899614
136600,113359.08606584194
216400.00000000003,183260.33841698343
139000,136333.18010253296
103800,92371.5051426251
488500,392311.6076365157
227100,234287.61779325805
238000,227749.92794565903
215600,287244.2818859446
292300,329139.326014216
145900,128728.56225699346
187300,216286.93763951922
185400,163976.27785412938
280000,215658.45133336858
141100,124081.20336252566
190900,186152.94840953583
262500,185427.82824186812
442000,430296.942844252
274800,296220.8338615426
85500,87797.89219400886
231800,251236.26314494174
302000,284434.2921229193
235800,274181.22290295927
72200,103856.44507694757
182400,178797.33292820046
500001,472944.79724576575
78700,72204.9622552924
181300,218912.37107763937
198000,215419.3729078966
199600,192182.1907770506
63300,94385.51136676791
94000,112214.56438023318
186800,196430.5363217634
117000,125503.85165745347
117800,126162.334937569
121000,137734.9883003505
230900.00000000003,218757.27186746348
427300,431331.7031405188
128100,147041.71418310958
384700,307032.4380076696
290400,287778.21602588997
91300,137405.30886514773
61900,77787.53166547707
232200,251298.65799966475
129600,129408.4757912806
127500,112683.17483008507
150500,166282.43765478753
187500,132205.70239351504
437900,471860.4053754981
126500,149005.90930445728
453400,475142.9851426223
229400,221487.48287007905
364900,357210.5724758397
191900,206704.7703669293
87500,190101.05144977965
30000,90589.61021878554
335700,279104.5979858119
242100,245562.0767347795
173700,204289.12394182477
54100.00000000001,48367.24560669954
207800,231292.9061285683
112500,77224.26841194014
166700,183228.37605381652
271800,278515.19561092166
141100,143757.65511626145
375000,224794.10385366462
161600,141921.46551994205
159400,183789.91294948172
86300,98753.77636358104
256300.00000000003,229553.06277986467
213200,221465.29459800647
254100,231532.43584551642
132600,139972.020582756
169300,195193.95784211837
347700,363717.781848616
159700,159803.93773741767
90900,185773.85413463344
290500,266535.7522408686
189900,242709.58616577223
495600.00000000006,520962.2261537781
333300,363240.71437998227
183800,177795.61233441168
189000,173154.29379961474
157500,127038.3316114586
66600,60154.13831500724
132400,157666.4195609182
156000,170040.20669700572
348100,299814.4354847964
226400,252786.8899243977
74200,100754.48383404827
158300,208084.43280895392
500001,513675.78670257295
165500,188008.51904406125
329500,280204.4708316389
139600,152751.928775287
152900,148991.7591091739
367300,305023.0833594069
70000,81681.5265385282
97400,126420.15846248376
65900,87208.89392183101
49300,47775.29911708499
154100,159944.18691359906
272800,197060.40978639387
247100,263745.9462977471
268800,201572.54339813563
247600,212944.87126456283
416800,372649.2846012469
121600,113197.18328502525
171700,152449.7237518976
173800,248134.3150809152
235600,298903.8591287661
260100,281706.0833303218
200000,216567.67673704267
296600,255752.12119781793
374600,246310.88463273735
177800,194733.17717186824
269500,293731.0953722517
62000,88700.84664681762
197600,199538.80461690313
52700,63686.52807036908
191400,185676.58378741404
317700,327932.19299420685
329400,260938.26929349056
330700,386568.29512877064
187400,210183.22247643291
286500,209716.9995522317
500001,188853.56429085243
133900,178213.70134046662
199800,207650.77810164358
45000,82719.48942407292
354600,336764.25383708865
263800,301558.9394204126
278400,221057.81808327266
160400,161274.8654180489
241300,264135.7443183564
208300.00000000003,171119.22090709987
263600,279829.5374595036
145000,156716.17556391386
132500,147534.1647273314
183800,198598.8982778183
81100,85524.57326722935
176500,189577.0817251504
255500.00000000003,236134.24761339935
166100,212118.2426875329
102000,140213.6368748208
86100,84522.23240064997
100600,88727.99707851213
500000,402455.80595423887
209900.00000000003,249088.31914177627
52500,62629.30651645294
262900,224681.55848370178
158800,128168.70692490254
209500.00000000003,155270.45354694824
350000,226994.41641723242
217100,207038.90874269936
141400,133388.5954065283
93400,101408.68661067597
198200,171108.68523379232
187200,183781.41987592162
185300,162759.64938423186
500001,437703.22807881224
281300,190715.1818884717
103600,118687.4393148993
287900,324189.32044131466
208300.00000000003,204696.78901645247
175000,236101.17528420588
132700,101664.38646902304
172000,170558.93571161287
500001,469546.10661552474
64000,61968.03285780967
227900,209438.1077050948
63100,66302.96086158883
84100,96054.21389132025
339200,281558.9335245894
156300,98108.827787101
383600,391230.0927364371
137100,137431.01520694088
56799.99999999999,72561.94312875856
70000,87691.36685493053
96300,71898.78233266156
92600,136611.9596968888
359100,325442.70626364514
158700,174157.68371807848
500001,462408.7026190295
114600,182689.00218255262
410200.00000000006,374297.2549006718
281900,236785.91459266652
101700,99533.91480313831
169300,191301.4852766176
207800,190953.96115930978
327200,381108.99187166174
277900,280577.0240767564
111400,104928.09755686943
80600,93795.94044212373
207500.00000000003,222220.16511894748
275300,230499.92377854555
421000,362248.12053181697
128800,142646.2684373147
313900,328080.05860213866
67600,82815.43173281685
64400,81594.6326987774
153900,147337.43422500012
130700,138866.42026223
238500,286731.83096260903
379600,422635.8384814488
146500,161540.8360674621
150300,183007.31068835646
80300,151839.777268752
293300,142698.3198563514
288000,300731.40491971624
144100,183415.2452144799
127000,135183.40979531503
152100,189818.79052034442
156800,144208.06912541945
104900,107793.12404882869
500001,506058.3255168473
134400,145631.70162354052
500001,513028.1024232822
272800,297110.47512977594
151600,86510.41378052681
362600,336425.45193708857
169200,208233.92589077397
140400,181732.40835818677
43700,50259.26373843824
136000,201217.22569260205
264400,260899.32115937513
152200,181521.055134203
137500,255096.14782482423
214700,187733.17749066264
170900,198621.88149093863
236200,240632.3349202497
297800,265865.4835049576
88500,119751.13622207475
127600,110576.00063900663
80200,88456.32482873843
306000,319353.7176539313
436400,244963.9995893801
238900,247261.83767565645
231700.00000000003,330419.0883168214
122900,145338.26809888828
218200,228344.8749022222
397000,463390.5783584159
260300.00000000003,175004.67346689478
435700,376640.03252399067
164000,167298.33414458716
440500,324714.0822765241
85400,96415.09067611261
101900,99827.6325218107
159400,227696.12307142778
190300,246329.30918914257
100000,85852.10796571114
139600,155678.64472781777
500001,497398.92733364983
154500,247868.80424347456
170500,183715.81301630833
110600,102763.7587615498
191200,251752.76301549666
287200,339514.4899214793
150100,136687.72999875824
238300,244771.2310888732
154200,175303.28861618324
280500,235884.82889795912
161900,173614.14020945973
265600,301530.9605201125
122700,129787.65444583251
231200,233683.4983240401
319100,301575.39067620906
231300.00000000003,223612.55027979554
500001,493012.129001066
121200,129302.09006779507
222500,221967.99174193828
450000,289808.9353936849
102100,106874.8470457048
201200,190740.4338941903
104200,127768.49244847507
500001,514430.4055831373
132000,134039.3243820622
221100,213863.3156618648
151600,116247.13279441159
146900,168966.78080905668
151200,161055.93047079942
165100,166424.4824683817
213600,267992.9353408526
213500,232449.7326975753
500001,411458.4225785876
438000,348899.89473969996
183800,208191.30408212982
350000,406750.7064281164
159300,116110.33755717448
129100,136490.1976241488
76600,62568.65869865271
225000,190353.16513086652
230800,207010.141434704
431800,411732.6889315381
191000,235385.75141443533
84700,107973.02825234031
152500,157615.00843489615
67600,64776.81419838646
198200,188900.69198456538
306300,228439.254084742
122100,123208.48749115804
276100,215129.601316599
103000,108876.20046080695
409100,296950.78385537997
135200,145159.92931154004
121600,128582.51520643492
182800,171292.21200260473
228000,205145.7896267575
110000,103574.1749405195
111200,101091.01964393407
84700,82857.1616227658
447300,472973.2499638165
88300,88241.80469675855
87100,74391.98421448597
187500,190824.0126218256
146900,167247.98364702828
103100,103088.91646409011
343700,371234.99111835373
98200,111785.68110556535
262500,151224.85395074368
77400,93541.94773935965
135100,141527.30155576675
134700,177184.37935241056
231300.00000000003,176955.91692789138
158600,152187.9511326538
101600,95185.96732573243
122000,143465.78820567913
380000,374710.78542762925
189400,159495.57902638137
440000.00000000006,338300.8815086845
70000,80814.92769853523
70000,72960.89720154686
333500,348637.03684877476
101800,121243.7284608259
500001,513917.43903911463
360500,353502.5753456428
169500,191618.7440062554
205600,171593.46804185826
166300,182098.84252902813
32500,99166.48610072136
362700,295560.2510746294
174500,133384.9763194775
197600,188769.77020127978
183000,203108.51298614935
158300,166340.44400245912
100200,132267.40801105506
87500,78411.73248314878
461100,382229.50655601424
190200,264923.6427098663
232300,212683.71096062684
221600.00000000003,250522.92570057802
226900,184090.5581193146
224200,242852.0995059043
119800,116337.60049850163
78200,83525.49524434096
165100,127549.08590446567
213900,261588.34066611933
69700,86356.1503534375
105800,129555.43232876774
75000,103051.56727773961
91700,110488.15143340673
269500,288903.1435400219
68200,56392.22240169649
165800,173158.65149121726
154600,175363.05698760506
472700.00000000006,408065.225597673
345900,408034.6974436501
230700,229048.36571505308
300000,229977.7108380818
249400.00000000003,211422.24167799274
435700,409428.2200503463
225800,248026.31980191098
175000,184958.79564817256
178400,134787.60578812257
276000,215605.3507811213
115900,108105.56147041205
214300,94465.62097188093
118300,86761.4453587134
500001,322012.59613867354
152100,164452.19808021557
140400,152764.82575478675
222600,223787.35139747697
444500,328075.4587228663
500000,436037.8552969091
163300,140542.37601677913
193800,208106.7667621315
90500,103190.94137248432
115200,125838.32296135035
147000,114618.94918820637
273900,260395.18331411362
190900,173933.60069247766
74800,77694.34037962278
500001,306255.5661833482
118500,135073.8297078941
500001,245517.39942220008
55000.00000000001,168950.14866671586
58399.99999999999,79021.49661532618
95800,132725.39245898754
99200,125538.2557556188
167400,214272.66874032692
70500,73118.93197243215
67500,76743.03862950472
75700,93201.47831740482
183000,184481.6244708694
500001,493467.3807125856
97300,98715.90738591715
230000,269328.8372512751
82900,121149.8385296454
52200,65092.37822830597
114800,115965.51170564257
88000,85855.40979903021
224200,164440.38868071986
150000,145777.28465249378
341700,329437.3893678418
181700,202089.0003307245
140600,205917.1771627615
72700,76314.14348485979
210900,228082.617300007
97700,129145.32966042928
109700,116321.67940179442
165600,195918.41130110295
230600,213505.80151059505
163800,204387.930968754
95800,125845.86823591254
48100,57565.3424123139
44400,44765.701505941026
237900,225236.12248870346
284800,379425.9020339328
164800,157639.70079114605
200000,157309.466554206
77800,82916.36267251373
186000,193306.7148451491
169700,155492.81696235776
418800,228929.2251215396
73300,91520.23812838196
87000,105986.41068381493
168200,193018.50429118465
154300,155794.05548160535
225000,318598.8689319079
333000,291655.0344025833
225900,225645.09856156507
138100,166910.94657121363
112700,100090.58929485054
231600,240180.30440360823
419100,287302.7557070112
221100,205587.2594706734
155400,152849.5841891933
151700,153923.74985916726
248900,242343.04069036123
153200,131336.4634308697
126500,124907.0609546751
240000,244908.273489614
186100,198608.0447042989
500001,430517.9939263155
181600,196016.70571881
178100,246220.02928578906
69200,68342.24186316688
66800,72490.46456538788
500001,501975.99621888064
181300,185574.2141245511
396400,456741.9513997313
187500,225690.3427130026
297900,272430.07135235297
345400,398885.53028916405
245100,275117.67008206807
105500,109589.46086100474
101100,65162.00316220986
141700,188753.98718740133
430900,375786.74536463356
286300,243298.10854058736
113000,90929.08628589049
466700,423607.22747210483
168600,174169.83145728186
360500,330103.24971282267
256400,247611.39839305275
113900,144959.20045121518
350400,414561.05275686155
209100.00000000003,211276.77618713558
131500,171418.84752295676
216700,250334.96682285535
101300,94885.25101557093
202800,226632.15082417827
117600,140563.05124294222
292600,284112.1467615434
500001,508722.8763408022
130300,125178.07994983261
92400,61364.6418467751
112500,113169.46563212268
154200,174381.11019770076
104000,85056.22922374385
121600,216158.68299326935
206300.00000000003,182646.04738055167
108300,145819.5794629992
349400,347783.51805488754
83300,89096.22815353691
245800.00000000003,275285.1017915253
91500,189104.10741948712
500001,494542.0441270915
500001,334550.24522897264
190500,164620.11222098008
108300,90255.79869640297
89600,100860.36096021434
500001,493190.9446224743
94600,135873.9406661624
67500,260405.19017877043
177500,198127.16475444162
261300,266816.2036494948
500001,345208.3385477943
168400,201625.06834175647
245300,271839.7479672299
240000,312143.9221525777
156500,122782.14219575502
500001,301888.75197478506
235600,261297.38445571414
185600,180928.92429369251
316700,199669.02102802985
118800,100715.99991998452
248500,230351.0300235413
236500.00000000003,264507.85651668377
94600,93494.84948665762
176800,159850.86861353673
148600,187454.855219558
195300,170361.98371984155
215900,199902.30824947957
126600,150216.17780874207
173900,198758.48328312006
183000,221557.3512098387
74300,121546.09148571083
224700,198684.6451924611
101600,78911.48871887484
391000,358993.3264088077
265000,183713.73682546482
500001,488315.85010085645
186500,210977.37211745966
78000,86660.84162060077
80800,96182.07548970965
189600,219860.3272256551
199200,277942.87504466524
189600,216945.50551344722
160000,166295.74464843172
375300,344761.4214167961
166700,133980.64782652233
215600,228609.26466444408
228600,211245.85395064272
171300,155402.91798951072
431000,415864.9227651707
275100,247480.4286847141
276800,294753.585553835
46300,51781.050208866596
144000,128476.1150394484
94300,80608.0036702495
157600,139347.17409156702
194500,207333.97874140186
351100,259282.3363105222
453400,374691.1229478019
224600,211723.70306188375
155600,154397.07026401695
242000,412187.9827011685
70000,82990.10744390918
71300,118527.82794298904
66800,89924.83993976006
153100,234012.5974613926
137500,178557.13168421152
230400,235586.8574176928
242200.00000000003,275267.40049962385
301900,250662.79719968946
415800.00000000006,322957.6622230658
156500,173050.99953905444
78600,86966.15665524527
441400,431771.9801519875
184300,189731.7699800738
276500,332180.6454193386
232800,179081.10137956424
60400,86696.55927357779
224100,207418.536554736
439000,331959.1124590698
123100,105530.04757052168
255700,306688.86547059333
57599.99999999999,69550.99228303609
199800,199717.3458968207
51300,62826.05269414357
348200,350699.8187431995
362800,363607.36190117046
240300,252664.76269087652
73600,83961.71317841738
172600,185784.26628251982
229000,240614.83422290304
166300,179921.94518509798
83300,99524.17553812744
500001,497751.729359833
332900,301719.45069654426
54300.00000000001,55361.774565166146
241700,268036.8020249707
387500,403178.43168237084
136400,201216.9357744875
98300,153415.3958826154
176000,239203.14205738777
63000,63023.495859296636
236900.00000000003,226894.7403886705
97200,147354.92879669
220000.00000000003,240274.2033752368
105800,107591.9024367845
270900,277711.56043869554
99400,102111.14929725442
166300,174604.475713784
143800,136965.7807117084
140600,148028.93892652044
330900,312015.81176993146
156900,231427.24544407043
500001,521680.13010093494
162500,154962.01286810596
124800,137063.62635587013
216100,170746.50106972887
171400,176302.17938432566
325600,397719.6645812834
109800,114011.01162274973
276200,275949.35487552756
129900,153911.309380279
292300,281886.3178905033
341500,341672.33307358256
66800,59324.33066279941
238800,222497.3094202268
77400,113005.61721363696
82400,89828.68783840563
359900,376922.59067394707
465700,443119.2062654383
214000,233243.20880330342
107100,89756.81969079733
157800,183543.24774804985
119300,147078.33693686
232900.00000000003,250179.97928518598
179500,201226.5877768624
70100,73588.33137419555
55000.00000000001,193436.10451064433
65900,62981.43548705943
99600,100822.38601318361
500001,497597.8390694997
164100,213567.70344305746
77000,96255.23479774129
140300,147719.95682440905
172900,140843.6535840414
500001,347423.60065134306
314300,293438.09451360384
500001,437657.0498149243
500001,508720.5102252132
143000,152016.06978529063
280600,293792.1975416004
375000,342997.61268893076
137500,179342.14806588716
337100,311550.90901654324
128000,143665.27940094817
185400,207885.15021636256
63000,62264.055662693936
109500,128590.94139270505
400000,222827.6759191466
151900,265867.7427417215
56299.99999999999,51465.888066108135
102500,81498.04788631054
225000,277424.681827124
145500,185677.6930229776
363100,277297.0110474673
249000.00000000003,182667.7831605031
415300,378168.99843806686
267400,199009.65148171023
75000,80905.93290291689
250000,245183.8208547616
161800,149001.9541318489
97500,84275.65730222718
111500,142447.96840333633
87300,95320.25591682373
272900,296326.08582657325
124400,112010.23867248317
228700,346333.7507488079
229500,221735.2665236712
162500,162429.0431437164
80000,135682.2854463888
118800,121823.15110574101
244200.00000000003,320914.9227586089
187500,188690.05923167276
246000,227379.74320053574
102600,118418.70004719702
116700,95416.8129191873
137500,168783.51386294526
171900,307940.9492041496
103100,121940.31719923552
239100,253027.38479551076
194000,209296.06691493397
219900,237925.54148959467
380000,443662.8578754055
155700,158740.28210494042
89900,89587.13578357888
89300,119625.7114482468
55000.00000000001,78855.30676434221
49800,48375.82616837065
146400,147257.15421218367
278000,291624.6510799262
288700,324283.99454264203
129200,151333.8896146194
221600.00000000003,226457.80299877372
85600,144291.78555770323
160400,151189.8154885985
57599.99999999999,79112.91658896494
348500,344669.4571219692
199400,239112.98135603755
97100,116359.41677429219
58099.99999999999,65414.971744446586
301000,311809.82216530165
74200,153739.9343451845
249400.00000000003,397091.13252957055
267000,287171.31282965775
119900,115366.90128708155
77700,62344.31193974761
143400,127049.97297345151
61200,66337.58970108413
206800,179906.63622996406
328200,243541.84602191302
360600,340240.6914579923
107800,132271.2837105978
51500,48437.07167622925
67500,97613.79624100453
184100,166124.06518033711
200000,124581.94713614696
354000,292606.6508931787
393800,351176.88581843855
132100,133156.27711459823
306500,288876.19378468476
134900,108396.64947174407
319300,351678.7020818517
303900,302428.48024328204
350000,143263.19571186908
231200,260024.76716699294
131300,133818.6277942797
120800,139057.35443518098
135200,137652.18884990987
68900,74550.2376308413
425000,289494.80859961093
160500,168405.4670857618
151000,159511.19811707322
349500,431503.2554248779
60200,60251.486808338756
396400,328513.9654762131
278500,361391.49599899695
239300,148880.14250800898
224900,255621.8319999833
91300,106768.09817629028
111400,135728.58333936855
150800,140368.95252144735
64700,47708.54318340901
358800,343334.76924593997
232800,182164.57441635418
54400.00000000001,56426.45106500087
98200,102269.55643378863
225800,210735.12565894093
116100,133923.27597122276
196400,280546.1500840713
123200,72727.45861953178
156400,224077.01990324
166800,177804.27754048034
215900,242729.95866027576
117300,148348.41109785176
243200,215883.41083967782
72900,98375.75622857208
191700,207243.15610100873
60000,279822.6137984567
195400,191623.11039537867
111600,157010.67514427126
268500,236457.34518553413
260000,258134.6864323975
89400,119951.18176044298
235200,301321.33571319235
386100,329205.26271420403
187500,156369.16254914706
223400,253187.2510980067
120300,148231.0784167153
135800,129625.65739644789
307400,273759.54136517644
326800,271176.4835956776
70300,136778.78351063156
68200,89011.05167892201
114600,112778.20998212502
177200,211745.1036317216
81900,105360.90199182444
90600,105414.1547861851
56799.99999999999,62056.05917965831
323800,318881.8558108059
244400,131460.7296736587
144300,136811.100024936
164200,161328.94927326837
237600,262068.53743800372
243000.00000000003,226252.3614710579
83300,104169.1350811845
87500,121934.92142402646
131700,129274.82345565785
47000,54719.73609786417
195300,215227.47767705942
184100,229821.11688649724
128800,106853.01647458148
118200,112203.3780892243
212800,194640.72060514364
141300,141467.46637878232
227100,209768.1077568765
80800,203930.72561778023
201300,194889.87417254166
183300,187043.18184047964
155000,169537.86973068933
143800,185835.54412770813
137500,272144.3033910355
280100,216345.4895498573
245900,259085.07694539422
243600,283277.79586999526
103000,134798.80865974058
103800,93556.30881953443
235900,217541.41852078456
161900,168441.08465495656
394400,427615.99726828554
145800,87290.45903297741
184800,153552.39035590735
242300,245367.68831334167
335500,228377.90128805628
165500,132861.39999355737
204800,273649.543285218
159700,141209.58457557333
169100,148089.3829478338
478600,269106.04909283074
258900,227400.46920121185
324000,324318.41728019516
103100,104523.18055513204
138100,174040.79548832783
91600,109300.83798269047
228900.00000000003,264823.24534976046
138800,139342.27470680475
252200,244183.88903160242
420300.00000000006,447823.0074748361
243600,219838.01152239836
142100,173174.21373656156
67500,74777.81198565153
92800,112965.65296439188
190800,238023.2195541047
223900,206048.1878789471
143400,170420.7110500967
132700,130622.14440921943
99000,92493.53411665636
67700,68750.83372549101
227400,243035.54809482206
228600,246017.96394242087
135800,139313.78108038937
362100,364882.1042727049
281300,336356.9834347009
500001,502747.20396770176
90600,120762.03502892487
66300,95747.77794595723
150200,141425.4711158305
170300,165583.19474055216
99300,107947.97921328938
322900,427664.3813177134
213200,157561.48070210923
217000,235192.10560441113
267900,200795.5516431099
206300.00000000003,215997.5326409032
376800,308476.77765853726
87500,83488.78075428883
304700,267256.4124026752
460200.00000000006,373815.3560509327
128500,110346.76003603358
284600,386865.30287943035
119600,132302.95195245193
208600,199813.73984021033
117500,260789.2315754156
66900,59574.01144985137
204800,175371.64837802906
74600,103298.81367448492
109100,132632.91947180885
114300,147793.84175180405
308300,307164.1998067524
113000,104033.86450521124
91700,72154.25414843668
134200,126149.99969774275
425000,387011.9028661294
53900,63225.03420864322
310600,225246.58517180476
241700,418338.3612209433
226800,231294.94198379683
100800,102231.0263104126
238000,221775.20022447663
245500,224775.063914649
156500,152897.97147891787
115600,210505.85060278396
66400,76208.0723929424
58800,56812.87831264827
223600.00000000003,215227.3808962555
169300,155387.4780930411
166700,154561.11285233148
225000,232598.92947694528
72600,80262.30431153461
160300,168128.13067553804
147500,125115.86378032702
91200,185398.5887673237
208300.00000000003,119540.4056174707
335300,358908.18485109496
57999.99999999999,91552.83816624299
226500,217400.9014138382
345200,334859.3554337832
106800,97882.79609027934
500001,231651.9397498162
275000,251132.07652324176
95800,127798.98725962115
97200,139431.52976741327
155000,126887.58108604839
400000,352676.1019916529
500001,321270.4950108579
304300,273762.1946447592
359200,356514.67649660236
144700,150629.520219618
352800,386322.8564040048
355600,318240.9264718452
99100,122207.02332544255
250400,235031.12516135862
105600,106109.05693890584
500001,501520.07155936956
162000,180994.77846428915
272200,297529.21064465336
245900,273006.05326724105
183300,180890.54647792806
220700,282890.99452815973
161000,182602.2188777987
303900,321959.91163187387
266200,258147.8643900704
90100,133430.61388880844
87500,125344.89410207921
209400,165551.38648758107
188700,217797.12420190807
101400,117647.31623606145
387500,371550.44426439697
359100,318454.154213837
327300,326451.3531928437
279200,294886.390007763
233600,248085.709038793
163500,206990.45648035352
124200,208992.2585440435
450000,425192.64541534265
111900,109539.97016702252
90800,105183.40527024122
120600,125200.54662824424
483800,446438.81869544694
366700,420458.47716980486
201000,186574.55356009238
333600,321691.20961082575
362500,195424.36159382397
170100,161069.12322067664
246700,246017.13831820874
161200,170896.46050252495
147000,130079.36782963239
117900,160760.61737057508
111300,112436.94811320357
266500,252982.0597093209
113500,113893.92167559148
329100,369888.83230200084
500001,487682.7276457056
236500.00000000003,177647.45098465105
122200,102039.70656209414
81900,107333.60531754079
386400,336186.33143130236
184800,191300.04306147905
160700,184639.08302442433
101600,106448.36628252977
424000,460973.5426139686
262500,217247.51829061893
369400,328852.8874878397
115100,156814.7578691027
281700,207498.3033307409
98100,144597.1129153374
131100,155830.80538268888
251800,220253.0192527962
232700,219032.6783055943
139200,127464.42915841188
71500,88588.12288195657
340500,352606.3762872706
270800,247521.61458594006
155600,176262.5261580728
89200,74273.7228418583
167000,161296.6816849831
103100,98015.75871269689
180500,166085.36695175277
51200,77736.19703734112
204600,208354.3376889526
387200,209801.98627137084
162500,126671.46385602921
120400,129995.81647356928
139700,173619.4447003665
98200,82710.07410149189
269400,266567.29589319316
269100,286941.6004427469
500001,364196.51499078504
49600,73472.86039329872
57999.99999999999,63096.52305020481
65900,70487.45525763641
175400,181099.91677006127
391800,373911.06079672347
280800,291463.4139485887
90700,142412.49257250753
500001,508912.4193871503
92300,98043.638552603
227100,217132.2605311377
162500,150437.32736412078
290900,291199.5878619855
183100,185287.32476554014
283200,300028.4811864493
177400,286363.64935737586
238700,298794.9848452479
321300,300004.40530118387
261500.00000000003,307697.1034741036
99300,131681.57849104854
226100,225894.22613394883
51700,47197.13880474233
156900,156656.9772712669
160900,164687.32221537773
222400.00000000003,280295.14504374826
305200,291760.52363845933
138800,130579.002116933
230700,250695.3479447108
94300,94650.31602038427
97200,95521.42518209446
382100,360805.07116492576
193200,225099.23544492826
209500.00000000003,200512.52473012087
231400,185824.5481439901
89300,111955.53086989188
196100,213239.6166307127
113500,94950.92119703015
178400,245640.94775073885
406500.00000000006,368919.9453508108
228200,214346.2544119034
234800,259561.89393904692
231300.00000000003,195610.1440710931
500001,450108.65839626984
184100,188688.70366679496
213700,228981.83925331236
500001,487826.59224649944
169200,181347.58530647864
232400,238070.37607285878
351700,423584.51333772426
234600,202367.76236824723
112500,309708.4054506135
145200,147287.66096244927
87200,97336.77192505325
53500,96729.80736645956
43800,60626.86493980086
94200,93604.60930093596
218800.00000000003,179756.61799826648
191900,188816.29716424862
132200,201779.8663440665
46800,48902.703664751905
149700,189051.14138286115
126300,136187.5940830215
255900.00000000003,241146.1897131201
94500,99935.40009684395
237100,210388.18320353466
500001,501798.7156285978
87500,104291.44451601253
126600,113839.62486728183
245100,231918.94033748156
157400,191865.8258267987
78400,82446.02399092588
218100,183365.17551512556
350000,228677.7423734218
198400,214417.3832432194
143900,141574.1934583528
337900,395882.16354161047
76300,93651.42564499112
160100,199416.83512657104
130600,131375.53207584057
112500,127475.49911694025
329200,241011.74674596317
233300.00000000003,214050.34450138005
99200,117665.6793605815
197900,190192.8377174967
204100,226844.24119527626
350000,321117.2605746573
62100,55811.36834693384
140400,155180.12417408705
152100,241137.5868641223
130500,91391.11595535817
195100,224314.85286843075
199500,219646.16690847094
137500,103518.8844972349
275000,245331.20153811542
122900,166749.9754575111
109000,124879.6441425462
121700,105924.90774583981
302000,313568.45055734203
241700,222730.04825559325
153200,160276.28742102507
169300,204764.44907944006
358500,420755.02129491867
175000,161609.59758279801
112500,141001.36461237623
376000,425576.2958559866
118800,112844.64856783026
401000,375014.3303622617
107900,95668.80352525025
339700,346393.6324166713
158000,161884.65884078032
468800,367795.7788760485
63100,59406.698535750795
184600,189861.07000265922
189700,224693.8215521439
190900,222999.58238867007
67500,131182.4757328631
85300,98648.075955907
173600,170969.66276817903
129700,113317.01382654383
181000,218052.29636366604
500001,525530.3401167997
376200,425209.4963036242
243000.00000000003,255912.7503412272
148200,141878.62516592778
238100,260695.5055414757
450000,346730.7970253005
240000,247388.393728545
500001,313789.7933358318
274100,288309.62599823234
190100,228035.4494635254
268400,276513.8639331088
349300,254695.45468116726
275700,288768.7535055308
182800,177085.83972442034
500001,468669.58112418203
213200,245019.68725369364
179500,172749.0073947967
138500,151469.63460596668
181300,172417.7108891862
340500,416022.56801994616
225000,220264.97511812949
68300,87369.37865556164
237900,263855.06815056957
149700,161696.87647634684
125800,141950.25117558116
87600,111567.5068927475
125000,146035.89313192957
168800,126968.15086299344
135000,133567.6754321514
86300,99431.30301983107
64900,111797.06886451744
106300,251096.54990243647
285700,277425.0898711255
272400,272018.58314859157
217700,244657.7965168836
91800,101570.51261640049
163000,177234.03520088596
195100,196774.04509990872
32500,121172.40213411773
275300,174859.2740801168
136900,113238.53692529436
194100,161593.35587575636
230200,241204.02139118698
143600,153669.98807844514
39600,70575.58539756101
59800,75184.8886914643
210700.00000000003,231902.53190523104
156300,106093.86502094996
215600,222220.72787264962
177500,184096.31377775775
218900,250403.2153890629
128400,123890.78813564646
190600,162958.09737254732
398300,435006.18835786683
367100,228426.10840150493
122500,140986.4931574158
376100,168335.83135869997
157600,147981.6029457909
178100,198146.54666042895
72400,76605.65696657563
287600,264487.66700885515
175000,154190.50010226388
280800,184380.92907540366
160500,171504.6960336385
158600,145677.69569196244
144300,200751.1874695171
136300,147447.22401315524
218200,211216.52197601076
466400,450283.77168136515
386100,457251.55480993504
251200,246619.99793693895
190400,181820.41190164845
223100,253011.4429452202
361000,259161.52434535968
275000,176080.18437202217
70800,104268.52046641891
460000,303631.4567935466
67500,90491.31848511883
225000,127756.6561194111
176100,168309.90729502396
52400,50676.48416708083
167600,172525.02120575405
99700,114608.52995242903
88900,110575.36525243279
223700,209386.69767769612
180500,195567.97415834886
93200,114455.89115003067
173800,171287.53552580706
490800.00000000006,470421.97784854844
104200,114290.31325766267
276100,265927.40213450143
254700.00000000003,250877.75620860662
212300.00000000003,217506.62842591119
87500,83978.19322805485
94200,86163.36970666917
163500,213414.7816810998
500001,310848.5365195061
125000,188268.39196942083
182300,186058.04103350654
111700,133322.1600656407
146000,190251.69243085332
500001,450585.24659316236
320500,259801.9408448292
48000,49372.21438605066
168800,215119.58797671692
67500,76557.38848356702
173100,176388.5099317538
150000,110883.06464321085
329200,317784.5819969594
141000,145524.84919790388
378000,359243.52701981936
80200,57755.49403857536
203300,228169.0310473057
394900,400436.7958394633
84500,76163.8308945977
327300,352694.70029186783
201200,215393.89832791314
162500,246958.71689991726
266000,295211.0791501433
221200.00000000003,205637.86647041177
176500,190791.7358888322
206300.00000000003,187488.09882024102
500001,450351.7785620273
186700,210756.30742460297
112500,215710.3988913529
90500,82213.42074695826
190800,194387.84227767642
198800,142460.62909314275
165600,202645.90949202556
500001,462448.02429865097
145700,165101.08137912484
91300,100613.12017702972
140400,155298.7798043177
191700,226856.45899919586
61100,70522.97510537667
153000,119833.06392534122
85500,73801.5216430332
164500,180938.96400783618
386200,375082.4642040052
341300,347274.905158503
246400,248292.54614376582
121800,143826.34231770496
132500,125620.47460655063
98000,111868.3770625322
241400.00000000003,190173.64367665752
171300,161468.27129474148
120100,142447.9851175527
500001,519574.3219747918
192700,204838.95951877208
232800,224061.1699447635
191800,218827.41164802195
196300,207675.22747001832
293900,340582.5396240359
84600,94048.7113794145
500001,511732.89915099985
500001,479456.02071323956
107300,143341.86889736893
150000,206430.99866793063
204200,183331.71919723594
268300,265327.3579442108
103500,108846.4561141706
161500,137014.31862712684
222400.00000000003,218433.51889880755
166900,158156.67639865118
229200,249452.63646900054
205900.00000000003,173547.79165337776
95500,63702.232491483526
162500,166337.63695271692
240700,258277.46064527158
82800,91978.01793380732
230200,136314.6321877077
185900,167161.9926865765
105800,118712.42178689614
118800,131979.00462657388
194400,173330.48270074296
183300,181500.76593243756
292500,189752.66758581685
144200,146860.82727443188
500001,370778.6703046328
134200,183447.10854256543
52800,48191.557053354394
188700,180396.3215076757
204000,199124.92614440934
179500,178700.89046597003
98900,104969.98635518811
279900,260579.0457443908
327700,316913.96359653847
208000,208553.39441348784
208300.00000000003,193005.6989484444
112500,223274.09726633242
234700,277934.7531784517
214500,226477.65052269617
338500,380944.9367694552
500001,508049.32421438553
284100,285954.1221560901
500001,473365.92289380095
181300,157959.6045450374
125000,114636.88971397452
412500,289687.4235801814
112500,94467.70899900608
90300,60873.09796607282
96000,122445.81367907896
142500,191055.9899672427
266300,286086.06491463294
165000,159429.82781358442
118000,132206.11998012706
156400,161123.92455928543
426800,483962.4188266745
308600,287195.8406996545
239200,143587.46160285207
109400,99125.51946654152
66600,63930.245114198966
368500,363187.4063852483
330500,312692.36678244156
273600,276043.0794099384
500001,500065.74165199423
321100,399334.50525207154
242600.00000000003,190555.62286869288
231900,269648.5359004647
151400,177451.0108883349
227800,205905.3332089626
380000,378128.0197827928
95200,103299.8343957636
193900,175845.31243793698
260700.00000000003,229132.61823146773
191000,153229.563695694
64900,70161.51879766486
128300,141474.02242520938
189800,289057.79227799963
183300,170939.75589016915
151800,115900.33063138062
257300,207628.99114956593
137500,101131.13778202485
125000,90814.20904948967
218100,158780.2380370438
168100,162435.5798445086
231800,145765.54743568684
149000,109806.4473443851
170300,215498.76204533782
391300,288721.79926488094
282300,368398.5030338333
500001,497700.49907740584
135400,150843.02779866167
328400,321399.0115347788
350000,192742.3852463503
182300,211973.2402444747
500001,494470.41174038395
192000,200591.54597642046
240800,236201.44369254564
175000,190967.86916942438
126400,109843.3760793115
125900,132077.71632887295
194700,224033.68802770515
341800,347684.4542515092
211900.00000000003,173014.2809303447
137500,65063.723653121066
270600,329892.1717731592
172300,180548.9948614718
262100,200599.1927233543
149100,163639.70758642704
339100,235412.722609621
248600.00000000003,233328.88080776745
128700,166834.67752666477
343900,245060.70528203878
175000,164399.75421916562
287500,315110.2378351044
143600,124243.13201052614
346200,292301.7841750475
232200,272357.2612059795
200000,184371.55274484618
241500,276666.6279762651
67500,75424.314600663
191700,170086.84976677
178300,195775.44044622497
178200,170620.09816549253
133200,133170.38539910747
273800,287040.9437470845
152200,164671.22799618944
187100,179811.6330275362
137500,172097.87930427183
110400,120145.07546838828
240600,232550.98645205272
162500,150103.78041293213
83800,122620.52496679244
265600,208458.02669205316
211500.00000000003,227826.59127370702
173400,174791.1367406966
310000,343123.89656916796
99500,116289.21382542622
191400,179496.03893791366
220100,183965.34550603974
167300,182289.8208908994
65000,74369.53212217726
141800,158622.60277100332
290600,309300.0349383911
319200,373227.45134722936
118800,126213.9169746668
200000,223559.39817978084
219500,205427.85364837776
289400,240710.35510791448
116400,141605.15886345875
162300,160729.36483349896
114100,116898.08724712934
71300,68515.67657746666
190500,181142.2113433812
197300,185966.04964979476
72200,64958.535361136564
103300,146500.25230354042
143000,108947.3709668007
244900,212634.10653685388
500001,421829.94979247474
183300,142660.803066889
86100,181795.18160107615
218400.00000000003,255364.4432637924
110800,116644.87555901235
211300,201489.2174480883
338800,321512.7213883628
123100,127521.12633425843
269500,154825.72715402915
321400,302893.46845163143
81900,100983.14871239041
500001,511262.64737736934
304600,369896.8219001722
72900,107855.93789324531
158000,140546.78387197768
62200,64279.63808498038
116300,80656.24223590625
314100,162985.53964314872
362500,281561.0661063229
500001,496557.1870806087
74100,105164.76538372388
150000,137126.93306292593
270000,248748.80529866045
120800,113855.25328797067
250000,147787.82421885108
72200,74979.37810316174
375000,351164.4075377994
239600,245528.23452126374
183300,177624.21729070783
161200,181699.17230895202
251000,237394.157198839
45500,67058.5878834179
178100,209049.97509488233
258900,264664.1069626072
145800,141784.43242903132
84700,76701.20778258867
216700,159824.63839601236
130400,119769.8177224621
158500,151113.03232213052
117800,125904.0057197887
215000,212763.8815713774
268600,275893.57460234687
100000,96738.28114125605
332700,435112.89389689284
186700,180834.67271767833
53000,57076.39035096531
149700,148045.87750670628
345800,320174.1562053676
124500,143508.62593813828
475800,463115.29533407884
500001,452444.66590661276
500001,515031.7706997036
175900,170282.43372231466
183300,252164.1129679249
253100,341215.15214495274
117800,116218.02618002164
143500,152370.8164647627
500001,385066.3900112918
142300,120719.29113081888
121000,131704.49690956628
268800,287418.87975306605
330200,318511.60846714105
121800,158476.26316846174
416900,382376.50415446004
266700,314670.08385986363
189400,193549.43301785903
443600,318591.44485921005
163000,179416.88804385928
382500,303968.7291612405
106300,141181.4877743435
57799.99999999999,82648.74001816082
57499.99999999999,75818.68186998664
238000,280463.29845949344
218900,230607.7029893558
118600,109814.95558812335
309100,368078.05842280237
213200,191282.21343090403
180200,191386.63676899252
470800,398779.1401158136
337200,177217.44855100513
95300,101280.89239529468
103900,119004.10045261771
500001,252285.11243291042
215000,213315.16107498365
189400,211455.93262221775
171400,192067.3099814227
357000,322304.4346456507
196200,199031.28909618178
98500,95587.87641458947
178800,200847.92357078337
226600,262793.9830064353
171400,198059.76599349602
271400,231704.05032723027
216800.00000000003,250738.8576221358
67900,83725.65627887938
171300,149367.39024891608
110900,147001.59564054446
332500,258808.66231979468
150000,129882.77974482998
173400,220559.0483215319
237500,268004.9234341607
65800,74069.99748703206
173100,185289.72356534694
321200,328617.6788615518
265000,356633.9979266341
87500,88124.03304824843
210300.00000000003,220873.6509533188
247800.00000000003,285575.5945638554
375700,401381.23533545266
113700,118501.95165975737
500001,434869.907324888
45600,45357.50661973802
130600,95237.31777671895
198600,209307.44175024112
436700,448118.0786365932
92600,123228.32918769521
150000,164019.50677148532
359900,311812.9220488157
500001,510816.2056464307
93800,78499.28811453904
383300,322696.13229552034
191700,163153.6696488247
267200,256660.9762391226
280200,212182.22948899315
52100,54139.17578049511
110200,117776.21826716444
164600,108759.68259230224
324800,398706.5190331183
122700,140362.4894234839
216700,266180.4443451102
73600,96484.41137582934
254100,268199.4385524431
187500,161860.70519940616
166000,180439.4112857854
157900,177242.70258029754
193800,195245.17795341104
140800,116665.34454957375
95300,87244.39784961115
227000,259818.48467793173
265600,269632.05423849117
90200,128125.30996673695
183200,185569.48394031829
184600,156769.59076465666
162500,169352.42580279932
125000,153383.17523676032
97200,134427.58895103418
355300,315784.74495017715
136200,126275.25711785465
125000,147075.36200365014
305600,300143.08750661055
176600,140767.5275155773
348600,317857.277838243
299200,233987.57267162637
72100,113906.64770174783
109500,145280.53784958817
281100,302278.1009293891
156300,178082.8378088047
234200,243320.8560099602
59700,69441.49011531989
250000,285553.3122596758
203300,257580.0456818617
173100,209086.17531179418
300300,309924.71187298634
238000,251684.14877673963
179000,170941.28996724976
166000,169890.42715020236
160700,178096.20770619364
147500,158896.15568729537
192100,181804.3784837415
56399.99999999999,51262.391523094346
304800,350122.90378778905
439800,395412.83737106307
137500,111834.63165335388
137500,101739.00163918681
134600,159546.27985996683
262500,251276.0128342168
83400,91937.61587736875
113500,109614.39247312298
71400,108934.85499356239
204500,197673.877832098
282400,303158.4700981794
145700,147514.5951714371
264700,287313.1229716707
275000,277420.60084948863
171600,154238.6533948143
216700,264306.07128015487
180700,197359.08158681818
212500,101332.74834761894
167700,210161.4358187951
42500,44016.76375624439
238400,266563.551802154
144000,95742.00572282242
43600,45600.54236775439
363500,310510.96646698995
186200,227039.10612320903
67500,59717.93249744192
159600,259264.63864536607
195600,205800.32476547008
154800,181439.16927328438
450700,448942.33634291636
69900,60087.693542790585
132200,139357.87655995123
328000,360697.55564831814
272800,287170.4309485772
66300,88004.0393429073
129300,129067.84315352127
77100,84753.61801581306
155500,170881.22567594488
126000,155124.22920030926
240300,203437.15571313357
133000,138831.33588739057
94900,123315.17261225783
203900.00000000003,248568.35527440967
61000,133563.6514977958
139200,122724.87860375605
229200,251303.7523401704
260600,345423.8617841614
251100,235526.30605154202
327600,229503.87095348426
167900,179084.85091822696
212000,260289.08017510417
233300.00000000003,211644.65299704045
255400,248678.99971848386
67500,107796.75136935439
162000,273283.2556537384
117200,80320.30956772187
109700,125419.7098002352
275000,107177.00567059586
111800,146652.00562066882
166000,208175.38659892307
92700,89512.12608533913
186000,208760.814021647
97300,109018.97128449121
241300,282728.81163595157
258500,266479.9328684256
138200,158958.3567443356
196100,242765.9524472901
419200,486616.1440344003
138800,139647.41486440983
376600,444145.2919134145
165100,171439.03275697527
181800,214071.91226411454
211800,159139.62401050853
112500,142155.63313252953
144300,126516.77013061079
222000.00000000003,230358.29223089255
53600,57530.82857295875
130800,127481.7810821051
227600,259209.6104651074
275000,297211.22875998955
191900,199340.7306810668
64100,53304.566820821434
68100,81014.52831635467
255200,246155.80523775253
244100,256904.66651355068
337000,271982.28616421967
208300.00000000003,181555.25521204842
500001,496135.86109431315
172100,173558.6180914469
128900,85537.99370339082
144900,103630.95876819699
72000,56327.51322018906
142900,141705.48841941895
436100,308279.9797480899
204200,179637.3024180766
195700,214809.52780255128
90500,112146.78679996973
236100.00000000003,180319.10677146065
186900,180941.14948731402
162500,199575.7856983547
112500,123146.74390716763
57999.99999999999,55970.82012632938
307400,335214.3265012442
353800,462054.466145296
290900,328635.8555122287
358600,313697.71913785976
246200.00000000003,220130.09210827583
72100,110712.12390790353
107500,126924.91701138264
78600,68616.18864467632
187600,198854.07469684177
97900,124126.46503850198
186600,223245.56650347807
196900,177148.61219549776
111500,97450.37659578503
156300,196824.72845979064
218200,266683.60963736544
293500,402174.6492386272
59000,99416.21391851961
162800,142122.5284263023
102900,107558.77608496488
54300.00000000001,97058.26429644706
166300,152800.00402043
152500,181191.0945388638
142600,176035.93293383232
150000,136432.8163466392
84400,85944.46337783661
210000,189568.73620894784
137500,134733.24574045077
350000,323114.2314607781
171900,119873.68928338874
143100,156910.4742539025
452300,390823.1389357461
176000,171270.40339373407
112700,116802.40838724554
68400,86167.34942011794
190700,180297.04127216083
331800,383835.6139315102
184000,208152.96354659175
162500,137971.5686651738
129400,129667.11490787545
172800,135969.78005534693
191100,167891.79506294563
294900,311704.0619136832
188600,191195.84079902116
63800,108003.8343753199
466100,450899.2262904998
186800,209107.3311611008
139300,133696.66901029795
330300,249420.3145183969
284800,305604.3931529144
198800,205120.13246409775
69300,86023.40463189689
145500,166841.5755402239
166200,168546.8563990349
273800,270698.78919679386
149000,135011.34292581945
215400,228420.31021045538
287800,341003.5258255894
406300,257478.08169847535
160300,169575.18153784156
240000,313123.91014176374
60900,78730.59786091374
142300,134477.63959763365
84800,96436.57184109563
205400,215344.9623685052
396800,336526.272541006
135400,164179.90685152056
115400,156884.09291013045
162500,278555.5931058095
425000,257647.7324639861
114300,88674.12630265733
500001,448821.43668454146
500001,479500.33447317296
48700,59070.74619118904
294700,316605.14404970803
300500,228714.4795293872
343200,214990.95248317358
92000,157635.6831553073
278100,273749.1746164892
380900,392795.59031550126
339800,327196.253293402
96800,100738.71591987512
270000,199804.07828994116
190000,211200.19964823016
181300,166108.0497029969
100600,102512.8973517972
170800,186007.1477393936
152700,175403.40781985232
353600,280064.1312792336
200000,277516.8938806834
213400,268142.92990537
153100,157665.80272869513
379700,272975.2013729729
275000,232587.01854454342
78600,115506.06380219304
188300,196000.2936704549
138000,144004.41406519702
500001,487979.14838863106
197400,181652.01483686297
244600.00000000003,300250.4610828369
165300,169843.4105594088
300400,300471.1603118262
88200,112215.8926733107
500001,485492.2815573247
163100,127451.45987001974
191900,220021.2424279732
355300,319741.71305690374
430300,347897.4549823356
42700,52827.48523037565
378100,418428.3829220579
264000,224790.9371850383
111900,165922.52006214426
224500,209895.35951864556
125000,173500.1404629567
64100,73958.40572860089
88400,99880.59821406478
389200,356820.6502962206
193800,104728.69031509374
500001,416617.0340213321
187500,456312.49007269647
210300.00000000003,190206.66904176975
212800,194072.35764910773
177500,219376.6772606243
181300,135043.02330101747
159500,161543.43681912695
177500,169788.6174719029
116100,130893.11167278221
500001,446901.0570222354
162500,161521.1729734125
135500,173053.99820092568
99600,107933.44245564532
118500,115702.72126987061
156900,131544.0534883661
147200,135112.698334989
85800,96924.83433611454
500001,308349.8834178819
170900,134101.8750387482
257900.00000000003,320236.1787739839
164300,168910.7571580619
438900,417039.1986475483
98000,114335.19211442619
288700,281953.813408795
203200,242651.50583233175
283600,287558.4586423334
162500,245102.9776316832
95300,101584.57710898342
161700,141329.44746979792
187500,147189.28263610706
158000,147989.8051585873
456100,304899.1761557227
102900,130701.76413002795
165400,207498.7596184382
54400.00000000001,43896.048175846205
147200,166948.2779236838
95000,97147.13671977266
143000,164604.61486067573
97200,138462.44456490045
112900,112003.97928392167
173300,186146.0049977799
393100,314035.34127429826
63000,80797.66058693295
297300,256216.49393112972
242100,204399.7703546161
293900,325418.1292403754
113100,148627.3727547746
137200,131967.21257075097
297100,151024.83866787056
243500,233816.41859382094
98800,109789.11878043777
244800,247275.85836849606
327800,313510.2194023782
437500,367969.0345175153
163500,178483.8794784861
102400,144712.2885575489
112200,117078.11842519871
165900,184346.66908245033
250000,283775.59746603813
158100,177137.20298206268
87500,91800.95473110325
135000,132103.6314922454
79500,96369.56267285005
162100,115064.94005844044
228400,207812.64565680674
140600,163755.07680494292
71300,159774.33709063023
266300,281643.50616125227
81300,83817.2573173223
185000,221292.3196670384
329300,319731.6352534211
168800,154191.65413736523
110400,142744.8896249441
500001,462339.7452332051
85700,119157.13953929009
63300,47314.86142744102
500001,479184.88278663525
183800,208922.38534189318
150700,132445.3794339774
242900,253086.36083123257
326700,307228.5632578571
220400.00000000003,204506.1275378678
240700,226586.15048636415
500001,519882.8378337148
98400,106513.79523624842
166900,187583.5779835655
205400,187191.85791261724
90100,99993.51117549441
189800,175710.89637165586
162500,138008.3276244303
333700,325731.767010253
85100,85974.84094019109
134400,114415.69019073983
144600,192926.54637499078
215000,200183.78573862417
97500,118377.64542912814
210000,288846.2273280877
312000,307920.84191826044
300000,287390.2351314479
202400,204525.40032152293
254100,337379.7597180523
116000,159145.1671362525
167000,174319.2350656219
396900,347835.9517133586
227000,183869.23751684435
500001,451492.90181462886
500001,450994.1522618519
199000,223612.3307422605
369100,466504.49651814625
22500,141433.1368228462
95700,91522.92385450775
365900,423646.1006069979
215800,229922.8356572927
205500.00000000003,188110.00563364712
500001,433153.09844403906
250800,216942.6335188517
363600,392392.9392680663
294200,351654.5175670493
171400,146920.95360800525
261300,228478.56435128686
114900,120746.34232603801
258400,211347.73191141823
106300,98249.19262271989
98900,115509.42121037694
242000,210807.34330588553
146100,171537.88718557937
154600,175959.6465831357
197500,176837.23608259278
289600,296688.2052401823
325700,280436.30501206906
53300,79265.03589381855
87800,104391.46165481125
178300,188632.57371583805
197100,182991.43294463365
123400,145622.03323011476
292900,310707.30625137966
109800,132904.51139524172
124200,170344.4122724622
57299.99999999999,54709.30469347191
404700,366299.7277348157
187500,351393.56753805385
63700,74522.76016762156
101200,98068.47490503936
500000,478804.9505829639
45500,58235.4719404343
463500,358533.82015296293
181300,257652.8364053774
307400,279551.10642306675
371800,416235.24923912046
56000.00000000001,72781.15025525475
289300,213233.26295052678
128200,145283.32342865266
271400,245674.55974437323
182100,192257.21233186414
219400,201572.7524309511
78400,123073.04725172413
96100,103345.43151313355
394700,414062.75774090394
222500,224552.8538310969
87500,75881.74448822721
137500,160558.3861018745
246100,195262.40014307422
175700,169578.36605732993
164100,160954.9787723003
132800,129326.07190298066
129200,90895.77693583653
224100,169557.27082902103
103900,84068.46541219795
112800,102736.97612993207
243800.00000000003,292171.6944179889
88600,99692.94163576727
186100,250457.5490723665
186100,92260.62444469085
160900,174566.13493468432
149200,133038.43660238278
76400,72023.21325767055
500001,424845.54646719765
95600,129198.65206861988
237500,281105.9091138098
418300,413040.3395366542
197500,220874.96997353862
66400,72849.0200849204
269000,331720.22372240096
219000,309118.2731114037
156900,155589.37238728142
134200,146301.2231712379
204200,167063.44929955582
218800.00000000003,252879.3565919548
181800,271201.3243831153
168500,195766.0858335718
299200,221195.67596043798
166000,146945.53246453317
193500,182843.43086223715
212500,233285.58215305413
386200,292782.0819395995
268400,219346.56568429002
128100,203572.92148516435
271200,332285.84146426705
88400,116709.23013095596
101500,92048.53623443116
495500,380974.6799849985
167300,155857.54805434236
141300,194611.10569936378
500001,504541.46979047614
321300,354505.47171347117
82100,98634.95231031875
92900,116511.49869663677
168000,142949.3934817696
135000,148437.88566916026
243100,208837.10443458505
157100,180526.22366764132
97900,128224.65290549581
177700,186381.87467136796
131800,135471.04997687865
268800,364645.55494385294
314300,257538.50007219485
183600,246976.53265897103
100000,55569.55607159015
232200,254669.72688935918
138100,136672.46877269194
162500,159751.6560156834
457300.00000000006,317848.1278634747
139200,145318.496311098
244500,282753.8800477611
61600,58060.53538345079
237000,204897.27955587194
112500,160446.31086383466
122300,139555.7049154911
500001,300468.7365291595
110100,165887.54006142827
300900,327472.7418938189
167500,139455.6919346843
246400,279550.54788744875
279300,362861.6392240613
414000,294778.17149331764
58700,51135.07185954608
294900,358028.53818474343
365200,373725.0221588178
368300,314943.07869953924
239200,194365.62992963425
121400,173620.93486003464
215000,233999.3710449136
113900,132142.866492567
236400,250676.22966521568
171700,204255.14963965095
248500,254879.34856893754
58199.99999999999,60660.909082557235
67800,62263.710365665065
75700,137456.4496977556
178000,195525.52184234635
60400,56342.16918253247
226100,300306.2543170055
179500,198836.99683256695
158200,168450.14353576224
278600,309212.0486570559
480800,418339.6945079367
192300,192823.37194868497
141700,121558.27276245227
330800,292482.7017312576
100000,99857.45898531203
103200,127718.90549090346
53500,61395.01128562374
185700,167238.4353262732
192900,195216.06197626377
256000,264245.846462457
138500,154928.7254992369
69600,85006.68032593768
246800,360569.80405062763
265900,282278.33875516173
162500,117895.44064100516
322700,369089.7026633739
148900,191629.30462947115
429000,463490.9813475906
500001,466887.31141387334
254100,263814.8828044787
328100,314509.99688525585
169100,205339.03842362575
255400,222905.6395905487
76400,114768.92365842809
151400,179471.94034649016
311100,272582.53164579184
187500,214437.7953076154
213200,212399.47988807978
208300.00000000003,168657.4395881339
202800,217246.28608347208
90100,138065.64585113805
92400,112759.1813831132
136500,118293.48937810794
92200,105223.30614149169
79400,81834.26149597917
95500,97393.76350850525
249200,229411.24168019884
111700,129742.91874761849
190600,165447.37653193926
191800,191399.3924616015
500001,487480.4495961557
50800,93443.99170202599
163500,105909.91548283475
368900,396377.8731874951
56999.99999999999,78695.37177852572
75000,106217.12561977007
229000,230706.6037718939
340900,363773.0838318032
276600,276781.92851013097
188400,199734.9401865752
73900,71896.1863803352
150000,197978.54312872302
147100,144457.9421757015
186300,175371.91546558632
234900.00000000003,217781.14250474836
122500,121541.71143816647
398900,343800.239012651
250000,321995.47655935073
113600,152311.48520296547
244800,252753.1087930344
225000,236010.67742195577
186900,279607.18579153926
309700,331777.70433459454
130600,128115.83669889416
342300,291452.05556215625
65000,62533.92164395504
278900,210619.30063132793
168800,232700.38665234324
418400,362948.0368572447
109000,118350.33766170465
160100,160696.9549778829
345000,357347.75002190296
418800,403132.1271694481
209100.00000000003,204716.35204725948
97500,104581.7005321353
500001,426010.7159846802
108600,84654.24864520837
133300,160165.196772682
50900,52150.082085227536
311600,340379.6365725527
365500,381034.69028962974
175000,399774.96404602594
170300,145163.4969679893
279500,276637.47466296627
125900,184556.59078058405
155700,164169.31463702102
83300,91766.87407577144
156300,212778.53854440112
214800,276140.60951560485
110300,87502.89602373273
165000,110127.13033589878
349500,340030.93745639914
500001,500850.5321972595
125700,117772.02286335123
193100,225751.33288327284
500001,499953.12641680066
199600,240827.51608400972
500001,421993.58715334296
163400,179995.3022291786
137500,119158.4043221299
121500,142588.13012180154
381200,378045.6440389109
111900,146556.8140060227
57999.99999999999,70963.10290507702
63800,98310.76621150819
363200,362592.5410641648
206400,208231.23083576697
370800,321939.4176964925
81800,102745.55352560441
271500,247024.41229963535
197000,214984.9851274473
73400,89158.52366310143
301700,367238.2257766481
119600,113873.52545202337
258100,226237.36902598542
17500,312783.1309552675
145700,165336.9810159386
102000,96705.75024592088
400000,338823.0152106184
99200,84396.59767083719
485400,384511.9843223261
477100,478962.9931764655
66900,53317.13745499475
375400,394481.23267962097
169600,177159.13370717096
247600,281374.0234067026
164700,154196.48248319942
309400,333478.2383317698
185300,185215.58329492417
230200,241170.31564829158
156100,146518.6769277925
302500,323180.7613816854
97800,103796.37380606635
251300,315277.909083496
281300,267982.74036002834
153100,120356.3398176136
355600,395835.6167850114
101300,103048.25952799531
266000,214947.50514794135
160700,125262.98870581912
305800,338341.4509597783
147500,120818.36319321462
186300,185892.06254984016
162600,198042.59001104961
484700.00000000006,399335.67860117095
175000,217220.25289049023
127200,124140.50930170745
365100,294407.8170416937
236500.00000000003,188546.56757684358
214000,193868.46076933495
225800,265541.8269330043
128900,124250.24023773486
73500,138098.27310056536
114700,145105.09689765176
175000,184756.94261582862
318100,205227.6184691393
331200,334491.3214424095
192500,243444.22014239358
159500,144702.40579989448
162700,168739.99948188014
67300,92073.64948969691
212900,167135.9424851069
140600,151462.51177763185
186500,167464.05258038157
393200,413736.53833757964
55300.00000000001,58921.100211609366
409800,400143.58032893244
191800,205885.5900581904
99500,114899.3074120293
175000,183514.58085991372
158000,156519.10932570827
106900,122623.56116819801
277200,218341.46174198695
326700,285605.76636793464
96000,61833.18791257897
431800,469508.6619462773
172200,183136.99244362945
112500,134604.95389724706
225000,113601.20077537444
259500.00000000003,261495.32925309852
291500,307591.203259716
50400,59111.91336147368
150000,250877.2257069032
224600,252808.0109664607
130600,142279.25336020614
69700,84447.0879087426
353000,285184.5113826217
231200,263803.03872179
205100.00000000003,182576.60048939637
398100,393244.7074511342
141300,148274.13470598098
173300,137770.05638003763
127900,119400.53386559953
289500,241174.1501563192
95900,106363.43470130581
133400,178397.27664886633
146800,163812.31268953666
181300,234036.3397737518
54600.00000000001,68782.0767447332
55500.00000000001,56894.01323176808
150000,179193.94787899827
102800,96638.58368347796
93300,88597.09578588855
123100,128845.17925891367
231800,140616.50394066251
159500,166812.1024191031
108300,87092.6745135443
43100,48818.39223726358
105600,80836.64293737683
168300,155109.0208852694
28300,152511.08393257027
282900,273778.5208043772
234300,200180.23949844792
212500,102103.95723971265
205600,205528.27208715907
150000,190616.43028984635
193000,198426.52301152688
14999.000000000002,187520.91265510596
170000,160914.5352074251
168300,143655.23900384505
93500,112505.99096768853
191800,251079.62229382407
181500,227373.2836331538
195400,197763.6034909278
121900,143558.80639208356
142600,177053.77469149267
158300,147639.7474468489
165300,116037.60573188728
155000,124642.3960529936
92100,106727.95599496852
68100,65998.87179134457
276300,269467.5271315943
335200,412356.50210635015
121100,100518.75137891325
177100,137754.1003055057
187500,167647.45888760567
192000,175676.71577841652
301200,272217.1809573134
159100,150205.2568333152
500001,522734.34709507116
273700,259094.77041425955
233900,250297.6077431847
500001,299873.73056355474
222800.00000000003,270609.49600687623
140200,159321.3761050937
159800,160902.15064938946
118800,129899.6565573476
500001,409898.6194864447
105500,121697.11234976571
217800,208445.52425419656
187500,221366.39235261033
287300,361653.57001845684
131000,140056.4268894591
55800.00000000001,58053.30654854334
161900,175956.22691284853
253600,233319.8295381315
155000,142205.1843836159
311500,305464.90346426796
87800,69424.34906041605
105800,103554.17300969877
137000,164114.96781898374
156300,167419.47621106618
154700,149673.86532202584
167400,153770.35491262682
457800.00000000006,471335.0332813944
500001,415592.6965534149
188300,227922.7302748695
442900,329353.5845854486
500001,464563.8249411085
500001,478693.4976830606
187500,197161.4744353921
57399.99999999999,53277.93237401258
387500,197301.65702522753
272000,304575.5513618588
167600,122260.90098708053
403700,327330.781286616
191700,150798.60515275915
500001,334807.5948780531
187100,187224.15459250423
96400,139531.29079776988
92400,105761.60033081307
213900,197540.69864033003
155000,202128.3977955942
133000,149088.3953815176
275000,170372.7695821761
238500,216297.2141457674
158300,130963.62901407141
70500,91235.16758051836
222300,168126.25083637066
411900,421142.0915268519
185100,189679.34177703148
500001,345699.1680842701
139800,135521.45973811153
178100,193180.80944038348
159300,224402.68923139156
125000,93531.55281904974
197100,231966.82925945867
64000,69776.83458585858
194600,189633.2651653603
162500,155353.5048546711
84400,46844.738013414106
61300,96534.62434780171
368200,368316.05600410595
122100,155083.56305676742
86100,135756.36752691504
209900.00000000003,219778.33573822485
170800,155787.00030414577
175000,167251.93163816803
126600,117188.84306686101
282200,296223.4404360961
207700,226598.78741941968
104200,186164.36466082514
214300,316020.91957406537
80300,76612.96224674901
273100,174147.54035214565
237500,231827.7781287478
73800,117496.32958928087
184400,191489.703309271
342000,329896.3538322096
129700,121388.22810661478
224000.00000000003,264834.5134322628
156900,125598.33807786561
394900,289695.46542380046
157700,195911.79846616468
119900,109547.48467329018
316900,344302.5628693521
212500,259117.56730662406
68300,72407.97772141873
165100,177279.35478440596
93600,94104.66150194281
88800,104060.8328020828
184700,197171.65256002411
327100,366373.95875110646
134300,116540.52828406863
500001,349561.04799803783
162100,148729.5695731267
500001,518944.1505496292
229200,227342.0640718183
112500,96009.64233945216
354200,280358.900131423
362100,357089.56855588633
162500,89898.04091179228
100500,120295.0788903665
67700,97971.32028841619
57099.99999999999,48271.426177408866
164800,233834.0991043862
204200,206653.22546063422
342400,345570.837635798
181500,138358.9586057195
304500,305505.38410418434
235300.00000000003,236642.52714744752
105300,102344.87577951493
291400,299520.6096315113
159600,212078.86681237622
111800,95978.47148135056
119600,124772.39060020895
329700,188151.26168062424
136700,156894.72873271912
101400,91842.52509852442
118600,100122.93055919564
133300,146890.92543546995
52500,59589.01615477841
234600,241772.66696977484
75000,86839.96375610946
176300,166747.1454923022
346800,292302.32387397514
251800,286974.2051845733
54200.00000000001,61052.410298995135
67500,95049.36015029524
142500,166801.33946464013
101600,123581.55687982879
227300,307420.63455927145
337200,415922.9602237428
118800,187499.06326656812
67500,85289.73346236644
202000,227435.54221828043
94200,92733.0379069883
96200,94701.99986980508
225000,258948.93135972146
258700.00000000003,216488.94899067827
103100,93610.58239718765
117200,136738.58649122677
164800,127719.73100623171
144000,157680.50942309762
500001,450803.35738583835
155400,176761.32928634598
114700,109323.09101108136
123100,158335.57410018504
226800,200565.3941390954
180400,186845.09717419863
310900,381005.59376993385
148800,154056.88861778317
84700,97981.95416919964
63700,84884.84572128653
262000,234447.4240907013
438100,407191.40363585565
226500,211814.27047706826
87600,104574.70508702208
345500,361423.9459590254
140100,121042.65617105016
366700,300648.92656232894
270800,296092.7761061656
168800,201824.0207868067
293800,405359.3439662586
251800,263047.05867533915
85100,83189.6874385654
267500,296548.64994524274
140900,154887.91990742425
285500,184804.83364402482
151300,120036.24120091212
225000,279993.4904213488
44600,54934.84124326246
450000,259640.8297963114
229300.00000000003,257744.66357010198
225000,57029.28110991014
138000,189307.04000300297
96900,85525.9038849252
161200,200428.47747389166
144300,150957.358703254
450000,338164.89891240007
122500,155594.02485484703
248700,238217.5859451397
134200,126697.8109848411
348100,344674.02202989167
78300,104625.58397293973
107800,94361.26159750189
146900,144488.99897885346
188300,195508.5383781038
162500,137607.50662701056
58600,54988.63721342743
183700,162384.94951675148
180400,181894.68322794675
175000,146116.49482197923
137200,167306.50568706766
110000,140436.23270421528
233400,242324.79352959958
128300,149098.97051428788
350000,258048.25183034196
155200,158769.57429380616
256700.00000000003,291889.77143571305
85900,104321.37929918963
73200,68970.19916170169
258300.00000000003,267426.68252571166
62800,86273.10318371037
485000,358264.59219607426
124000,129726.40467991044
158500,180171.7952673565
97300,116202.73207472786
186700,188818.61892233754
344100,362993.22339185385
166700,170143.94383849896
108900,114589.65466226326
482900,487694.251881333
204400,289948.98065928667
230700,254070.5787099294
53000,61796.4795927441
178500,154409.93123192765
500001,378571.7441258942
500001,434487.135574656
84900,78529.94970297981
500001,406586.1927800728
246800,240363.34994562718
156300,145676.67489675654
234600,196701.02590236158
48800,58191.000980222285
145800,153750.68880782468
271500,283881.7225268747
500001,428001.52277141035
87500,117508.55337268635
69100,51254.33974114171
139300,143267.97697808797
273400,250242.43035023875
229700.00000000003,234124.89747894314
68200,66487.16802422199
114300,117165.43547130287
159900,189998.4989958858
116600,108862.49123383647
209900.00000000003,208805.61606608253
68900,63188.67837900217
101400,122087.50796062652
214000,203074.94764798606
355300,344204.15930456895
90300,131742.06216507647
159300,172457.14718435312
63900,55660.66339120349
218200,239624.70030008568
253600,316105.9921373897
81300,111256.60127443183
188600,194580.83360648304
165400,216967.03045579395
106300,163377.36572037934
210100,199686.67441384107
147600,148277.7235293809
112500,274988.89449235244
175000,155684.25149329143
156600,141445.42076686342
117300,144211.45574725253
229200,207424.70071427373
350000,194061.62943316385
171900,210043.7390656593
199300,200142.07475594463
251600,280923.6833415893
300000,319172.2813311829
158900,177821.77040673557
216800.00000000003,235748.70918395263
198000,225477.17285631382
356100,406730.8219736548
192300,231314.72860151328
314500,275672.6286398295
50000,69801.30109160997
162500,183500.49753674318
167100,165614.0243788163
138800,117722.26688527672
147600,156694.846124909
238500,217477.26234505145
110700,132476.58496689732
333800,345387.7889273041
192100,193170.23125531038
294000,223071.24871015688
154500,144253.34479206402
151900,156841.2302275771
500001,493835.5910453351
322900,260231.58798400944
165600,251474.27437506916
221200.00000000003,178523.67571812883
170400,174966.65797631408
198700,196933.46631392412
162500,123538.2481609277
411200,412399.46950882627
335500,311325.5064742124
149100,148064.8419642993
381500,432551.2138734381
183900,207161.14748720053
91200,100297.7490400941
411500,364752.19552223897
220300,250383.47337242434
158100,153153.38785170842
69600,85193.66372443872
270500,293225.44348196674
261600,262514.72453861596
389500,332128.29215264705
75000,61828.56630356171
177600,191469.32943061565
170400,147100.09344302778
154200,147358.7459455042
131900,154342.026919295
44400,60140.85362879816
145000,143043.0220068039
224100,284313.20424060524
187500,190664.00756123298
192900,216789.86639937005
88600,95400.3499521093
183900,179624.77265325285
225000,246209.2701906574
182800,157788.37594629533
137600,158226.67615723333
265300,238059.3856657718
36600,70599.89609409276
125500,156473.36259652773
138600,186154.91601923076
487100.00000000006,405789.5299229789
178600,183518.0745387208
134500,162346.04247730767
306700,336276.7805595184
115800,165957.93042299588
91400,136066.95980913143
210900,208373.57977909435
259200,256717.16938131428
347300,375126.90083420457
168400,170214.49077329476
150900,149307.98452204434
113500,119756.31672290509
302600,306684.2088796493
423300,405714.5342569496
492200,450989.22602076596
190600,187455.21389762513
245000.00000000003,168151.95956447106
55700.00000000001,87949.80607689572
84000,117938.09490165579
275000,286111.1208088578
189600,190062.39800127177
275900,259038.424233379
319800,349969.78410035744
291700,259154.7977587264
67900,80114.87736432224
189000,196138.9759646923
90000,114675.12036231652
335000,299151.81239095127
176700,160290.98731005238
98500,112977.91519363936
200600,191177.36945577894
60200,65159.45086254302
191900,169946.6883146764
191100,214133.59945171195
337300,295755.4690450375
225000,368368.8159250527
290600,246490.33685905027
121500,131871.38466358613
293200,318318.2588157587
107000,133319.99588683207
266400,236219.6410087651
76900,110061.23116818686
220300,161484.17394609295
101100,105291.6951539428
474600.00000000006,401167.23644692986
65300,76717.405291169
113700,112297.7424967961
214200,188442.0076558619
216700,204897.44674016605
198400,191401.37310797503
212200,212567.74251735077
222700,415324.7886471589
265900,190558.6743459503
37500,84400.68759879941
265000,280034.48607864045
108700,99046.17350098176
46700,48593.04023190323
187500,187427.5830722311
61600,60109.29709525934
343000,341964.8130792072
166000,194222.27584982556
500001,299037.76246034214
137500,195214.84371426486
90600,75082.69974576184
77000,87044.08950117577
148100,154916.65737346266
91600,119532.46217381214
150900,207281.69391112158
155100,164292.24748575295
89200,90634.15537177358
215400,200421.83777595666
55100.00000000001,76218.76135648359
197400,191653.40659988704
154400,151887.62310596602
141700,187159.53479011703
98400,83353.81678400125
152600,194166.5628139604
109600,137901.0587518843
171300,178098.36891763782
104100,90955.02296735409
153900,162963.07016442815
270000,267959.4867714378
286500,283346.3250226093
335000,278631.17363831535
137700,115662.33885184978
232000,241517.84465168355
393800,381490.5118489765
70300,80604.34236335394
141700,135051.5430907506
156300,157627.66674740464
450000,320316.1811038846
199800,171138.24083412476
95300,123581.04890264441
86900,117300.15490889465
187500,166069.98439001507
221800,217069.78337581674
58800,63729.11785975696
134400,162011.57548971535
238600,234187.70024160325
160900,179374.25703252797
136400,176785.48271203492
144000,146256.34815423927
159300,177229.58945477993
155300,168488.4820873053
142600,169686.2720094692
120700,122915.20633417362
126200,181167.0831944799
213400,205239.95034497342
116900,117581.74670408903
185800,168603.94827745153
356000,415492.576941931
150000,135469.09525860354
88900,109963.01384489643
259100.00000000003,288654.60511426994
500001,399673.7631220127
127600,116653.93032490836
69900,87236.28399635418
137000,207856.50665842235
273700,269963.3705345093
92000,110031.69584838359
118300,156551.01119411216
410800,466437.5175142966
100500,108547.78549271282
492900,405167.9875391823
118500,108519.95649509701
113500,116187.85060875771
89900,123602.1955681043
500001,430283.26012461644
500001,511039.03880184353
146300,281449.21581321524
113500,109620.92511572334
275000,262913.39287676493
102500,100699.2621526688
147100,168939.9647151243
225000,192116.07287721836
139400,161829.15364684706
175800,175404.6381076343
56999.99999999999,88411.47400573069
269600,176341.52344352507
272900,242011.5884624387
76200,92267.31072189214
484100,461132.20702989376
180600,156926.55829019623
238000,222353.6110293042
137500,126255.03981874563
186300,144965.52953448275
192900,230349.47212100477
84500,62759.15924353168
107600,150308.41991181168
55500.00000000001,46876.61839192843
265300,228771.04161871178
388300,400037.8470157057
482700,467212.6580770737
198100,234132.86445812174
92700,62726.6723934456
346200,381909.84317376453
38800,66159.33182560105
56699.99999999999,54325.10758774523
123700,168513.49562152548
93800,79495.01347179797
93200,107646.68935160447
44000,72401.99885389145
69200,87861.71117362406
301800,280998.29564022593
254200,216038.34284132245
209800,269518.14202259923
184500,191068.1377780346
73400,81917.12315449123
339000,345968.07422558527
93100,89477.63468143718
202300,198821.51025883187
133300,77021.2129928744
270700,252621.842804554
240200,320991.3707545697
139300,137436.99773326295
56999.99999999999,66171.64133280754
170700,126077.21608967567
119200,130872.73214394847
177300,183899.001880529
289600,299102.94218437636
297600,261680.9602212981
109900,113019.52709902152
147500,171657.43296238422
78700,101707.20010951252
160300,178232.59313320403
77700,104702.22006953346
473500.00000000006,480873.4025719884
500001,457540.9696571509
133100,136080.14976397206
93500,76360.8126484979
280100,305474.9748887107
256700.00000000003,231570.97315265963
288000,259777.27889920678
161100,172790.45513977145
137000,175570.6585892882
62000,93171.82930253379
443800,469192.71905492543
68300,81727.06268806482
262100,277622.42186075525
109400,128996.45044672726
409300,403486.11024104216
175200,181994.576644886
147700,194644.56279743917
287500,218112.82090788262
93200,125674.84640517634
93800,156533.6573260518
172400,170530.6503037843
318600,327980.2904247526
185200,151918.59278832676
65200,63867.94796166822
179700,135608.88780231372
159200,158179.72072765947
151900,178823.21048177758
71700,113180.54565084985
245200,210374.0074603769
228300,376330.2952413018
196400,226206.12336519774
192400,181118.79660551142
65900,52422.2722825707
282300,163240.05492625004
185300,192177.7781036258
88600,98434.62881139007
67500,96098.26386062909
143400,101440.51299026726
119400,106376.89025502336
215800,271812.07594110747
257400,255764.3114275721
373400,290175.7150121806
152300,131868.3251215032
245700,236932.88318127784
80000,77298.40740745372
137200,171056.4867490736
266900,234892.40453943182
395300,380002.7912152911
222100,222674.23216607037
500001,320752.5967599224
500001,399851.7730686873
232900.00000000003,228738.40124591417
259700,316912.7410936186
215700,179452.64669724432
243200,238357.2672011765
221400,174348.37927269732
112500,93695.33918010657
388500,263762.5182717355
410000,413942.72067155014
163000,171961.72315693696
500000,378146.46090979275
231300.00000000003,296885.4662407104
76100,75578.19426877654
458600.00000000006,319889.9222614781
366300,336061.4798758243
296800,252588.53511512844
58600,59488.974550261555
84800,80215.64387290574
117300,198623.80310920827
126600,121459.42066807524
170800,162184.05862788737
149300,112225.3745946158
119000,118043.09952555361
375000,350785.62105614675
284900,285793.62150043604
170100,114944.08576673632
500001,408542.34004996676
98700,152347.39274927002
60800,57262.270543625586
142800,124123.20862273431
223900,232926.74550626287
137500,196213.1272337133
297800,317844.9644374937
112700,125504.30615080535
113300,97986.63793497477
121400,144922.09065067605
248400,265960.37128531944
407800.00000000006,438825.53086783446
356600,356838.6921490616
106300,80671.23907363917
121400,115587.00341640686
240900,230335.53816046828
247100,201865.21304472716
137900,107478.07153742673
86300,84754.35131987467
500001,433048.3812292566
216300,232837.08755446732
305600,375237.8477058741
158300,188005.418675114
452100,439669.0145338769
95000,123673.21519995524
105700,87743.68085662332
84600,88400.8349159394
240100,197397.6983764036
162500,152442.9367843076
96600,124206.07791748762
92200,76878.23329400536
228200,203315.46445472908
113700,134572.649712672
69000,76749.11947128057
500001,467324.95556641987
225000,232942.09015522676
174000,179328.63051655298
500001,497386.07265491487
253000,342087.61748540314
277600,355370.68428357627
285200,287207.22929254017
90300,102902.60820353942
189900,225857.4708849554
316600,292583.9378510705
301900,282031.9711220715
93100,74017.61968073601
94200,94362.20639720971
213800,213511.03539386427
187500,175177.64727561848
500001,405648.9400987564
325700,320062.7822749524
300000,256958.0798598679
143900,152985.08666733076
500001,477949.3794909411
264100,264434.7114692449
62300,89073.52425038455
138800,133538.02392574798
105400,115659.29004853801
63500,70128.11314162627
500001,238914.72777958788
97800,96959.35744518398
127400,143886.26370107726
135300,163552.2026084233
156100,137220.00079640807
446800,440907.5302644186
65000,71099.87372154545
151800,150490.96017981498
192200,193057.2846877866
153100,239894.53203515013
165800,168258.9009607538
254200,279761.46352594317
234200,276497.13218074344
112500,97651.34534559964
118700,126047.93052449822
240900,235212.92245314323
283300,356605.25558932003
450000,131523.35728717956
52100,57000.773586323725
55900.00000000001,62546.366614671366
88100,126566.49429639796
248900,225557.72803592356
68600,86463.72458654153
156300,168548.2081342654
272700,299867.1437487035
340400,373436.48441684444
218800.00000000003,202741.74998469357
70100,74557.40545708055
500001,441644.50949944975
162500,251632.30336037514
111800,82981.79933839974
110200,141518.79758728517
74200,63246.87708145474
103200,111902.80277150466
172100,202485.7252128325
132000,153032.2704935201
166300,133376.26561844547
107300,117243.03464178443
107900,96821.66964526834
94600,98686.49288296164
66100,103577.92029694568
158200,151901.6777303549
95800,96707.6982262201
117000,110303.47150785246
170900,169436.4115573273
92900,104671.13299530717
162500,154394.5073737169
193800,157844.93118378025
134600,108879.34512297135
123100,71478.53171634178
115700,133163.7801969948
83500,101791.76283446915
62200,54183.07441161995
74400,97082.29377686804
180100,173723.13801257825
195800,208995.53568755346
500001,484726.03367133054
144300,159085.56396088444
125400,100998.06680299263
80800,76874.58832421385
65900,77226.90952889748
157900,168260.4934178802
500001,298133.6339456809
180800,230360.3199266495
236200,277529.5289452212
103000,118502.51919173948
216900,194451.58143042994
383300,303927.3662351879
500001,281357.4615087406
83500,96714.09923449466
214400,228232.10570910192
100000,100772.98275157285
78800,81418.84217996108
97600,97412.28466888524
178400,212910.70970068328
287100,301591.2094450864
270100,358077.8033177863
185500,213705.27566145055
90600,124427.29690803203
213600,221536.23238795283
124300,120786.60935490712
205000,125881.97940950113
256700.00000000003,284062.71107183973
392700,421589.67545824207
133300,139087.68641340814
187100,158894.1190254998
255400,284002.2297148782
347400,316579.9697016354
171700,159348.38796059054
112500,173680.8714692886
82600,67779.89158532125
48600,55959.79439299424
134100,168657.2350800698
225800,198875.11256368764
500001,504899.9101756477
470000,500508.0382999645
225800,239864.09014978705
158000,201340.77576509895
117100,125293.9527831729
416300,414828.1045006291
120800,120540.06157778819
226300,230512.69226890308
122200,125317.04047856198
100000,112229.20338246784
229500,224024.9892684598
195800,80821.02885623164
85000,331069.5030349139
264700,202516.3006206151
455500,462144.42642545915
176000,176840.20033277915
81100,94801.8625596219
166400,174850.5970857222
82600,86325.96699361845
272200,217599.63268296624
271100,315900.9646479264
239400,244285.81166230625
171800,180912.09237520111
121800,101720.73936239132
173600,176749.4934522672
239300,248855.40819880358
58800,80897.34351192413
287500,271216.1358577835
70700,90955.6576215074
181700,169069.95147399185
113700,127561.24030949913
224100,244970.81105767842
351300,418562.82558837684
301300,327560.47299239965
80700,143020.29339045257
152600,149255.76976921156
237400,264699.1623465157
179400,188349.53013256064
500001,515095.4132342858
170200,201780.72048401466
165300,148044.2059101672
225900,223671.8693286839
159700,158277.14429176803
363500,396480.7388680462
132100,117597.67956037563
376800,457477.035911682
96900,99665.25510412449
316200,390186.9192906162
323800,355338.8582835532
387500,422408.87504115724
149100,148288.1122203269
500001,499966.1842069388
225000,115845.4882178906
178800,204121.16531859885
87500,111569.77685032028
130100,97345.96138814402
500001,466261.3232224131
349000,304227.4828087307
73000,78260.18260013881
244700,287942.5744356439
275400,254266.472413278
246200.00000000003,278592.96061616036
236200,210822.2792186578
232200,282098.7333709633
53300,28044.830625998304
163100,121980.85027080783
72400,94577.67719827114
234500.00000000003,214680.73586891522
150000,158546.48676871666
116100,124686.32924601843
181300,184769.29799837904
121000,151091.61960493625
88700,96948.83694885465
182500,183967.3971003605
197400,229602.22749965778
128100,134173.1770384098
76500,93403.646244363
300000,300798.24522893666
500001,469608.3070930596
160300,155715.83920672548
335600,355082.259122113
157600,136842.14912074723
190600,209843.99842147357
180800,202630.0729105141
104200,131332.3427872974
111800,136687.19910144803
194100,182726.30119619053
253800,376335.7588619996
129500,223636.1371389506
117600,147699.18487971727
339800,399640.6634646992
342900,286378.3744073701
195500,182121.48538722136
83800,74075.11918069782
94200,121496.3456720892
140600,120139.20041062032
160900,229273.54741262592
169300,179024.80897045875
275900,243772.15062001062
146200,162365.81980773146
202300,218627.0975339777
154000,137061.05489329196
135500,134158.26070539243
235900,233547.0137883573
128800,130226.43017603493
249600,204061.3216972908
300000,302564.33411880577
134100,162302.8339522942
308600,357391.1310096161
350000,353536.69137689756
110800,130303.15361373046
190800,224260.40890999796
108800,89203.983009887
144400,159539.02332913183
162900,159046.55538410178
163900,183535.40682729808
98000,89055.84081513468
132700,139695.35557333683
283100,259085.3506690302
407200,371669.9623870876
248200.00000000003,270704.3658214225
64500,78520.63088921443
500001,362229.1803447644
194400,292664.4801807979
137500,163850.00133478772
127300,123702.80024970994
85300,110600.28796593791
194900,186501.3676296041
221100,227243.36655759148
192200,190886.36974102524
404500,310327.69700684893
73500,74153.45248619655
233700.00000000003,228247.90774672423
118800,89600.3261191824
70000,106043.00869098648
182800,180958.27898770358
500001,465392.9105206368
157700,207449.45498833514
247900,232396.63299731363
500001,451359.9909809671
357900,312106.1286957449
56899.99999999999,64976.27910104328
302400,344249.2861878076
125400,136386.330334107
386400,319649.71312932414
175600,141429.86451368997
110500,121415.0494381249
386700,450513.29550258926
137500,139574.67113399136
228700,236332.15678734332
149400,166245.69530127806
73700,82076.24242910637
500001,455861.03848136764
132100,141867.18035023764
86500,92621.97433854027
417900,363570.2396940837
172600,157155.20576724986
99700,96812.52040354461
72500,97737.22307919577
180800,189970.1916658896
308400,273694.34104960464
288300,285116.8749475107
302200,309508.37105145736
288800,367622.0579619058
100000,157611.63963962882
233000,227242.34341694802
136900,149112.58611236035
209400,245129.9671925461
246600.00000000003,274007.82213055826
65200,120712.45209460512
491200,360234.1676230241
356700,336513.67831197154
164300,216707.53320408074
88200,94966.61036683276
155900,147031.14001681528
191700,189426.79762878365
84400,143499.7695240297
190100,263802.47804938717
112500,121190.57500843481
115200,176282.39806013694
174600,179312.30113535433
113500,130960.98090714187
152400,212602.62766674953
250300,229125.19897298916
183700,187844.67387450556
500001,319627.7197624619
310900,306438.0389890745
230600,195890.6353809327
68500,96912.8640018987
267400,293428.86828826944
145300,175254.4618394689
282000,285018.52687470143
282100,127704.72661809267
189800,202521.94322242102
254400,236277.80476197082
161700,150532.1650276718
188800,192754.121677176
500001,406980.4925755663
94400,78218.99664703826
342800,293375.4979695194
191500,263485.8368370308
209600,216926.03579269865
235000,218482.01107126183
231400,368084.6105225899
130200,185825.01302567957
208200,196543.7326206843
500001,508266.1818867595
168600,203140.1738179009
228100,204587.07331187752
126900,168658.6682956702
135500,119791.15069001245
156700,144700.69315793616
208600,219857.3377397396
436700,278105.1201876328
71000,57861.520553029826
88800,98943.11166853717
341600,353051.9849886014
120200,107957.03809691838
148200,145308.9283510759
500001,441798.62117280957
375000,205915.90639956918
137500,134233.2907361246
64800,70568.41156938253
231800,263265.8956466443
160700,146298.31493942175
251000,247356.67413287866
142500,170188.9781152133
176500,177172.271595145
177100,214142.55744399322
311800,330235.3864506864
84600,106308.91105312538
122600,122279.72241372756
198200,218478.77798643408
500000,494950.32005259127
279800,290183.2884349834
195000,200596.53112402317
202800,155197.2091641917
354100,359040.79659071384
259500.00000000003,223483.98138272244
500001,359016.70117854
272400,286531.8701655958
183900,182345.17857422537
285800,248041.8834314121
225000,216872.70359786772
292600,263267.9993744902
55200.00000000001,44850.795561905674
262000,204604.66492064457
158900,144679.65386494543
172100,178538.59945647675
191700,194543.3308237426
225000,207961.60925034038
108300,142491.60349325527
113600,121413.5517019221
100000,132681.9642927557
191700,199224.23066738955
117200,92076.37554972153
110600,94943.76124246632
80200,85883.595535371
98100,150369.44648723502
253800,211637.46338475108
48100,48279.124580445095
192800,169288.56886561503
132800,114472.64513530723
196300,200192.17304461994
320800,293662.3503906774
319400,322268.8075499258
203700,255770.5588886776
207100.00000000003,217648.889813997
79900,95378.3695069952
500001,464233.62768947746
330000,247553.3107260653
139000,141500.53533199665
187500,189245.80315991835
448300,272979.77930818486
176300,193968.8577134117
175900,103515.46223757992
104200,145329.28392550055
162200,179813.64751635207
166800,172882.26033896295
161200,146638.4785120683
153100,146879.14178193445
156900,123840.04329837492
158100,165866.33208429863
76900,73229.34920375304
165400,171413.6245736591
73500,169423.0200079496
118400,115670.87395530213
142400,166539.49296860074
280300,292824.69268858636
107200,138474.27035853855
183300,180198.90197169868
98800,76286.8810973929
234500.00000000003,215087.76305479478
143500,144228.8743722811
108000,137817.78293053643
97800,96260.12681225291
70500,70508.89732119293
225900,178407.92634770615
239800,246811.17635169977
136400,162490.249056546
180600,160397.66851059737
239600,248375.60632218904
265700,265215.1276919052
204200,191012.3875121986
122500,175095.71542385564
204000,235455.80148070437
195300,194122.87322185552
215800,218932.70481395823
500001,518842.81283351226
75800,69911.4308576596
265400,267481.08750232315
273700,339532.3106097046
116400,94928.32918572922
59400,68039.77747342704
137000,93276.63222211137
119200,76330.33982171417
244200.00000000003,270133.0272662508
170000,147238.646531043
280300,336571.1540048711
285000,373649.7157340603
102600,122401.28052566065
120500,111721.93899507978
361600,422191.49700014637
455300,454638.77238383226
213400,239134.4120449528
158000,196826.6671284766
217000,195243.18348134833
63700,80031.87393419254
244300,296756.502917639
151100,180589.68099043818
110800,109863.69086320496
433800,466686.76903791993
72900,90299.7638335991
108500,145897.98641470764
452600,434494.2187730299
467600,463899.145580413
263300,248214.53969543942
266800,173070.4426957891
500001,492539.78083863476
72300,68679.44706383288
151500,169722.05880625467
