row_index,actual,imputed
0,4.192200557103064,4.509973745773994
1,5.039383561643835,5.311654745504383
2,3.977154724818276,3.8006528914459685
3,6.163636363636364,6.086437922216838
4,5.492990654205608,5.469466447757744
5,5.251482799525504,5.613869260306885
6,6.221719457013575,5.959541446004219
7,4.962825278810409,5.158366049292363
8,3.9246575342465753,4.402163399696575
9,6.87905604719764,6.7359638248486515
10,5.086021505376344,5.454104983316196
11,3.6141479099678455,4.447950574219284
12,4.151458137347131,3.682518832011738
13,4.646983311938382,4.538205235135826
14,6.702898550724638,6.088222384575408
15,5.01119104716227,4.868051409496193
16,4.633540372670807,4.853173238273671
17,5.626506024096385,6.630447093450297
18,5.18974358974359,5.814856705884546
19,5.267175572519084,4.5003494065335845
20,3.8737419945105214,4.285142886227327
21,4.881782945736434,5.001725198867748
22,6.210344827586207,6.290124943365949
23,6.28951048951049,6.524559282352299
24,4.682678311499272,5.800380645030432
25,4.3720136518771335,4.585281641396427
26,3.725552050473186,4.207243998542199
27,5.978021978021978,5.353676503886741
28,5.531481481481482,5.1505840879201354
29,6.326530612244898,6.583489768230227
30,3.83011583011583,3.7541023106339484
31,5.36734693877551,3.5037501301151863
32,4.28169014084507,5.814352885186883
33,6.335051546391752,7.079282339606858
34,5.138418079096045,4.389234480577517
35,6.923128792987188,6.867546018033453
36,4.532051282051282,5.915123858517684
37,5.193548387096774,4.272133349626316
38,6.059139784946237,5.5301355668162655
39,3.5660377358490565,4.274089519974782
40,6.771498771498772,6.252436398175169
41,5.3580246913580245,5.611668226168138
42,3.9716981132075473,4.965619231711814
43,3.8483935742971886,4.370732409915299
44,5.553191489361702,5.493908617413912
45,4.5943012211668925,4.292583536348978
46,5.1525,5.153262289607984
47,5.680890538033395,4.815898530916323
48,4.295285359801489,4.476055170424688
49,6.252615844544096,5.781679657518088
50,6.142857142857143,5.642889554664856
51,3.327698309492848,3.7978591400434434
52,5.658008658008658,4.928157218324495
53,5.45136186770428,4.524710563373891
54,3.6946902654867255,4.258895395507727
55,5.901162790697675,6.295791785831445
56,5.586466165413534,4.484494739981306
57,6.378,5.974865099944281
58,4.930894308943089,4.939393096088301
59,6.726190476190476,6.681112889709425
60,3.974609375,4.844792477392694
61,5.062730627306273,4.6078787078703165
62,4.696308724832215,4.706024238085514
63,5.37218045112782,5.527303145396537
64,6.8927392739273925,6.81682866810619
65,4.863275039745628,4.680922162588717
66,5.632727272727273,4.948995122559793
67,5.4604743083003955,5.528601765239566
68,2.0966921119592876,3.466951052694913
69,3.8666666666666667,4.12847493131137
70,5.923503325942351,5.86972327233034
71,6,6.047947920063437
72,5.311643835616438,5.338172331996066
73,6.035962877030163,5.683396068708046
74,5.390243902439025,5.00233815331022
75,5.826196473551637,5.723830605647396
76,6.233817701453105,6.1368178277751815
77,5.030651340996169,4.818178918797168
78,4.525114155251141,5.235609029765812
79,4.023076923076923,3.7088915704688885
80,5.649606299212598,4.665587320888799
81,4.061594202898551,4.142431695205748
82,2.8199052132701423,3.6522573085336765
83,2.6158357771260996,2.94802194432685
84,6.1656441717791415,6.284094312660479
85,7.757009345794392,7.217814389233326
86,8.970967741935484,9.738537540995155
87,3.814946619217082,4.577539932477527
88,3.1404199475065617,3.3052893810079764
89,2.642540620384047,3.993265422404533
90,5.4476744186046515,5.349856396807925
91,4.60932944606414,3.7949840795109835
92,4.62962962962963,4.182515639721342
93,3.9811827956989245,3.4861166373376054
94,4.0986666666666665,4.551045651177921
95,5.835365853658536,4.997380199302766
96,4.021638330757342,4.488021300417924
97,2.647294589178357,3.321877390746495
98,4.707667731629393,4.639644126079122
99,4.537074148296593,4.998923311344152
100,4.310055865921788,4.635387684417991
101,7.737523105360443,8.366851452256828
102,5.123134328358209,6.474601730764526
103,7.138888888888889,6.31477539031481
104,4.535014005602241,5.469205333334296
105,3.775413711583924,4.507468062585418
106,2.4775641025641026,2.8432512381768484
107,3.7540106951871657,4.361555540251395
108,4.636058230683091,4.738768987830549
109,4.490625,5.208182005030699
110,4.048703849175177,4.612102868701205
111,4.448979591836735,5.231486171615268
112,9.625,14.872660176041107
113,6.961538461538462,6.976748635784158
114,5.080071174377224,5.163044060221207
115,4.232876712328767,4.122859459784023
116,5.584615384615384,6.055993746411861
117,5.67741935483871,4.758165960458906
118,6.2809917355371905,5.5054456017514894
119,6.371389270976616,6.947162364929166
120,4.866192170818505,4.5941591655547604
121,5.7407407407407405,5.127979798775187
122,4.70935960591133,6.037465100532003
123,3.672176308539945,3.698980607741876
124,4.9178885630498534,4.734345538298873
125,4.101167315175097,4.633761061878876
126,5.5115089514066495,5.127319336051334
127,4.099870298313878,4.195898308472313
128,4.25402144772118,4.461683511980734
129,5.405172413793103,4.895160794858735
130,6.522641509433963,6.00306245280358
131,8.845161290322581,14.106659550256566
132,4.939024390243903,6.059421235560493
133,5.142857142857143,4.893896711086731
134,5.179948586118252,5.449365629626506
135,10.386666666666667,9.144503911835564
136,5.761467889908257,4.678492995429051
137,4.377215189873418,4.45571242894252
138,6.945330296127563,6.177220594614105
139,6.367713004484305,6.057139633502635
140,3.2624686542212316,3.7466411964881585
141,5.129985228951256,5.757323757613711
142,4.031890660592255,3.547507218946153
143,4.806315789473684,4.310343122778077
144,6.68,7.051180301789675
145,3.4941471571906355,3.712294709684568
146,6.835416666666666,6.265430710550827
147,6.101123595505618,4.742163095718026
148,5.006864988558353,5.038243044848513
149,3.514018691588785,3.850647272200672
150,2.510250569476082,3.2890746133533746
151,5.771653543307087,5.424832181606803
152,5.245136186770428,5.447482523355676
153,3.6346604215456675,3.7981095176119717
154,3.6412213740458017,4.89338251207453
155,7.52755905511811,7.5791220710798735
156,5.146302250803859,5.636296534941349
157,6.515669515669516,6.372204861921529
158,4.833333333333333,4.191258417540377
159,4.487394957983193,3.4359022435146813
160,5.546052631578948,6.763643852932062
161,4.224308300395257,4.857993471876397
162,7.399166666666667,7.929113900393753
163,3.5522388059701493,4.1996520902664765
164,5.49171270718232,5.078908540955242
165,4.749585406301824,5.963584065859493
166,4.639769452449568,6.085133019630281
167,4.885906040268456,4.703205653595843
168,4.5796875,3.9082303638642717
169,4.69471488178025,6.126959446843529
170,7.020560747663551,6.001038220975719
171,5.233830845771144,4.703071225484524
172,6.2322097378277155,6.5745778565195625
173,7.009174311926605,6.980430724121307
174,5.093117408906883,5.6392483817782875
175,5.139240506329114,4.4712572638140164
176,4.861111111111111,4.942045602603307
177,7.787162162162162,8.261094620983572
178,6.265,6.076981214409291
179,5.0817460317460315,5.339426838408482
180,7.4969939879759515,6.3104980187691035
181,6.570539419087137,7.1203076528936275
182,5.144288577154309,5.091299083584511
183,5.064766839378239,5.566721582999803
184,4.901785714285714,4.820755465118277
185,3.432900432900433,4.013486586755661
186,5.062374245472837,4.395771719030446
187,2.5711354309165526,4.379590749903177
188,7.527272727272727,6.974665974238871
189,5.041388518024032,4.427381696229782
190,5.173387096774194,5.216299907369839
191,6.102739726027397,6.801864094933287
192,4.949367088607595,4.516317347101861
193,3.8379310344827586,4.633258037398471
194,7.0414673046252,6.170804860408255
195,5.975728155339806,4.625051552519897
196,5.640198511166253,5.429678664045294
197,4.425742574257426,4.339899619454377
198,8.321969696969697,7.013197643682283
199,3.6754966887417218,4.057930178751348
200,2.922576447625244,4.43438154354166
201,6.918032786885246,7.434503145018731
202,7.139720558882235,7.005401077839265
203,6.9498644986449865,7.968576962993628
204,4.295345104333868,5.010876247375254
205,5.579207920792079,4.150939043823543
206,3.6627450980392156,2.1640761677330045
207,5.125,4.238342763602804
208,5.332258064516129,5.555675729042954
209,4.8951890034364265,4.81338247993266
210,4.284722222222222,4.903795158934975
211,7.916666666666667,11.640864432031677
212,3.8383838383838382,5.184740504526308
213,6.6265664160401005,7.1812388849255075
214,4.456582633053221,4.331034770303599
215,4.686046511627907,4.327352088438579
216,3.875,4.316547469724631
217,4.89957264957265,4.360102314689023
218,3.791946308724832,4.2004335123432615
219,4.273838630806846,3.697649146029401
220,11.183266932270916,9.293387295637725
221,6.4146868250539955,6.302628344075838
222,4.506696428571429,4.899292975239673
223,6.57421875,5.9088884118714144
224,4.508823529411765,4.135231451725149
225,4.641791044776119,3.8203560821725455
226,6.5038167938931295,5.940815355274499
227,6.372469635627531,5.700399939851556
228,5.973737373737373,6.050109501358507
229,6.470046082949309,5.758729463168372
230,5.320359281437126,6.157321530911874
231,4.4319066147859925,5.10088175176983
232,4.948660714285714,3.704046252618561
233,5.534591194968553,5.633278295704187
234,4.846262341325811,5.642304740809413
235,5.952941176470588,5.153404975100762
236,6.799373040752351,6.70670731409006
237,8.251336898395722,6.735766628443422
238,4.468822170900693,4.82475123642943
239,5.815384615384615,5.593088460106896
240,4.363207547169812,3.8145312625147585
241,5.091379310344828,5.145118167431132
242,4.508264462809917,5.1855386507807895
243,4.564044943820225,4.357354722479985
244,3.062350119904077,3.195152660060696
245,6.06043956043956,5.449575918554103
246,6.01779359430605,5.9920009423533145
247,7.005,5.866301096634821
248,5.552816901408451,5.819954382641265
249,5.966549295774648,6.393250541504413
250,5.93886462882096,5.714576977269205
251,5.647887323943662,5.620336376032188
252,4.396648044692737,4.06746751012748
253,5.459363957597173,5.331403088051523
254,3.8623024830699775,4.96316163357561
255,5.749529190207157,6.643466442673516
256,4.370473537604457,4.476905702806882
257,5.030555555555556,5.272561257919521
258,3.6761619190404797,3.813172492773294
259,4.499388004895961,4.815321556681165
260,6.184375,6.934021123556649
261,3.5863570391872277,4.208075873846852
262,7.42948717948718,6.296512900474513
263,3.9095238095238094,4.67602902044087
264,6.997518610421836,7.186065266793249
265,5.8474576271186445,5.583253481020904
266,3.727699530516432,4.085263291687438
267,7.075313807531381,6.16167323420377
268,7.769716088328075,7.568379326466291
269,4.149245388485188,4.935623814105277
270,8.84504132231405,8.155788480828594
271,5.436440677966102,4.989463512148926
272,3.9972677595628414,4.45489083471711
273,5.051204819277109,5.240274523168923
274,3.796833773087071,3.816747726556847
275,3.8470926058865755,3.296747181787571
276,6.4839319470699435,6.728818782331501
277,6.3375,6.871529769535234
278,4.407365439093485,4.068637078841144
279,6.6299212598425195,6.843629902981197
280,4.054644808743169,4.434571901360512
281,4.890982503364738,5.242264651898101
282,5.476415094339623,5.452432577229655
283,6.029315960912052,5.732131605818629
284,4.617210682492582,4.357389773517734
285,5.724137931034483,3.9239434704071856
286,7.473684210526316,7.491896377123586
287,5.416452442159383,6.319780951534919
288,4.849056603773585,6.047945090693913
289,7.586837294332724,6.589870644510495
290,5.6298076923076925,4.614869407678914
291,7.001727115716753,6.549911247948187
292,4.8159090909090905,5.581127670664246
293,2.96875,3.0882738526389404
294,3.903052064631957,4.037991441790268
295,4.308219178082192,3.8675679402463827
296,3.8931909212283045,4.025926676798937
297,5.6,4.83882205452984
298,5.32890365448505,5.174837938667816
299,5.450268817204301,6.248791942633193
300,4.311111111111111,4.169634221541719
301,4.957446808510638,5.338779428436436
302,5.06265664160401,4.853750224359959
303,5.40669014084507,5.041312206732293
304,3.4671052631578947,4.373774897890915
305,6.7910135841170325,6.8996562120976
306,2.4292929292929295,3.823633557909886
307,3.782442748091603,4.2937380446701745
308,7.9017632241813605,7.371254936231006
309,4.50294695481336,4.861829738998141
310,3.9642857142857144,4.139111386601492
311,4.878787878787879,5.4506141132609045
312,4.690987124463519,4.846812712227882
313,6.17769130998703,5.571059350057814
314,8.948148148148148,7.498382022462169
315,5.12,4.354795310126459
316,5.05511811023622,4.879937599613676
317,9.65879120879121,8.817289368450817
318,6.247685185185185,6.082766709916394
319,10.1731843575419,17.650437008076047
320,5.61578947368421,5.704523210603408
321,5.227504244482173,5.396549413733212
322,3.664406779661017,4.56611624259441
323,6.268733850129199,6.516944814551135
324,6.644012944983818,6.576191196164366
325,4.02,4.207262576839465
326,7.38625,7.331042484668011
327,5.483333333333333,5.470349617988542
328,15.813953488372093,17.33858944328022
329,4.854838709677419,4.726207969604993
330,5.586056644880174,5.116075589678481
331,8.420689655172414,7.000704722860524
332,5.063938618925831,5.346083490066625
333,4.868811881188119,5.555948048306852
334,5.005102040816326,5.284307221942401
335,7.445,6.690173567753448
336,4.62156862745098,4.4554403166097085
337,4.248322147651007,4.2064812886945635
338,3.2296918767507004,5.104682112650373
339,7.608040201005025,8.873774652761078
340,7.241758241758242,6.076496563436454
341,5.0588235294117645,4.2592243818865185
342,6.479423868312757,6.650074151485761
343,4.523456790123457,5.26954685705258
344,4.304913294797688,4.952434590737444
345,5.442424242424242,5.623424135530103
346,6.326820603907637,6.2086807448241075
347,6.267515923566879,7.177510867662726
348,8.363363363363364,8.47593697308264
349,3.8488372093023258,4.337905906980026
350,6.10472972972973,4.07977653848368
351,4.386609071274298,4.745441951050518
352,3.3380681818181817,3.294261285840264
353,5.2631578947368425,4.902232493319918
354,6.9,5.853162543669763
355,4.6594827586206895,4.3354899633346635
356,6.018229166666667,5.529079769215626
357,4.841911764705882,5.16909315418766
358,6.096551724137931,6.003008955633678
359,3.9,4.403857658962071
360,6.87719298245614,5.750526216844646
361,6.417910447761194,6.879030049853878
362,5.105154639175257,4.913872644835131
363,4.404833836858006,5.123499920940764
364,5.340101522842639,5.0245991146004005
365,5.103448275862069,5.2329085738051875
366,5.660194174757281,4.565064408939751
367,6.815789473684211,6.26031411629689
368,5.521039603960396,5.352461389922659
369,6.168421052631579,5.090692632583362
370,4.2933168316831685,4.793867057117737
371,4.263586956521739,4.943347559386045
372,5.251937984496124,4.344662427751302
373,4.096385542168675,4.243634868609559
374,6.097039473684211,5.915039694198219
375,6.018115942028985,6.28970097268225
376,4.283625730994152,5.221601435630863
377,6.8292011019283745,6.62317179313567
378,4.799163179916318,5.104254380074692
379,7.6216498433693,7.365100376517788
380,6.363395225464191,6.336762534405523
381,8.836990595611285,8.964033189707003
382,4.391044776119403,4.804705166721618
383,5.517515923566879,4.981696685319796
384,3.7255244755244754,4.345282151515598
385,3.9307201458523244,3.89064225465547
386,6.468085106382978,5.44853553589801
387,4.07900677200903,4.025688422957131
388,3.833605220228385,4.061068743946804
389,4.584586466165414,5.103936825040936
390,5.451117318435754,5.34647562869427
391,4.385057471264368,4.574281809036892
392,5.586956521739131,4.283419166590081
393,5.169642857142857,4.528870013046311
394,5.4,5.752676253695439
395,3.786697247706422,4.141833239075118
396,8.78061224489796,8.019627991529472
397,5.686396677050882,5.824130758089574
398,3.8916256157635467,4.6741042893425115
399,3.374717832957111,4.297868393563264
400,4.576744186046511,4.181821361205029
401,4.794621026894865,5.332741077216056
402,5.242718446601942,4.956462123145677
403,4.0462633451957295,4.309899597069567
404,4.201570680628272,4.143188494542802
405,4.517676767676767,7.191507122903091
406,8.062404870624048,7.834772053727127
407,4.382352941176471,4.277436302819198
408,4.186486486486486,4.680752268983696
409,4.7270531400966185,4.734284949867647
410,4.75,4.098332074957692
411,8.077922077922079,6.791163980625268
412,5.224867724867725,5.304611734715852
413,3.8318670576735094,4.118570315615462
414,5.684426229508197,5.553212508793674
415,4.647859922178989,5.440796637071465
416,4.9875,4.263067248799674
417,5.072423398328691,5.908321358927893
418,7.780310880829015,6.308968826416782
419,4.384615384615385,4.66959793236102
420,4.077071290944123,4.652547971777102
421,4.906194690265487,5.2827432412114534
422,7.220008478168715,7.249791045766289
423,10.845814977973568,15.627811165311059
424,4.352941176470588,8.103891963179041
425,4.794466403162056,6.239513335451477
426,4.840361445783133,4.59422803204365
427,6.157258064516129,5.8640952597059215
428,4.233418367346939,4.120837808553812
429,5.574285714285714,4.9977990621146
430,4.1016260162601625,4.402642378913522
431,3.667953667953668,4.525859634732489
432,6.4576271186440675,6.785204576316899
433,3.4318181818181817,2.9815183467618307
434,5.423931623931624,5.152081249863075
435,6.546391752577319,5.602019060603546
436,5.4784053156146175,5.761602274327787
437,5.11018711018711,5.2170568929648535
438,4.049166666666666,4.5593759877961615
439,4.930084745762712,5.326627114542784
440,5.815831987075929,5.612800040237055
441,3.2142857142857144,2.895095191681909
442,5.1980676328502415,4.6617920807014235
443,6.094594594594595,6.3208956609882145
444,5.283194057567316,5.45091336819366
445,4.049306625577812,3.809111310529482
446,5.965986394557823,7.122881018250789
447,5.627249357326479,5.4487133027043875
448,4.851449275362318,5.319335319916885
449,6.116037735849057,5.824494927940951
450,5.311764705882353,4.966031739736568
451,3.7505882352941176,3.7715621795701217
452,7.2251461988304095,7.0891713613761205
453,5.839160839160839,5.699869146941236
454,5.545774647887324,5.42796120805769
455,5.923497267759563,6.463582973255578
456,4.6978967495219885,4.499214853922202
457,5.735798016230839,6.009728037123522
458,6.123393316195373,6.901674448265172
459,5.045454545454546,5.074565509677633
460,9.136363636363637,6.1495872568224135
461,7.672176308539945,7.305221524430463
462,5.068840579710145,4.968378731029436
463,5.098591549295775,4.840605347345582
464,5.916859122401847,5.639809026186336
465,5.8655462184873945,6.3632304719952435
466,36.075471698113205,24.374800105531143
467,5.428415300546448,5.62433379843017
468,5.711722488038277,4.679573353337787
469,4.357142857142857,4.245929967499632
470,6.444695259593679,6.8285457800335285
471,6.508045977011494,6.510598438962009
472,3.4025974025974026,3.8210594068343786
473,5.72791519434629,5.902809273232233
474,5.7913669064748206,5.130049401921508
475,4.682266009852217,4.322214583949633
476,3.324324324324324,3.556540675588275
477,4.035335689045937,5.132611176769524
478,4.235802469135803,4.020147251568153
479,5.914572864321608,5.31142889150469
480,5.489795918367347,5.610078868500297
481,4.584905660377358,4.901730232763896
482,4.739057239057239,4.629145119116406
483,3.872651356993737,4.325078598149536
484,6.4036697247706424,5.874491004617883
485,5.111111111111111,5.495854062740699
486,4.564432989690721,4.449195982443404
487,6.6454545454545455,5.905947760758133
488,3.6363636363636362,3.58868128696352
489,3.7658643326039387,4.028829344429545
490,5.731578947368421,5.466881026966234
491,5.276393831553974,4.405388407775964
492,6.095419847328245,5.617059849672782
493,3.8708860759493673,4.239280468150213
494,3.8017543859649123,4.070489507731056
495,4.756535947712418,4.98653641699419
496,6.92042755344418,6.688668066261079
497,6.7643718949609655,6.59001651534617
498,3.707317073170732,4.402444238113495
499,7.51831750339213,6.4231169434277735
500,4.621212121212121,4.884974330718673
501,6.178343949044586,6.1124946941666805
502,7.348314606741573,5.815626598061392
503,7.045045045045045,40.84056654330238
504,4.921052631578948,5.072230973351903
505,6.707512764405544,7.054068764913123
506,4.707423580786026,4.639023554036215
507,5.444444444444445,6.190112780373303
508,4.8042763157894735,4.403743681344053
509,6.563897763578275,5.690028073818441
510,5.768718801996672,5.1705386155652535
511,5.814878892733564,5.5389468598584
512,7.640625,6.73991798465726
513,4.982352941176471,4.8616410056657955
514,4.694033935413246,6.10558358987249
515,8.579281183932347,7.983056808206779
516,4.283018867924528,3.8584996681998978
517,3.957627118644068,3.58775367055498
518,4.421800947867299,4.052980455436405
519,5.1923076923076925,5.145638260822975
520,4.617647058823529,5.213801064464142
521,6.392857142857143,6.223562859210778
522,5.990610328638498,5.958148389182606
523,3.399581589958159,4.095765868501749
524,5.662650602409639,4.778052541133868
525,5.6883835279655806,5.728839054578951
526,4.730769230769231,4.431799385693479
527,4.757575757575758,3.780345105388676
528,3,3.2705490334942713
529,3.2254901960784315,4.461216465471807
530,3.365432098765432,3.5445909443709462
531,4.3983739837398375,5.274023604852879
532,3.7156398104265405,4.655041594337324
533,3.8502024291497974,3.8925545836262527
534,4.491176470588235,4.8837389699050595
535,6.590443686006826,4.881387203040256
536,6.889952153110048,7.196886817114602
537,5.08984375,5.066191997799786
538,4.683168316831683,5.226381340347915
539,5.063063063063063,4.97490780562139
540,5.833865814696486,6.315917290170017
541,5.922981366459627,6.065701327022702
542,5.585714285714285,5.553099946330494
543,9.431884057971015,7.845433294719597
544,4.798029556650246,5.1401153231795895
545,7.203571428571428,5.353548231294948
546,6.2486910994764395,5.878563919857587
547,7.837962962962963,7.67868945289405
548,5.603535353535354,5.704764334932323
549,5.349282296650718,5.377087291969856
550,6.410396716826265,5.704627758327684
551,4.681603773584905,5.239708710678479
552,5.682060390763765,5.222775109757886
553,3.713523131672598,3.9643285720603343
554,5.832699619771863,6.1849008302403865
555,4.548821548821548,4.925539051275155
556,6.766101694915254,8.69733011338711
557,4.847494553376906,4.46394680246804
558,5.791569086651054,5.246172749731219
559,8.335443037974683,6.137416577401833
560,3.77125,4.696689658207835
561,5.416851441241685,5.175964826970878
562,4.671945701357466,5.376771918337562
563,4.902761104441777,4.596064849567068
564,3.8076923076923075,3.5137134118054982
565,6.413157894736842,6.892414872713669
566,5.846808510638298,6.0877935771361535
567,6.386243386243386,7.488833458184354
568,5.0072568940493465,5.938893542671199
569,6.599340478153339,6.073622720653159
570,6.696078431372549,6.279825283962251
571,4.781609195402299,4.523470839685255
572,3.658,4.556601460829494
573,4.972014925373134,4.5956959055947735
574,3.2510822510822512,3.660497244413098
575,5.500932835820896,5.777475905959298
576,5.445026178010472,5.37603001827233
577,5.5,5.185280284946559
578,6.4,3.1011162302545587
579,3.9615384615384617,5.907414873933641
580,6.48122866894198,6.291398458342486
581,6.950980392156863,6.893601140656083
582,9.02051282051282,9.094180529296999
583,15.02116402116402,15.235885106923028
584,6.517307692307693,6.071165231451248
585,6.534632034632034,6.824205834025944
586,4.447368421052632,4.338727037206216
587,4.723214285714286,5.349624045365309
588,5.047808764940239,5.170543873563938
589,5.868421052631579,5.485870087995538
590,5.891156462585034,5.985757491980583
591,4.023041474654378,4.185764488838885
592,4,4.302707590669654
593,4.5813953488372094,4.793909937551802
594,5.6453900709219855,4.796082272601357
595,5.633986928104576,5.954587616721508
596,6.347058823529411,6.121407953912999
597,5.01,4.827036460334951
598,3.4244897959183676,3.656823088069066
599,7.002890173410405,7.125254547817731
600,6.074468085106383,6.008182540316951
601,5.678445229681979,5.231625790534504
602,5.482758620689655,5.365596213422883
603,5.676537585421412,5.475059673092032
604,4.358638743455497,4.368531760198851
605,5.666666666666667,5.660314526423865
606,5.774336283185841,5.246457602994974
607,4.1756885090218425,3.7759115238026135
608,4.2272,4.7032295075534805
609,5.210412147505423,4.73598321012267
610,3.8984375,5.073109365211389
611,3.48,3.8015322530289257
612,7.612359550561798,6.221754266580511
613,7.287625418060201,6.668193151981006
614,4.667315175097277,5.242298742103085
615,5.4171597633136095,5.7188574146926765
616,5.669527896995708,5.675019221433948
617,5.882911392405063,5.314813028427205
618,4.950391644908616,4.276528828689963
619,4.353448275862069,4.805811361214795
620,6.780612244897959,6.075263295764827
621,3.8990825688073394,3.874495118909835
622,3.868544600938967,4.619149481085605
623,4.9363636363636365,4.870412568131092
624,9.72983870967742,8.445300851510652
625,4.575903614457832,4.641304818311472
626,5.566197183098591,5.674603582210295
627,4.2304609218436875,5.2239391195015195
628,7.825970548862115,8.202434368835348
629,5.862934362934363,5.616593865634602
630,5.338485316846986,4.975638839177645
631,3.6772727272727272,5.208343243009374
632,3.7172619047619047,3.3161053481218623
633,4.9748427672955975,5.049854659817278
634,5.245901639344262,4.5830294494597785
635,5.233333333333333,5.134993398610291
636,6.340425531914893,5.566214096187873
637,4.817610062893082,5.1762892261531395
638,4.997840172786177,4.941201126514859
639,4.422018348623853,4.41045274305017
640,5.552147239263804,5.301174107064792
641,5.4935064935064934,5.490772880313356
642,5.510204081632653,5.151679045659613
643,5.019607843137255,4.982467500203686
644,4.3887043189368775,4.288038783847767
645,6.561576354679803,6.172191955254897
646,5.416666666666667,5.465959415358492
647,5.815789473684211,5.73032585690993
648,7.085858585858586,5.453956388697854
649,5.777777777777778,5.472520498177387
650,3.611111111111111,3.474052815484269
651,3.725,3.8549919977783924
652,4.9800796812749,4.748016122857894
653,4.3478260869565215,4.26573413925631
654,8.095914742451155,6.643614630491419
655,4.515037593984962,4.474741031098853
656,4.593167701863354,3.9641828906446896
657,4.398119122257054,4.965944290865798
658,4.980842911877395,4.968177663502109
659,3.6130500758725344,3.629299601614388
660,4.155555555555556,4.708943475717038
661,4.647619047619048,5.215063925978102
662,8.394871794871795,8.385176136957865
663,4.712765957446808,4.604973289355938
664,5.095541401273885,4.843720179183823
665,5.541322314049586,5.526464242383326
666,5.237924865831842,4.9912811302345625
667,6.220264317180617,5.885530723236943
668,4.978062157221206,4.813490589103941
669,5.014285714285714,5.460708393809995
670,6.085790884718499,6.137717461844776
671,3.4140786749482404,3.613209645074396
672,7.472103004291846,7.787983536015242
673,4.347222222222222,4.087380424430978
674,4.575320512820513,5.003612305785539
675,6.8625,6.7123848731426285
676,5.367875647668394,4.441486454298857
677,7.972375690607735,7.0252983058093355
678,7.50853889943074,6.54198715302568
679,7.306990881458966,8.526355979830665
680,4.808344198174707,4.791193749327738
681,4.097639484978541,3.8223889790757326
682,5.33030303030303,4.444820162351407
683,6.4614243323442135,6.715735218600101
684,6.423324150596878,6.680729331694523
685,6.62621359223301,5.9376220550406735
686,6.410891089108911,6.2711205458974035
687,6.048484848484849,5.669313438783811
688,4.2020905923344944,4.774154064676154
689,4.7375,7.413847716721222
690,4.473684210526316,5.063924824040649
691,4.466666666666667,5.261353556867
692,5.986175115207374,5.537905098836435
693,4.946428571428571,5.067133971972112
694,5.457777777777777,5.049943475339365
695,5.212435233160622,5.344078159929001
696,4.344,5.063114994788128
697,2.996978851963746,4.1513672143526295
698,4.099201824401368,4.068728413087292
699,5.556521739130435,5.130170942119149
700,5.306590257879656,5.4648163994997105
701,4.1735751295336785,4.35993781095405
702,6.362917398945519,6.611419518379275
703,3.757617728531856,3.972692162983247
704,4.699346405228758,4.118934373741478
705,6.567357512953368,6.774815772387157
706,5.580487804878048,5.767584026729664
707,5.727411944869831,5.425119138288191
708,3.683250414593698,3.6168448504607893
709,6.0583941605839415,6.26962689273749
710,5.029007633587787,5.164896790537332
711,5.602434077079107,5.115241215738382
712,8.105882352941176,7.361911437561422
713,4.48132183908046,3.9243178868564645
714,4.212014134275618,4.392090365431482
715,5.475218658892128,5.131928891613691
716,4.955375253549696,4.766658942982054
717,5.572327044025157,5.051203969203545
718,5.361702127659575,5.639077249046546
719,4.071917808219178,4.9379796606359685
720,6.68,6.17603293555479
721,6.362745098039215,5.552150754165648
722,5.508710801393728,5.485334211425936
723,6.682779456193353,5.8118109912982066
724,7.397058823529412,6.525858004075283
725,4.258389261744966,3.834860196054846
726,3.4987951807228916,3.6990873475229096
727,5.327127659574468,5.327619837586501
728,5.415094339622642,5.221703288897778
729,4.213703099510604,4.517747285072844
730,4.880681818181818,5.850643120517404
731,5.1156186612576064,5.8912567546995644
732,2.5156418554476807,3.2950818842597562
733,4.947890818858561,5.228772381209895
734,6.75046904315197,6.234327671509353
735,7.275862068965517,6.330130461363223
736,6.0246913580246915,5.4697669159627615
737,5.068783068783069,6.158993873883494
738,3.331269349845201,3.443788108520526
739,4.575221238938053,4.085619683351775
740,4.712962962962963,4.796526972523563
741,5.052777777777778,4.635340013489786
742,3.8384512683578103,4.361639798508583
743,6.935114503816794,6.63177198569277
744,6.58154859967051,5.889831214987525
745,4.762406015037594,4.140978040136696
746,5.550552251486831,5.411906217866611
747,4.65242718446602,5.146968910343893
748,5.572413793103448,6.5275314723102635
749,5.416393442622951,5.364043324536852
750,4.582926829268293,5.529490266263311
751,6.794964028776978,6.425114725072316
752,6.185737976782753,5.954727941732931
753,5.723880597014926,5.238150608759964
754,4.969072164948454,6.3119074849707575
755,5.735343383584589,6.569244153699277
756,3.809090909090909,4.4778982021696
757,7.507731958762887,7.044153501852538
758,6.2155844155844155,5.412848650807367
759,3.742523705324581,3.6400063200325112
760,3.0472103004291844,3.672996314252302
761,4.829351535836177,4.5010196540914045
762,3.125,3.888818326424629
763,4.324055666003976,4.487211609568505
764,7.054054054054054,6.621591130020276
765,5.28021978021978,5.171182738699634
766,5.981969486823855,6.268962035417937
767,7.829396325459317,8.923650515645944
768,6.296747967479675,7.048471099207637
769,5.764227642276423,5.52637728106405
770,4.038664323374341,4.633556246529968
771,3.9721115537848606,4.378021495637364
772,4.934725848563969,4.9463879342611055
773,2.8994152046783626,3.4261941297651033
774,5.484011627906977,5.921797933416945
775,3.9864864864864864,4.255410764945419
776,5.599378881987578,5.631666874202122
777,6.751497005988024,6.673930204995379
778,4.622222222222222,4.715193816831228
779,5.0339943342776206,5.34305923065921
780,5.374631268436578,5.031605909354591
781,5.878195488721804,6.031755073758771
782,3.691891891891892,4.408915651948682
783,4.094462540716612,4.386038654546377
784,5.912820512820513,6.590385794946926
785,4.611607142857143,4.630628801647639
786,5.4555837563451774,5.511632217746593
787,3.3656821378340367,4.123816043132651
788,4.3355704697986575,4.5775234913605285
789,5.873096446700508,5.471255699796836
790,5.089689265536723,5.260551333371347
791,5.315852205005959,4.953398373496249
792,4.305019305019305,4.372550130281944
793,3.9408450704225353,4.855270960825303
794,7.139275766016713,6.997537161639597
795,5.511326860841424,6.1863515816838905
796,6.504545454545455,7.796337859891972
797,6.517985611510792,6.239619559370389
798,5.2509855453350855,4.7746148426212285
799,5.236538461538461,4.917858136304991
800,3.904831625183016,3.4294865049018615
801,5.497175141242938,4.853440882151598
802,5.026699029126213,5.378372778105598
803,6.876494023904383,6.03574862846807
804,4.879213483146067,4.944792846350923
805,4.5,4.320830405118482
806,5.3442088091354,5.407448489792852
807,6.8545454545454545,4.840586959479953
808,5.481037924151696,5.2368339532932
809,5.136125654450262,5.424981772953176
810,6.16986301369863,5.953883055538723
811,5.714285714285714,4.114523164921797
812,3.728125,3.384291818900203
813,4.3605313092979125,4.865067893142747
814,4.833333333333333,5.654318591493411
815,5.134883720930232,5.644195440941308
816,4.308965517241379,4.509476433789384
817,4.586274509803921,4.706564239733631
818,6.087396504139835,6.2964282771987286
819,4.53427065026362,3.9912496734678
820,5.02546689303905,4.745279031685982
821,4.805602716468591,4.976630824029161
822,7.664233576642336,6.466258791650492
823,6.135135135135135,4.851283043894847
824,5.858597285067873,5.5283923512028625
825,6.080530973451327,5.850526075745258
826,6.6122715404699735,6.580997526354981
827,5.07088122605364,4.93690860571291
828,5.030973451327434,4.213984950084267
829,3.5324858757062145,3.4731027117351454
830,5.244318181818182,4.722951993001791
831,11.098130841121495,11.685045563552125
832,4.31023102310231,4.114739707633239
833,3.8945022288261515,4.425040197988068
834,4.7063953488372094,5.54115565889931
835,4.906103286384977,5.147515198557496
836,5.4788461538461535,4.461889711123925
837,8.134038800705467,7.338915667930492
838,4.163716814159292,4.333116030447126
839,4.357522123893805,4.2903601822158866
840,4.421686746987952,4.806970518576961
841,5.443807339449541,5.573647646828487
842,5.3171728971962615,4.829724495562386
843,5.498901098901099,5.110243841967835
844,4.424242424242424,4.875412190846528
845,4.637271214642263,4.836201785412401
846,4.405882352941177,5.009607290274403
847,4.876344086021505,4.62160070807696
848,3.431693989071038,3.7080515022776486
849,5.338144329896907,5.860992804882388
850,3.447058823529412,4.00396877307637
851,4.766414141414141,5.024424672658949
852,6.170940170940171,6.298471101517254
853,5.4411764705882355,5.2199314112483295
854,4.012886597938144,4.535134045432887
855,4.302564102564102,4.619606018162331
856,6.118892508143323,5.507507310669993
857,5.642307692307693,5.483344204239366
858,3.425531914893617,3.8886896591435365
859,5.996923076923077,5.602983766430549
860,6.498630136986302,5.39507230755935
861,5.076326002587322,5.237582264023139
862,6.620947630922693,6.00655956989033
863,5.557603686635945,6.094646247926329
864,5.024570024570025,4.541268102496084
865,4.5576923076923075,5.414810225788072
866,5.375621890547263,5.737395845924519
867,5.60091743119266,5.186386387536649
868,6.285714285714286,4.641912002646601
869,5.907090464547677,5.366591902294653
870,5.701252236135957,5.3118741787867965
871,5.49438202247191,5.098564262482263
872,10.953586497890296,8.630107301758096
873,6.369668246445498,6.220349010275062
874,4.730103806228374,5.689411124348973
875,4.826666666666667,4.662034649333407
876,6.6767676767676765,6.887739698987609
877,4.375634517766497,5.632965339606113
878,5.697058823529412,5.160501950291586
879,3.8285714285714287,3.4575536659840695
880,6.107226107226107,6.016721586712644
881,5.6594827586206895,6.781231824053467
882,6.80359820089955,6.110424386509776
883,5.180451127819549,5.897177168295746
884,6.833333333333333,6.5159073502116955
885,5.110738255033557,5.518653663291353
886,4.7625,5.703738466108953
887,5.303030303030303,4.348414524578809
888,4.211594202898551,4.259958511484985
889,3.878524945770065,4.800342906854121
890,6.057575757575758,6.250287541848712
891,5.291814946619217,5.259726226230507
892,5.147058823529412,5.492672367027579
893,3.7452991452991453,4.9069270087168135
894,5.588095238095238,6.766288550068902
895,3.7735849056603774,4.468361134178787
896,4.605475040257649,4.321692543939634
897,6.466101694915254,6.234140151044222
898,5.09375,4.052457172722288
899,2.5114754098360654,4.335090845670051
900,5.320610687022901,5.844096419013184
901,6.878048780487805,5.675968687088331
902,6.325714285714286,5.578770548683562
903,4.20985401459854,3.992066836132297
904,4.69375,4.314802428276113
905,4.841059602649007,3.9019652895151236
906,8.586206896551724,8.308493085529063
907,4.8125,5.339033816643062
908,4.6050955414012735,3.828299310841763
909,6.675814751286449,6.557388684787255
910,3.662847790507365,4.028415688483776
911,5.533980582524272,5.5647351800150355
912,6.8808510638297875,6.014069693049042
913,5.878571428571429,4.5599829533775225
914,8.586705202312139,8.202203349069734
915,5.50561797752809,4.697171510665655
916,4.701970443349754,4.142389330493431
917,5.412844036697248,5.2834609781574144
918,4.4734513274336285,3.8374371448022373
919,7.670411985018727,7.958667530911657
920,4.456140350877193,5.010728519363518
921,6.501766784452297,5.855405544668264
922,5.366754617414248,5.294196740489157
923,5.959550561797752,5.415059414864114
924,4.9393939393939394,4.581011186271438
925,5.3250883392226145,4.930239786754269
926,5.733542319749216,4.6670147759506335
927,7.226993865030675,6.844015152807638
928,4.2631578947368425,4.9201969251898765
929,4.277246653919694,4.633970747499079
930,5.740671641791045,5.917319250906349
931,7.8739903069466886,7.857945466819914
932,6.618497109826589,4.561500770142044
933,5.196351931330472,5.432222914861645
934,4.192023633677991,4.42260836565714
935,3.70873786407767,3.947294429590743
936,5.299813780260708,4.867789412362525
937,4.713833157338965,4.9291708281742945
938,10.529255319148936,11.458627871787261
939,4.733333333333333,4.511546007353687
940,5.224137931034483,5.7649348551540625
941,6.110112359550562,5.945214165004149
942,5.712,5.04245976674101
943,5.482014388489208,5.6239151779273415
944,5.119537275064268,4.460707469491515
945,5.715672676837725,4.965141337480496
946,3.710227272727273,4.18490912242305
947,3.251063829787234,3.4046069240906514
948,4.291989664082688,4.932478337162023
949,4.051020408163265,4.165067189851266
950,5.334224598930481,5.336267859986663
951,4.532994923857868,3.9074285910521525
952,4.066202090592334,4.813235148511746
953,4.798722044728435,3.8355916904178113
954,5.487544483985765,4.917468030666316
955,5.55510752688172,5.84212149158453
956,6.537349397590361,6.5524043029311105
957,5.532697547683924,5.335459042654457
958,4.027681660899654,4.438923367393409
959,6.162280701754386,5.978642529264985
960,4.777070063694268,4.777502282369998
961,8.385678391959798,8.85435355454121
962,6.180769230769231,5.397238670837503
963,7.139240506329114,6.633262978684894
964,7.375565610859729,6.764816438210778
965,6.6875,5.568035106176017
966,5.544303797468355,4.8804662948736866
967,5.6019736842105265,5.524816291079708
968,4.8881578947368425,5.144311262643125
969,4.145833333333333,4.3810893256565535
970,6.084507042253521,6.069571726396639
971,8.16588785046729,6.4921132616753905
972,5.281914893617022,4.940535912847531
973,2.623205741626794,3.091240607513678
974,3.4592391304347827,3.579293048628037
975,4.474714518760195,5.825536209043572
976,5.45,5.439727517405769
977,4.714285714285714,4.526029518112112
978,7.271111111111111,5.818663186159448
979,4.533795493934142,4.381402803796642
980,5.752631578947368,5.306196476784709
981,4.61407249466951,4.626359884826745
982,5.045296167247387,4.927784403688829
983,5.776412776412776,5.698257248588081
984,6.704761904761905,9.93158645212782
985,4.8961538461538465,3.8069570311745986
986,5.24179104477612,5.536653439603732
987,8.209016393442623,7.936630147929119
988,4.548969072164948,5.137741197374283
989,5.984455958549223,6.693043993321656
990,4.5210084033613445,5.056647215093485
991,6.3323170731707314,5.1506628638038015
992,5.582491582491582,5.6302596120907085
993,5.609427609427609,5.9440962676715525
994,6.34113712374582,6.615801563363217
995,5.48785046728972,6.311920786486262
996,5.925531914893617,5.722289370981391
997,2.942115768463074,3.5072104101816812
998,8.406175771971496,8.322651175952265
999,5.685258964143427,6.108198151213265
1000,4.701456310679611,4.3443136925952714
1001,3.793296089385475,4.107154938432437
1002,4.858620689655172,4.954242534806056
1003,6.282296650717703,5.591602645023282
1004,5.980392156862745,6.018987990908846
1005,5.46095717884131,5.651489958215226
1006,2.2857142857142856,3.0228871913484574
1007,5.419354838709677,5.004764491370322
1008,5.150485436893204,5.6720906853511845
1009,6.178885630498534,6.074751216913031
1010,4.9125,5.287237590634969
1011,5.410596026490066,6.348971522374619
1012,5.407407407407407,4.907517167072005
1013,5.8621621621621625,5.56696456807101
1014,8.166666666666666,7.62012894130443
1015,5.387931034482759,5.327023338572065
1016,5.131436314363143,4.618280890944189
1017,6.630952380952381,8.492310592759445
1018,4.035019455252918,3.605437961509283
1019,4.852216748768473,5.2862060361230805
1020,4.274308300395257,4.386456634301987
1021,7.2148337595907925,6.671498283372525
1022,4.47953216374269,4.722994685571203
1023,4.37160751565762,5.710057198407337
1024,5.805633802816901,6.238805670422112
1025,4.516908212560386,4.193286237767565
1026,5.607638888888889,5.7944649879439325
1027,5.19811320754717,5.210816584119823
1028,5.343434343434343,5.879404194763219
1029,3.8655256723716382,4.442579576638505
1030,7.718346253229974,6.806389391563599
1031,6.890710382513661,7.051658540957947
1032,4.488027366020525,4.653783925197187
1033,3.9454297407912686,4.84491207964353
1034,7.368303571428571,8.968626238523221
1035,5.248502994011976,4.9152172891844845
1036,4.687344913151365,5.362787473523965
1037,4.478260869565218,5.062904353563217
1038,3.6778975741239894,4.250438199271104
1039,8.213541666666666,7.700960632538106
1040,5.2644927536231885,5.256929107428726
1041,5.32404181184669,4.170022759238819
1042,3.3309352517985613,3.1591742325331684
1043,5.087859424920127,4.3251923348811205
1044,4.359805510534846,4.25332751950964
1045,4.976351351351352,5.140824446736283
1046,5.74384236453202,6.237434990982433
1047,6.532467532467533,6.519488665338287
1048,5.264928511354079,4.674676674434634
1049,5.39493670886076,5.911041802608535
1050,3.812807881773399,3.967183539396326
1051,3.8518518518518516,3.465195645040331
1052,4.3364928909952605,4.393001326079856
1053,3.421338155515371,3.905479465991622
1054,4.907723169508525,4.899814831555702
1055,6.239175257731959,5.326623261263652
1056,4.463119709794437,4.316559688196364
1057,7.045936395759718,6.527680836357265
1058,4.20952380952381,4.057323475615513
1059,5.327044025157233,5.137070468853963
1060,3.242857142857143,4.972424304809263
1061,4.30958904109589,3.8489022311487835
1062,5.506666666666667,5.421662539126852
1063,7.282798833819242,7.279937125254038
1064,4.963855421686747,5.49722444861095
1065,2.5810055865921786,3.7788652648486534
1066,7.334346504559271,6.860735394425976
1067,5.158441558441559,5.431286201259864
1068,5.724757952973721,4.8931821039592425
1069,4.2625250501002006,4.60067088828878
1070,5.193661971830986,4.3785341732800145
1071,4.916,4.9801889658348415
1072,5.0026431718061675,5.225982425755806
1073,7.638461538461539,7.40165255774079
1074,5.424568965517241,5.468634013680732
1075,8.197771587743732,7.5126562258533784
1076,5.247844827586207,5.191470870648975
1077,5.273076923076923,5.593966123570645
1078,5.506849315068493,5.635174670584836
1079,4.050724637681159,3.7925745640858146
1080,8.483018867924528,7.434267967870102
1081,4.646907216494846,5.318205565622524
1082,6.297087378640777,6.791443456120412
1083,4.442896935933148,4.621175598700777
1084,5.234567901234568,4.8234109328797174
1085,4.277777777777778,5.061928142890695
1086,7.289962825278811,7.161571356636202
1087,3.619047619047619,3.593599434885898
1088,5.051971326164875,4.798644752413714
1089,5.165605095541402,5.937647229191446
1090,3.5287517531556802,3.1650223651205005
1091,5.013824884792626,5.374961485249473
1092,3.279620853080569,3.211334188031051
1093,4.64,4.253186774760297
1094,5.436813186813187,6.5175428091785035
1095,7.01010101010101,6.560551893295095
1096,5.747448979591836,5.4316061180045505
1097,4.37219730941704,4.787216561040373
1098,5.41031941031941,5.98242422522762
1099,5.058375634517766,4.16754775713603
1100,5.181034482758621,5.067279604261504
1101,3.409090909090909,3.2290875368781236
1102,7.449180327868852,7.520107046823109
1103,4.564,4.817931814388214
1104,4.613157894736842,4.421414001442058
1105,3.376470588235294,4.303729902185337
1106,5.944827586206896,5.928912189429997
1107,6.166031987814166,6.652491245120865
1108,4.9152892561983474,5.16846438634302
1109,4.65,4.807241013075691
1110,5.123809523809523,4.944583947068461
1111,5.718840579710145,6.252894962198901
1112,5.944723618090452,6.898265691248099
1113,5.833333333333333,6.467059233381295
1114,2.1992417860151643,3.674690861119669
1115,6.855371900826446,6.2050858030889735
1116,5.024793388429752,5.039573074309881
1117,6.103633916554509,6.260252506403677
1118,4,3.7302599728216816
1119,4.919540229885057,4.289203610262578
1120,3.557377049180328,5.339165110205427
1121,5.265060240963855,5.607495925216708
1122,9.282051282051283,7.337213772866992
1123,19.96212121212121,22.12452180458753
1124,4.765217391304348,4.347905241855229
1125,5.7973621103117505,6.046658422192738
1126,4.88785046728972,4.901331135658422
1127,6.191111111111111,6.650367503704288
1128,5.330935251798561,5.774687663293731
1129,6.042553191489362,6.425158164265163
1130,5.519572953736655,5.758200109891962
1131,6.151943462897527,7.561790459123564
1132,5.427083333333333,5.152656385903832
1133,4.882086167800454,4.009659057123732
1134,3.7939481268011526,4.097951469427317
1135,6.334876543209877,5.785138063244417
1136,4.392523364485982,4.896137687126301
1137,4.690376569037657,4.269810304068656
1138,2.237474262182567,3.504133009723025
1139,3.700356718192628,3.400519510543508
1140,4.795454545454546,4.210415268162505
1141,2.5454545454545454,3.179351723817217
1142,4.492581602373887,4.866256903778938
1143,3.9751908396946565,4.279762279390073
1144,3.3625866050808315,3.809475356725944
1145,4.466019417475728,6.018390024494195
1146,5.25095785440613,5.821517336525371
1147,5.62043795620438,4.8237819419438495
1148,5.346072186836518,5.1424814923752065
1149,5.040302267002519,4.964031413530876
1150,7.793388429752066,7.659313122530516
1151,6.204166666666667,5.861960539190993
1152,7.626506024096385,7.568701273674636
1153,3.4384133611691023,3.6624231711070365
1154,5.646288209606987,5.0349905847699254
1155,3.6592592592592594,3.70160698447036
1156,5.772455089820359,5.831691158676067
1157,5.420054200542006,5.487677847051186
1158,3.595808383233533,3.842212375312013
1159,13.408082408874803,19.394573936492066
1160,3.9214195183776934,4.425399385800276
1161,4.215932914046122,4.25692807785534
1162,4.521428571428571,4.51929185670058
1163,4.113149847094801,4.403710887873922
1164,4.877729257641922,5.414482675542761
1165,4.4731457800511505,5.542380017673531
1166,3.2733918128654973,3.516745864427299
1167,6.109756097560975,4.520950080623676
1168,5.398190045248869,4.869779110517861
1169,4.350746268656716,3.8974686321245064
1170,3.919753086419753,4.540779922665911
1171,4.462915601023018,4.457846364003098
1172,5.019157088122605,6.211666220658474
1173,6.529202279202279,7.10328128744252
1174,4.32994923857868,4.463062612860779
1175,4.013353115727003,3.5762949864175884
1176,6.290322580645161,5.9313952625325825
1177,4.6923076923076925,4.842837571556605
1178,5.310064935064935,4.329358492524073
1179,4.426829268292683,4.21475293574811
1180,4.064638783269962,4.728530776227166
1181,3.8299319727891157,3.567683669838731
1182,4.854368932038835,5.571008048427124
1183,6.03139534883721,6.629446401232595
1184,5.714285714285714,6.995759950284816
1185,5.154491017964072,5.6696129012396765
1186,7.102439024390244,6.567659800336267
1187,5.389399293286219,4.373380916029533
1188,5.6409638554216865,4.923297955488432
1189,4.3951890034364265,3.928200247737606
1190,5.440251572327044,4.880065224601589
1191,4.126719768283852,3.914269878426255
1192,2.8418367346938775,3.6142738324343924
1193,6.119891008174387,6.667991323067627
1194,4.785992217898833,5.958221549034208
1195,4.744471744471745,5.778728539424368
1196,5.214452214452215,5.654378910472225
1197,6.828947368421052,6.306690909387169
1198,4.077540106951871,4.2768320572196
1199,7.246951219512195,7.4252036278410625
1200,3.3465798045602604,3.92900152057998
1201,3.972299168975069,5.0979837566205894
1202,4.106457242582897,4.761998021956527
1203,4.360169491525424,4.572436165584186
1204,8.046511627906977,7.99796563438169
1205,2.495145631067961,3.934106380274541
1206,6.743006993006993,7.154611635204672
1207,6.454545454545454,6.913440313901926
1208,5.281012658227848,6.167902484520908
1209,5.22392135445112,4.69760104251187
1210,6.117370892018779,5.509071734391323
1211,5.261842105263158,5.398561080832092
1212,4.023529411764706,4.66466932886134
1213,3.5046728971962615,3.7764329234274596
1214,5.395017793594306,5.509973340490343
1215,5.2696969696969695,4.595644128970359
1216,4.635658914728682,5.245757448361535
1217,7.150462962962963,7.187056473176418
1218,4.122270742358078,4.481072278801191
1219,4.720430107526882,5.09935194534831
1220,5.106481481481482,4.911137815055579
1221,5.926470588235294,5.928530761235384
1222,6.767241379310345,6.319334084619141
1223,4.426470588235294,4.760435986013942
1224,3.7484536082474227,3.9117106548556606
1225,6.672131147540983,7.280842336810988
1226,5.277064220183486,4.328302034846389
1227,5.949781659388647,5.746720651960967
1228,4.326164874551972,5.622872008554541
1229,5.019077901430842,4.888334228822977
1230,6.831578947368421,6.068210670222486
1231,5.99234693877551,6.305837593634813
1232,4.994082840236686,5.588092148109442
1233,3.4615384615384617,4.307326992471073
1234,3.6666666666666665,2.1817973016195222
1235,5.124293785310734,4.770245024391218
1236,4.055194805194805,5.19144033062206
1237,5.298076923076923,4.388254548154735
1238,7.830985915492958,6.099306886822248
1239,7.1246105919003115,7.676889413239332
1240,7.028436018957346,5.853010734694753
1241,6.196296296296296,6.167394497850469
1242,3.876923076923077,4.73106915213568
1243,8.043754972155927,8.054679158511192
1244,3.6596638655462184,4.077729554498733
1245,4.908554572271386,4.865040836261809
1246,4.2368421052631575,4.141305690627069
1247,5.896240601503759,5.561720182795678
1248,7.96875,7.75594978571578
1249,5.717889908256881,6.2859269768845625
1250,3.142857142857143,7.0887513930431005
1251,7.1386666666666665,6.319913172987188
1252,5.281081081081081,5.404363294937714
1253,10.5,8.989549456482557
1254,5.984375,6.1147464330552985
1255,6.235294117647059,5.374121719791383
1256,7.15748031496063,5.157339130444051
1257,5.4613686534216335,5.505521482122335
1258,8.119205298013245,5.882057402789218
1259,6.382758620689655,5.86097495133235
1260,5.060948081264108,5.35976464606043
1261,1.972644376899696,3.2768861842881023
1262,5.272151898734177,5.373156138237275
1263,6.052380952380952,5.857024639968862
1264,5.701227830832196,5.618982937644811
1265,5.672131147540983,5.421583527438777
1266,5.058181818181819,4.57144570190413
1267,5.405405405405405,5.2191298527990755
1268,3.46843853820598,4.259615110977225
1269,5.332576617480136,5.151127945437761
1270,4.184873949579832,4.660789202442697
1271,3.2228047182175623,3.5273262542138424
1272,5.876190476190477,4.9412801608365875
1273,4.6652892561983474,4.494208404444748
1274,6.226519337016574,5.782725574774577
1275,5.561797752808989,5.472899319894779
1276,6.903465346534653,6.090190102442165
1277,3.7553956834532376,5.098923902427498
1278,8.075949367088608,7.034951366023677
1279,5.389048991354467,5.960694482347802
1280,5.603174603174603,4.525980854662758
1281,5.422832980972516,5.644309013884834
1282,5.835051546391752,6.100752838672025
1283,4.4673539518900345,5.084725507574731
1284,4.634099616858237,5.18312553371002
1285,6.107142857142857,4.5278656803108035
1286,6.343373493975903,7.102069624615259
1287,4.3942414174972315,5.088263707910387
1288,6.103286384976526,5.613682975662867
1289,5.268156424581005,6.022673103786701
1290,4.996610169491525,4.961008586418235
1291,6.707746478873239,6.209839847748341
1292,6.062909567496724,6.800199484553065
1293,5.942760942760943,6.508400120970903
1294,5.232294617563739,4.750854979929701
1295,6.3704712612367205,5.823875276576736
1296,5.604,5.4966031250532374
1297,3.795238095238095,3.020150034637062
1298,5.475935828877005,5.167808929467984
1299,3.9160919540229884,4.76882280914405
1300,4.228937728937729,3.9498864301314707
1301,4.9825,4.498269082840043
1302,3.845208845208845,3.360062428515622
1303,7.738853503184713,7.946031948030651
1304,5.62962962962963,6.392850856176606
1305,14.777777777777779,18.50243130475856
1306,5.43202416918429,5.00454844480417
1307,4.383015597920277,4.987412483252384
1308,3.7196132596685083,4.312723610563042
1309,5.775910364145658,5.6207881125267996
1310,4.890824622531939,5.644292966696675
1311,6.69038208168643,6.325616602489408
1312,6.117647058823529,6.202502340802397
1313,6.153905645784996,6.337914357001425
1314,5.132553606237817,5.078844069352584
1315,8.106100795755967,7.488991099167363
1316,3.694103194103194,4.277555046847003
1317,6.873103448275862,7.586647973911522
1318,4.457575757575758,4.749299895218657
1319,3.4126506024096384,3.746525787770063
1320,6.892109500805153,6.446000694112144
1321,8.379576107899807,7.202609088908619
1322,5.571741511500548,5.3601211685724985
1323,6.961937716262976,6.68043393002784
1324,5.003225806451613,5.035963330703548
1325,4.975903614457831,5.363142752031857
1326,4.384615384615385,4.620306702282036
1327,7.1722846441947565,6.820824534329287
1328,7.54,7.026174752705062
1329,5.366323907455013,5.784574383479322
1330,4.862857142857143,5.148788665049123
1331,5.967171717171717,5.665562186218752
1332,4.465478841870824,4.718209003814678
1333,4.562,4.509837935170431
1334,5.078407720144753,3.612417415022165
1335,7.580474934036939,6.6479129824186325
1336,6.81413612565445,6.702104191812813
1337,4.847184986595174,4.6039373956671525
1338,5.023076923076923,5.03367750644221
1339,6.201727328809377,5.02796396272591
1340,5.24223602484472,4.6122035334839575
1341,5.344594594594595,5.0393127456227385
1342,4.392905866302865,3.1322474369343474
1343,4.784386617100372,4.78504295783694
1344,5.489830508474577,4.2840429711713455
1345,10.787581699346406,41.56908715075769
1346,3.016476552598226,3.6699441776806516
1347,4.100358422939068,4.060074267518126
1348,5.332432432432433,5.619834206532108
1349,5.166841552990556,4.843597554522383
1350,3.743119266055046,3.3878595553370645
1351,4.232018561484919,3.777073592917445
1352,4.446511627906977,4.790687499754824
1353,7.340702210663199,7.428334680379421
1354,4.687074829931973,4.795410204535954
1355,14.189349112426035,19.35820691251021
1356,2.5,2.7348595944791656
1357,6.645631067961165,6.632075932477784
1358,5.305160142348755,5.234286711156447
1359,3.87515299877601,4.18058137705275
1360,7.112612612612613,6.081033828401822
1361,3.9490084985835696,4.735023448120574
1362,5.292878635907723,5.097922916924737
1363,4.548,4.668637631044048
1364,5.286415711947627,5.080366288162295
1365,6.087649402390438,7.78035651456934
1366,5.742667404537908,5.860013434789039
1367,4.792284866468843,5.843559524951218
1368,5.3745318352059925,5.385458970124463
1369,4.592417061611374,5.165742538451465
1370,5.557647058823529,5.945235207883566
1371,5.312803889789303,5.51667718278747
1372,6.061361457334612,5.991282418447685
1373,5.90258449304175,5.653416926017168
1374,6.020351526364477,5.930548296982237
1375,5.213903743315508,4.686285479703792
1376,5.767955801104972,6.007513619322543
1377,6.578947368421052,6.916259466560809
1378,3.857142857142857,3.6152786228462466
1379,3,4.54772379350925
1380,4.76303317535545,4.4019524253176865
1381,4.766949152542373,5.431210845863381
1382,6.75,7.866285353176037
1383,5.358267716535433,6.211860686227315
1384,4.5588793922127255,4.392573881500667
1385,6.702479338842975,6.839828705439441
1386,6.709302325581396,6.012357485447904
1387,4.485969387755102,4.525745525409004
1388,4.385767790262173,5.988354912732276
1389,4.675097276264592,4.562374348162839
1390,8.014634146341463,7.790261620960575
1391,3.62803738317757,3.0859614055253317
1392,5.84,6.095299668116843
1393,3.9818031430934657,3.483533790963575
1394,2.7142857142857144,3.0856334791211792
1395,6.9372937293729375,7.6921445742963535
1396,7.112558139534884,7.028111836651042
1397,4.813708260105448,5.118026842969297
1398,5.1030303030303035,5.351300643685956
1399,5.466911764705882,4.3839211963128175
1400,2.342070773263434,2.938037038171953
1401,6.812807881773399,6.745398304666376
1402,3.6578947368421053,3.926453682298003
1403,5.319444444444445,6.631434893919358
1404,3.991812865497076,4.237607369468906
1405,4.422062350119904,4.045457343606466
1406,4.765873015873016,4.433178822043281
1407,5.226415094339623,3.9990633161934053
1408,5.981432360742706,5.969421424990985
1409,6.330494037478705,6.128453657732564
1410,4.977088948787062,4.716641971557417
1411,3.665148063781321,4.900450932467702
1412,4.942857142857143,3.8322771902025736
1413,3.9021113243762,4.112509259015194
1414,4.882352941176471,4.600751148330828
1415,4.140608604407135,4.860100765261393
1416,3.2795081967213116,3.413413235394268
1417,6.096871846619576,5.916189146924071
1418,5.805015673981191,6.202832445984985
1419,5.6251851851851855,5.80846025750567
1420,3.3209606986899565,3.7245149758521845
1421,4.590909090909091,4.889962346328513
1422,3.1382978723404253,3.642510743531907
1423,7.3478260869565215,9.66741595563554
1424,5.017761989342806,5.148777365225128
1425,6.014285714285714,5.446942236927635
1426,3.800711743772242,3.3536422867722147
1427,4.2817955112219455,4.44392381579507
1428,2.6923076923076925,3.3831449680814325
1429,9.53211009174312,9.468620392441903
1430,4.243478260869566,4.212638294162236
1431,3.7245053272450535,5.0683025546199225
1432,4.696132596685083,6.042131197392819
1433,5.449317738791423,4.850831977455229
1434,4.920454545454546,6.497216417916496
1435,4.408602150537634,4.090586802426383
1436,4.397831526271894,4.800514136048613
1437,6.672645739910314,6.729807671639255
1438,4.291479820627803,5.070573812961863
1439,4.864457831325301,4.78837587712027
1440,4.444253859348199,4.319523890780731
1441,5.873076923076923,7.12183179588457
1442,7.665952890792291,7.395806730187685
1443,3.4464285714285716,4.552474294257295
1444,5.372596153846154,5.3805267854608765
1445,26.452173913043477,29.83192174426262
1446,3.4476386036960984,3.8398729122803927
1447,5.207272727272727,5.474964686696975
1448,4.3386004514672685,4.871819787165151
1449,5.8730650154798765,6.275649151287742
1450,3.5,3.2327565279832955
1451,5.479166666666667,5.3528612094421675
1452,4.892253931275481,5.107951081310836
1453,5.493333333333333,4.715870328431524
1454,6.176136363636363,4.52780273740548
1455,6.549701046337818,6.837068630740252
1456,4.46780303030303,5.344435568109434
1457,5.9301533219761495,5.471005931553041
1458,5.151515151515151,5.139190739779122
1459,4.424050632911392,5.044720238396741
1460,4.767910447761194,5.313121197044636
1461,6.221590909090909,6.104565099060579
1462,4.035320088300221,5.349604191430206
1463,3.392857142857143,4.552292954275012
1464,4.403292181069959,4.263081146316813
1465,3.326241134751773,3.826024178443645
1466,5.0990873533246415,4.253062065331032
1467,3.05078125,3.24092658825579
1468,5.79175704989154,4.414928796876951
1469,3.639344262295082,4.5919645693541415
1470,5.747875354107649,5.338034661670434
1471,6.8161764705882355,6.9369415444055775
1472,4.02928870292887,3.029664176213423
1473,6.882352941176471,6.565266153639159
1474,4.726072607260726,5.377011354781054
1475,2.89,3.6123233859634376
1476,5.152694610778443,5.6152175462723015
1477,4.716627634660422,5.353940408724703
1478,6.012953367875648,4.876632875811735
1479,22.646341463414632,11.492898293141932
1480,4.66546762589928,5.562603456512177
1481,5.881516587677726,7.058158798457545
1482,4.212643678160919,3.3251736242986265
1483,4.524663677130045,4.644460649773127
1484,7.935766423357665,7.553865426349837
1485,4.661764705882353,4.498601866458027
1486,5.857142857142857,5.440474091970145
1487,4.691666666666666,5.054266482864378
1488,10.860423232778029,9.460844445025078
1489,6.931547619047619,5.439499823946191
1490,3.3323353293413174,4.6303900789508425
1491,4.019447287615148,4.4090487516706185
1492,5.015686274509804,4.544565051964131
1493,4.321951219512195,4.150258769981715
1494,8.442748091603054,7.0138781434572
1495,4.369318181818182,5.132198530033561
1496,4.905376344086021,4.105165153365474
1497,4.9414556962025316,5.414742012271173
1498,4.571047957371226,5.159476157251971
1499,5.327868852459017,5.742721474512348
1500,5.173076923076923,4.000950442898708
1501,6.856687898089172,7.597846566380323
1502,4.8541114058355435,5.6239480738330485
1503,4.791855203619909,5.225008215545904
1504,6.555806087936866,6.128272453224335
1505,4.832365747460087,4.965288634498854
1506,5.589108910891089,4.2487393781201614
1507,6.1975903614457835,6.174628290043975
1508,5.348082595870206,5.71291204637264
1509,2.7719298245614037,3.580074675648435
1510,5.440643863179075,5.166706425423449
1511,5.445378151260504,4.384810022359298
1512,4.348159509202454,4.652917973051554
1513,4.859154929577465,4.794577654683809
1514,5.5964912280701755,4.901925164249272
1515,7.630573248407643,7.795422000498526
1516,5.080733944954129,4.9325679122093415
1517,2.7365853658536587,4.288483536573473
1518,5.145748987854251,4.458733924041031
1519,4.320754716981132,3.787317569741944
1520,4.555555555555555,4.608418628603824
1521,4.308641975308642,4.017301023254943
1522,7.31767955801105,6.338109420008834
1523,3.0934579439252334,3.4641804938552854
1524,5.061728395061729,4.888062751613347
1525,7.762987012987013,6.452948325399705
1526,4.962546816479401,6.015316485980009
1527,5.560640732265446,5.489770357717001
1528,5.027027027027027,5.282798987949325
1529,3.6424870466321244,3.47747321127767
1530,5.350961538461538,5.195547370418025
1531,19.178571428571427,17.01101926773428
1532,4.553530751708428,3.7973464369964276
1533,3.9834162520729683,3.4083736708208487
1534,5.938616071428571,6.169984154901477
1535,5.919776119402985,6.107416955295187
1536,7.2,5.398072305985906
1537,24.5,24.274854118931685
1538,5.261904761904762,5.1642838166267415
1539,4.359413202933985,4.779309365090372
1540,3.896813353566009,3.7471035441273575
1541,5.843045843045843,6.142881375125224
1542,6.157303370786517,6.467211651511433
1543,5.695652173913044,6.506739623602731
1544,4.792540792540793,5.104235467049291
1545,6.113960113960114,5.694349034661705
1546,3.237424547283702,3.9363736194085304
1547,4.046948356807512,4.450443881110722
1548,7.55956678700361,7.35310083711729
1549,3.8818737270875765,4.554481282289049
1550,4.168292682926829,4.378893774124382
1551,4.43859649122807,4.731738076927284
1552,9.363636363636363,7.655485390670192
1553,5.804143126177024,4.704303973310687
1554,5.719557195571956,5.2847189649483415
1555,4.95945945945946,4.161966629492358
1556,4.770742358078603,5.649770335949762
1557,5.144410613310135,4.505777663864782
1558,4.052901023890785,4.557898190011026
1559,5.858461538461539,5.830144140099916
1560,4.844236760124611,4.1996650945561855
1561,6.436123348017621,6.383655868851288
1562,4.578274760383387,5.367855952978008
1563,4.124361158432709,4.438463839734677
1564,4.532182103610675,4.315098840050298
1565,16.611764705882354,8.068206081648558
1566,7.819905213270142,7.880368721603895
1567,6.3,5.75216090309481
1568,5.3478260869565215,5.473185273948443
1569,5.770731707317073,5.487728892753681
1570,5.81283422459893,5.461544361989996
1571,5.0756143667296785,4.964031310550794
1572,5.6,5.051928614174996
1573,5.613744075829384,5.420287018333326
1574,3.8555555555555556,3.710147937805611
1575,5.98635477582846,6.215373472372953
1576,4.2465531224655315,4.95905587207334
1577,5.1514423076923075,5.69990914209343
1578,6.571428571428571,5.675402668062665
1579,4.368876080691643,5.486137975256687
1580,6.118727050183598,6.132451546800706
1581,4.384615384615385,3.8140178081321925
1582,4.843866171003717,5.459823531467274
1583,4.74721941354904,4.7364472750440445
1584,4.826807228915663,4.209153246047779
1585,4.147761194029851,4.81022376751905
1586,4.353515625,4.592935658819412
1587,5.035714285714286,3.6896311130482164
1588,4.47119341563786,4.707912541435265
1589,6.323529411764706,5.77559487834065
1590,6.134020618556701,5.445813651229768
1591,5.6284329563812605,6.169651807437596
1592,4.710982658959537,5.326865836952336
1593,4.997014925373135,5.1008506390849355
1594,7.838874680306906,8.64278227142194
1595,3.4050632911392404,3.669706677327733
1596,5.218274111675127,5.243475065474099
1597,5.524832214765101,4.959587506202298
1598,3.668639053254438,3.979787219465485
1599,6.233463035019455,8.119070357754127
1600,4.222780569514238,4.616248819653338
1601,18.5,20.596737097969942
1602,5.231805929919138,5.770788617929807
1603,7.22040072859745,6.127725915063698
1604,4.20327868852459,4.634726007163275
1605,5.3903448275862065,5.289388764164588
1606,3.896103896103896,4.23493376614243
1607,6.382716049382716,5.441912748187251
1608,5.353246753246753,4.532065873323342
1609,4.9734513274336285,4.417290733718378
1610,5.166666666666667,5.751205621230534
1611,3.8853046594982077,3.5852589114749134
1612,5.034345047923322,4.685925765787611
1613,2.359154929577465,4.798178226741815
1614,4.36468330134357,4.305862268075236
1615,3.7728494623655915,3.109897584051636
1616,4.658823529411765,5.313062745571841
1617,3.4276401564537156,3.7659847471524266
1618,3.1946902654867255,3.6595760525665995
1619,4.5724907063197024,5.675591152367611
1620,4.7011795543905635,4.7079593905568915
1621,5.488958990536277,5.469707026177463
1622,6.207207207207207,5.595094878570409
1623,3.2385008517887566,3.557797072960776
1624,4.462025316455696,4.473147310729857
1625,5.925795053003534,5.217304505690941
1626,6.117647058823529,4.511890179876329
1627,4.809069212410501,5.616347709958724
1628,6.055016181229774,5.682802457133347
1629,4.299086757990867,4.140364651975695
1630,6.530275229357798,5.70484474706628
1631,5.173913043478261,5.385326646563937
1632,34.84375,22.663977886878847
1633,4.85,4.170017638446033
1634,4.686274509803922,5.164369217972367
1635,6.999071494893222,6.269091859477213
1636,3.853467561521253,4.0632952004258325
1637,4.795258620689655,3.904202487905067
1638,4.447368421052632,4.939296907624579
1639,4.83203732503888,4.658152180379588
1640,6.0914512922465205,5.663185805318556
1641,3.8807733619763694,3.5279435112992275
1642,5.130590339892666,4.339848525331749
1643,4.430147058823529,4.96987007588287
1644,4.47675962815405,5.12582619683616
1645,4.565217391304348,5.2244609993298265
1646,5.970639032815199,5.269488642561658
1647,6.028708133971292,6.904731535191792
1648,5.979591836734694,5.320008718446752
1649,7.67741935483871,5.523943704006698
1650,2.8390750353940537,3.6934645689879275
1651,5.5597189695550355,4.672375433822375
1652,3.5901639344262297,4.012526393239436
1653,4.379310344827586,4.025847282666232
1654,6,7.232571263796193
1655,3.9771812080536915,3.3938255025374304
1656,5.677644710578842,5.905011080337326
1657,7.58235294117647,6.6598177741604
1658,4.414079822616408,4.778431664703241
1659,4.6923076923076925,4.870325553782588
1660,5.71313672922252,5.681159553121702
1661,5.713426853707415,5.753965751678599
1662,5.142857142857143,5.100464400186072
1663,5.142857142857143,4.665920624042879
1664,9.163865546218487,9.804663329074078
1665,4.211920529801325,4.751411466144827
1666,7.351201478743068,7.1842175326367546
1667,5.3752808988764045,6.116991977898442
1668,2.7372093023255815,3.6944186393340686
1669,7.0353535353535355,7.485204065768421
1670,4.789795918367347,5.373905278961632
1671,8.618942731277533,7.2685259760953365
1672,7.521031207598372,6.870486695475109
1673,4.320588235294117,3.913082200948522
1674,5.101083032490974,5.556362478404875
1675,5.098,5.840993533970736
1676,7.225531914893617,6.679440034231964
1677,4.0777777777777775,3.730065177976605
1678,7.237333333333333,6.6492071383370615
1679,5.513097072419106,5.777956727077973
1680,3.296979865771812,4.0946215640791435
1681,4.09375,4.176841068194698
1682,5.235714285714286,6.040657125381598
1683,5.400611620795107,5.470861826012776
1684,3.5349428208386278,4.817037785209655
1685,4.149,4.231407775245394
1686,6.06980056980057,5.7839558885006594
1687,17.408560311284045,17.181599447182236
1688,4.3539094650205765,5.355857429509461
1689,5.504201680672269,5.9702656653202055
1690,5.044692737430168,5.257613819525627
1691,6.097922848664688,4.806811838742986
1692,4.821316614420063,5.887427225198908
1693,3.5960591133004924,4.723575782129171
1694,4.362916006339145,4.418092239638582
1695,3.923512747875354,5.153898462036793
1696,4.235849056603773,4.219544333804192
1697,6.554716981132075,6.045728934650119
1698,5.166666666666667,5.537305175658396
1699,5.039965986394558,5.574542708311596
1700,4.9605263157894735,5.044324350945822
1701,5.772466539196941,4.39518917756618
1702,4.184782608695652,4.908186879289628
1703,5.4043887147335425,5.174408221342214
1704,4.182795698924731,4.87325916953952
1705,5.392361111111111,5.599948488835075
1706,5.064272211720227,5.29842721948542
1707,4.84375,5.8508826071859605
1708,4.558343789209536,4.750056557985629
1709,5.310126582278481,5.620849111200341
1710,4.267647058823529,4.965390761304033
1711,6.310077519379845,5.577575961473279
1712,5.395833333333333,4.912786318666033
1713,5.627002288329519,5.4821526530731415
1714,3.422222222222222,4.568251089720767
1715,3.6749654218533885,4.430890835306247
1716,6.07667731629393,4.478932769825869
1717,4.622425629290618,4.724223506686485
1718,5.423357664233577,5.600912542984116
1719,5.184824902723736,5.997931819166257
1720,5.328859060402684,5.8386607025904524
1721,4.762331838565022,5.169184081067279
1722,6.34965034965035,5.575061965068921
1723,3.7231503579952268,4.676232071330845
1724,4.107544141252006,4.347549390319534
1725,4.8,4.5484064847014265
1726,5.29874213836478,5.1536592863332515
1727,4.726438698915763,5.111406394234336
1728,4.786372007366483,4.357893557784855
1729,4.341653666146646,4.654491333375168
1730,5.283636363636363,5.59967016633754
1731,4.079545454545454,6.170435983296929
1732,5.042553191489362,4.803521952890893
1733,5.005134788189987,5.013995987677554
1734,5.728215767634855,5.617077493167126
1735,4.94238683127572,4.7562886292400846
1736,5.662983425414365,6.597791787368093
1737,3.8627450980392157,4.658497143089795
1738,6.759916492693111,6.620775489438634
1739,4.766666666666667,5.576695677192045
1740,4.801687763713081,5.103864759048012
1741,5.428057553956834,4.3687747056636015
1742,6.2719665271966525,5.606734691554953
1743,6.314356435643564,6.173282701991983
1744,5.599537037037037,5.144925306454079
1745,4.732258064516129,5.349321260802029
1746,7.868525896414343,6.581358009760104
1747,3.543726235741445,4.209570261890295
1748,6.252199413489736,5.235298755508841
1749,4,4.16920781232506
1750,5.425383542538354,5.747473490301144
1751,4.340096618357488,4.681253969461382
1752,6.657575757575757,7.659196430402098
1753,6.4662756598240465,6.217535102433708
1754,6.273835920177383,6.286512137119422
1755,5.211904761904762,5.142781622179037
1756,7.58600583090379,7.488593841331141
1757,4.398706896551724,4.449709433107571
1758,6.163247100802854,6.464845911442662
1759,3.971502590673575,3.8876709055638017
1760,6.450980392156863,5.47064425003533
1761,4.863945578231292,5.666723994402546
1762,4.405194805194805,4.515604756912479
1763,8.166666666666666,5.889709713235206
1764,4.381987577639752,4.133669747951645
1765,4.385194479297365,5.323850930680997
1766,4.176315789473684,4.7824963041799915
1767,4.286681715575621,5.309509604203796
1768,6.16728624535316,6.487046535889822
1769,5.9530791788856305,5.833581988222324
1770,5.286796536796537,4.528122925040643
1771,4.028938906752412,4.257882381515195
1772,4.475524475524476,4.686510463948429
1773,4.668478260869565,5.304009640105573
1774,4.322033898305085,3.6198297194060087
1775,5.116279069767442,4.844560267301621
1776,4.050964187327824,4.37872459279414
1777,3.913555992141454,3.9141408055831777
1778,4.251351351351351,4.842691018387059
1779,5.126614987080103,5.284570953608728
1780,7.141501294219155,7.146557871535032
1781,4.349173553719008,4.702578377275662
1782,5.68936170212766,5.568668275030095
1783,7.142857142857143,6.453273237828919
1784,3.2220543806646527,4.214242611302913
1785,6.2838283828382835,6.187381085878222
1786,5.41222366710013,4.5959898509217485
1787,4.4734411085450345,4.9350303571471485
1788,3.135135135135135,4.387657886952388
1789,5.725806451612903,5.554756288893695
1790,4.725738396624473,5.3853077151709146
1791,4.367662203913492,4.52033794700185
1792,5,4.548994385648263
1793,5.994550408719346,5.536574934716688
1794,2.828689370485036,3.1097494442021425
1795,7.107116104868914,7.002443355460805
1796,5.751968503937008,5.94692428461402
1797,4.582491582491582,4.578718386584828
1798,3.9448529411764706,4.83560283803755
1799,5.225127087872186,5.218525616398994
1800,5.0424528301886795,5.19344158742762
1801,3.67032967032967,3.5769263983293964
1802,5.469879518072289,6.064141950722167
1803,3.9833984375,4.757120454503841
1804,2.3372093023255816,4.443019616249163
1805,5.747474747474747,5.845640462037954
1806,5.640756302521009,5.174454575245742
1807,4.333679833679834,4.779205295413508
1808,4.699367088607595,4.798039357816237
1809,3.7734513274336283,4.456850655846461
1810,3.5154975530179446,3.7405167637787136
1811,3.5587734241908007,4.106563676849102
1812,4.609467455621302,4.267135494200533
1813,5.751807228915663,5.8964486429310785
1814,4.636879432624114,4.165097566663867
1815,5.825622775800712,5.808329587955714
1816,3.255357142857143,3.52893127055089
1817,4.083499005964215,4.2317324737268205
1818,6.149681528662421,5.830610298203102
1819,5.303523035230352,5.523985365095604
1820,4.088541666666667,3.840328526041406
1821,4.272840016535759,4.7050621418324745
1822,5.416842105263158,5.756934067492776
1823,4.5064935064935066,4.839159588054978
1824,4.77,4.317095129465226
1825,4.8405275779376495,3.9099018830341237
1826,5.439899833055092,5.408613771315295
1827,10.813218390804598,11.961699264676293
1828,6.564476885644769,6.347213233572296
1829,4.957166392092257,5.22577703689057
1830,2.3333333333333335,3.3278539272456693
1831,4.703571428571428,4.802733795130312
1832,7.008310249307479,7.101984073764402
1833,7.36214953271028,6.812610235591508
1834,4.4779195289499505,5.09637761463367
1835,7.640226628895184,7.3151312367508
1836,3.404833836858006,3.2236501776251023
1837,6.008498583569405,6.031039168700692
1838,6.334415584415584,6.181112997083358
1839,7.465483234714004,7.247980329990863
1840,5.6891891891891895,5.677543453642404
1841,5.77725674091442,5.064278162344624
1842,6.660377358490566,6.461861478847499
1843,5.241258741258742,5.268505009400897
1844,6.71830985915493,6.098991746662799
1845,5.828196347031963,5.141556413738082
1846,4.426056338028169,4.6925535819735105
1847,4.61875,5.639473999077725
1848,2.813813813813814,4.6844002056102285
1849,4.809145129224652,4.782795304969529
1850,4.670588235294118,4.932810154605408
1851,4.979277364505845,4.598593859873551
1852,5.1171228516868235,5.042169462325588
1853,3.9142091152815013,4.355706758962335
1854,6.102459016393443,5.514948054747476
1855,5.337175792507205,5.657579145560091
1856,4.136482939632546,4.389996755968735
1857,6.296296296296297,5.651414367817759
1858,11.634686346863468,13.380592703418728
1859,7.171717171717172,7.198160282680312
1860,7.245283018867925,6.328887517685036
1861,6.347670250896058,5.749142029397735
1862,6.71875,6.608957536314375
1863,4.625396825396826,4.992147613374283
1864,5.636363636363637,5.465327809686095
1865,2.436,3.204698735106417
1866,5.289817232375979,5.609538551104688
1867,6.534939759036145,6.048210201338393
1868,4.723958333333333,4.849173609392974
1869,4.290676416819013,4.777080935626575
1870,5.572769953051643,5.316506825862943
1871,4.6450777202072535,5.295351609397189
1872,8.874233128834355,9.179061481386663
1873,4.482861400894188,4.8894030470355805
1874,4.962962962962963,4.002020857853928
1875,3.7304347826086954,3.4200494498411516
1876,3.9014778325123154,3.70899344450598
1877,4.073717948717949,4.189968790547785
1878,4.876988335100743,4.279294867546286
1879,4.970822281167108,5.43202282550561
1880,4.936046511627907,5.018636897758252
1881,3.8165548098434003,4.199582880201118
1882,5.436842105263158,4.961069888227584
1883,6.098765432098766,5.851118738422629
1884,3.071844660194175,3.3833380653051264
1885,4,5.02268533779642
1886,5.577608142493639,5.482575380438099
1887,4.141129032258065,3.4690576458508886
1888,4.963470319634703,5.751123042454955
1889,2,5.625173083929686
1890,6.591677503250975,6.357923271199059
1891,5.360441075120606,5.841614061691429
1892,5.881266490765172,6.689737390515908
1893,5.324324324324325,4.887177162404422
1894,5.4591439688715955,5.111363034916623
1895,7.241086587436333,6.093016031748347
1896,3.707509881422925,4.189077586911349
1897,4.220496894409938,4.150647546928604
1898,6.202197802197802,6.611585311635111
1899,4.386904761904762,3.8456837125470447
1900,5.543478260869565,4.508701938975423
1901,6.224390243902439,5.931681352200755
1902,2.9515570934256057,3.974660172756849
1903,4.6743421052631575,5.09437523897156
1904,5.980997624703088,5.746586798499989
1905,5.277777777777778,5.105493818752424
1906,5.581589958158996,4.797368741677991
1907,3.590909090909091,3.8960216916049726
1908,5.954545454545454,4.108063331878605
1909,5.122112211221122,4.941462129185892
1910,4.001342281879195,4.256317227274922
1911,3.876543209876543,4.629476842744784
1912,5.4851190476190474,4.895244127117674
1913,6.1254752851711025,6.66383624668047
1914,3.9416445623342176,4.321733419418879
1915,5.466307277628032,4.623171201291433
1916,6.894736842105263,5.94884619345712
1917,4.566009104704097,4.840528958781601
1918,6.511392405063291,5.73557831479085
1919,41.333333333333336,26.98006988223205
1920,3.9006226053639845,3.8790111367644444
1921,4.683727034120735,4.55841391357059
1922,4.727969348659004,4.971137444982086
1923,7.636363636363637,6.44288443054422
1924,5.296786389413989,4.148866204806704
1925,4.1243432574430825,5.473130621550782
1926,6.96594427244582,7.3386823445161085
1927,7.867364746945899,8.327818409537906
1928,4.439624853458382,4.661241612489028
1929,4.79074074074074,4.26531983169072
1930,6.608465608465608,6.301006034474728
1931,5.271889400921659,5.480872475074986
1932,3.9147286821705425,3.5773774515813366
1933,4.921052631578948,5.475003145472241
1934,5.031372549019608,4.683383735547618
1935,3.3085106382978724,3.950120248870917
1936,4.332298136645963,4.836967307396145
1937,6.478206724782067,6.135680112173317
1938,5.153184165232358,6.268659342324284
1939,5.027863777089784,5.19428855891916
1940,6.190804597701149,6.107708198754242
1941,4.216666666666667,4.348519094997184
1942,4.632022471910112,4.400588027562359
1943,4.318367346938776,4.903534319733956
1944,4.138686131386861,4.010823990904197
1945,4.47612551159618,4.399865358908141
1946,6.528888888888889,7.498222632623552
1947,3.8256070640176603,3.9803398641961163
1948,5.065116279069767,5.6914361505449325
1949,5.302521008403361,5.226031833444548
1950,5.510526315789473,5.836949444493879
1951,4.20440251572327,6.098682991460922
1952,5.360230547550432,4.840179539333246
1953,4.605263157894737,5.8529603275838165
1954,5.12,6.270807781070948
1955,3.4643962848297214,3.7615555468807216
1956,4.222602739726027,4.133832053721706
1957,4.081850533807829,3.730739840146528
1958,4.088888888888889,3.772828042406205
1959,7.901639344262295,6.734373489999702
1960,6.57679180887372,5.997662455622849
1961,3.963210702341137,4.669514201956581
1962,6.305220883534137,6.25461138922196
1963,3.89727463312369,4.207588361517214
1964,3.7824074074074074,3.7849412880574187
1965,5.503105590062112,5.479287217513014
1966,5.439506172839506,5.818269044080908
1967,4.927884615384615,5.57505552547681
1968,6.473591549295775,7.263181776782849
1969,4.736334405144695,3.6170531549447205
1970,3.7192513368983957,4.467042013098061
1971,6.077160493827161,6.353565122359959
1972,5.472645739910314,5.785440390735106
1973,3.5008,3.9342234749425558
1974,4.91651865008881,4.096882161854227
1975,5.814814814814815,5.179013399734037
1976,6.984547461368654,7.396418004685638
1977,4.748251748251748,6.056976074275886
1978,5.451263537906137,4.766515500009233
1979,4.765714285714286,5.357751194499516
1980,3.6778904665314403,4.442306757323118
1981,5.361702127659575,5.540497367764152
1982,5.473214285714286,6.038192750859355
1983,4.909814323607427,5.576425746572982
1984,6.043478260869565,5.131815657190225
1985,5.990228013029316,5.48342456798877
1986,8.022099447513812,7.038957636689974
1987,6.954545454545454,7.237118706106956
1988,5.002347417840376,4.380577161920505
1989,5.4412811387900355,5.790971026540733
1990,5.548628428927681,4.579800223697422
1991,9.232253086419753,10.95679384278872
1992,4.190972222222222,4.491223131304161
1993,4.228404099560762,4.137864482370242
1994,5.86219739292365,6.354912963604137
1995,6.140900195694717,6.081108024014585
1996,6.51685393258427,6.6816821641128605
1997,5.8173515981735155,6.166625600675635
1998,5.45506419400856,5.569164786402993
1999,5.305555555555555,5.178419968989536
2000,4.169836956521739,5.142836141066185
2001,4.46606334841629,3.971214015474062
2002,5.2642642642642645,5.195867360532517
2003,3.6451612903225805,5.104028100108018
2004,5.308255659121172,4.672299923571495
2005,7.60377358490566,8.109996421910514
2006,3.543923381770145,3.871736591621654
2007,4.238670694864048,4.760673145916652
2008,6.2555555555555555,4.898959321649295
2009,5.608391608391608,5.336255389634783
2010,6.129032258064516,6.26859196184716
2011,4.863849765258216,4.10312992330471
2012,5.482293423271501,7.057539475249191
2013,6.00658978583196,7.2736517788172
2014,4.427645788336933,5.131665126041582
2015,4.901694915254238,5.743405844368898
2016,3.606060606060606,5.388944229762805
2017,6.03030303030303,6.041250411407667
2018,4.17831541218638,3.771975632575482
2019,3.163265306122449,3.5548737225431055
2020,7.944629014396456,7.3968490194169725
2021,4.316363636363636,4.385060860048942
2022,5.965277777777778,5.770831653243048
2023,5.098918083462133,5.258358614790511
2024,5.718987341772152,4.626314039532701
2025,5.261780104712042,5.7036769326284515
2026,5.873333333333333,5.584773143783298
2027,6.447115384615385,5.64877014875849
2028,8.644951140065146,7.885249557721785
2029,3.06984667802385,2.8991776632862174
2030,5.867924528301887,4.287108228113095
2031,3.7724867724867726,4.381529029221663
2032,5.768976897689769,5.464864701760805
2033,4.822916666666667,5.10977977972657
2034,6.102362204724409,4.879458987976923
2035,3.9923273657289005,4.415497823004322
2036,5.324427480916031,5.088090961676532
2037,6.203557312252965,4.909882677168968
2038,4.164383561643835,4.679634555766794
2039,5.912280701754386,5.864913798925235
2040,4.665773011617516,5.174472787016022
2041,4.538277511961723,4.514773664262467
2042,4.232558139534884,4.870316748900093
2043,4.945714285714286,4.773077189076579
2044,4.13,4.292894720908177
2045,3.9463307776560788,4.43125129505965
2046,5.754137115839243,5.38372963939928
2047,5.384615384615385,13.253004541756338
2048,7.122965641952984,7.852101170892208
2049,5.9375,6.132904600692287
2050,6.337559429477021,6.480580544141077
2051,8.584541062801932,8.239456863911165
2052,7.260869565217392,6.988906867739565
2053,5.715942028985507,6.7085528843657585
2054,2.752393980848153,3.7069628478833687
2055,5.490566037735849,5.124894133021613
2056,3.126746506986028,4.299768212620638
2057,3.7879858657243815,5.145142147770368
2058,7.034591194968553,5.925988970128351
2059,5.803757828810021,5.549189308001353
2060,3.700657894736842,3.9509257915388787
2061,8.652173913043478,6.329911044035834
2062,4.134185303514377,3.926311457588638
2063,4.956521739130435,5.116511633398988
2064,5.26595744680851,4.954262545640025
2065,7.224032586558045,7.206629712849692
2066,3.6599825632083696,4.350605409094123
2067,5.6223776223776225,5.548333209610966
2068,6.333333333333333,6.159028033139582
2069,5.139817629179332,4.163950786457129
2070,6.1907790143084265,6.857995957607628
2071,5.510416666666667,6.254280537565978
2072,5.155979202772963,4.998482377898378
2073,7.619389587073608,7.193419904872718
2074,6.538065843621399,6.8735273495150775
2075,5.141176470588236,4.914249807112313
2076,4.826498422712934,5.052438894072747
2077,6.15034965034965,5.492065306707449
2078,6.830645161290323,6.296104402118981
2079,6.567368421052632,6.79869107142847
2080,5.7924528301886795,5.510614883860523
2081,4.781783681214422,5.071871917743561
2082,5.550522648083624,6.218271769555622
2083,4.5285996055226825,3.9706708810751357
2084,4.478947368421053,3.734320754720626
2085,4.417773237997957,4.760637056997503
2086,5.124311565696302,4.760503169599854
2087,4.5283950617283955,4.0542119218070605
2088,5.676136363636363,5.1532586411842285
2089,6.6496519721577725,6.22638775476776
2090,4.5,4.771435465969502
2091,4.2514792899408285,5.137687582586328
2092,4.211136890951276,4.547033824237207
2093,5.729970326409496,5.528660890030036
2094,34.57142857142857,19.607859372682142
2095,6.864406779661017,6.2142535076423595
2096,4.493387589013225,5.106383891187881
2097,5.967667436489608,5.0250071693036515
2098,5.605113636363637,5.089030491637036
2099,7.7607361963190185,7.848608384121996
2100,3.6513761467889907,3.3816111892886487
2101,5.246628131021194,5.618700234150624
2102,1.9853372434017595,3.8637316326002633
2103,5.245508982035928,5.054836723355634
2104,7.605633802816901,6.574417105520846
2105,3.842931937172775,4.073852163615817
2106,5.090196078431372,5.661164658984835
2107,4.072164948453608,6.188539166779315
2108,3.850152905198777,3.616876009296755
2109,4.235690235690235,4.656247518361735
2110,5.570019723865878,5.240982675593785
2111,7.392592592592592,7.038231007225048
2112,6.162251655629139,5.133967274368567
2113,5.235714285714286,5.267258535278123
2114,4.104868913857678,3.8998262354246878
2115,5.320537428023033,5.291029619712313
2116,4.0627450980392155,4.639231630715448
2117,3.652857142857143,3.6279224705816873
2118,4.246376811594203,5.6174417898875415
2119,5.1658536585365855,5.413478976776623
2120,5.703862660944206,6.001836599268728
2121,5.882089552238806,6.1070718495484
2122,3.2180579216354346,3.5967005319330267
2123,3.2845744680851063,4.037873604021965
2124,4.72804054054054,5.363254323730683
2125,5.075829383886256,5.530651663773589
2126,5.700704225352113,5.824843830769927
2127,4,5.522371990876147
2128,5.390459363957597,5.949808749946975
2129,4.182926829268292,4.66615371621632
2130,6.884803921568627,6.131094881977826
2131,4.551546391752577,5.489427690363927
2132,6.281779661016949,6.500163694378822
2133,5.865269461077844,5.166347420221916
2134,6.570637119113574,6.01325822729551
2135,5.749303621169917,5.477146469086443
2136,7.388888888888889,6.717598439865533
2137,2.4764795144157814,2.7351976410266996
2138,4.361643835616438,4.5745126459537016
2139,2.7738825591586327,2.955854648430339
2140,3.2056962025316458,4.667632300978098
2141,5.24468085106383,4.732085236251733
2142,4.728026533996683,6.432061327956282
2143,5.883771929824562,5.337228701012556
2144,6.782051282051282,6.379076259856366
2145,3.3161764705882355,3.200439641374259
2146,5.8125,4.9173468216744265
2147,4.976100628930817,5.4408390659638215
2148,5.592074592074592,4.787623586954075
2149,4.976588628762542,5.0567844259920935
2150,5.342233009708738,4.919042797474439
2151,6.346570397111913,6.096726781697371
2152,4.738666666666667,4.137006883883466
2153,4.871794871794871,5.187300210352685
2154,5.570264765784114,5.033613823965866
2155,3.8526315789473684,3.779473052813337
2156,3.2512716174974567,4.388056833734036
2157,5.4574898785425106,7.307142390006908
2158,4.735955056179775,4.144547228557203
2159,4.357558139534884,4.470419755284877
2160,5.715277777777778,5.042018060529762
2161,4.977491961414791,4.970810863033346
2162,4.355311355311355,5.2230483297712755
2163,5.438405797101449,5.634638359146838
2164,5.3652173913043475,5.52987318387911
2165,5.130573248407643,5.0895909781360995
2166,6.019950124688279,5.572747777594708
2167,6.042193026781202,5.44870813948229
2168,5.915094339622642,4.9851828748199845
2169,3.9282868525896415,4.084984652383142
2170,4.33609958506224,4.620277207159849
2171,5.564432989690721,5.20746914770081
2172,4.2,4.014480806807107
2173,5.5363790186125215,5.360523427029349
2174,6.96969696969697,6.566819978561239
2175,5.415238095238095,5.636502197695124
2176,6.225331369661267,5.5413453641562604
2177,3.564638783269962,4.1641514487292905
2178,5.7249114521841795,6.059297832763983
2179,6.193236714975845,7.1640129032435
2180,5.055023923444976,4.849701811676034
2181,4.734375,4.148881609646801
2182,3.7713178294573644,4.3374849266516105
2183,4.9900249376558605,4.495346892838767
2184,6.463157894736842,5.097364141196324
2185,7.016666666666667,5.46381089989233
2186,6.047899778924097,6.732360626066516
2187,7.904761904761905,6.598874060804303
2188,4.198312236286919,3.9041648980594426
2189,4.109489051094891,4.176627038161276
2190,5.32662192393736,5.698121363782667
2191,4.109589041095891,5.0345888087776585
2192,3.1578947368421053,5.6632163903073485
2193,4.559322033898305,4.715702805537721
2194,4.5,4.253384460840766
2195,5.748971193415638,5.311556664222767
2196,4.458029197080292,4.983965955768601
2197,5.729166666666667,5.785728217901161
2198,5.218333333333334,5.012152626225832
2199,4.131616595135909,3.752434391090362
2200,4.218323586744639,4.099641454184388
2201,6.684418145956608,5.997716292709493
2202,5.0094936708860756,5.81455318567853
2203,5.329512893982808,4.961804845198945
2204,3.7037037037037037,4.626695815773977
2205,4.4987593052109185,4.830748778387173
2206,6.478260869565218,5.851542960957227
2207,5.338129496402877,5.278320846262558
2208,4.936633663366337,5.418043763915816
2209,5.328918322295806,5.078257987658591
2210,4.14,4.448271889880216
2211,6.808873720136519,6.671586895442378
2212,4.582213987957387,4.116417091615705
2213,5.1443569553805775,5.154479123770143
2214,5.326470588235294,5.399528977043065
2215,4.536723163841808,5.237681835989863
2216,6.131555555555556,6.041621902703774
2217,7.6104651162790695,11.786697141393718
2218,6.853448275862069,5.856453007024884
2219,8.276283618581907,8.072205416994375
2220,4.668918918918919,4.8877657012248195
2221,5.325342465753424,4.725175147845858
2222,5.123595505617978,6.328590523274114
2223,5.092409240924092,4.8246703271944495
2224,6.446215139442231,6.263905714828381
2225,5.210016155088853,5.358688659856636
2226,6.038084874863983,5.272734812285223
2227,3.4020356234096694,3.374360828487708
2228,4.267515923566879,4.415754396270243
2229,7.425714285714286,6.930193015363364
2230,3.6545454545454548,3.4323305573187572
2231,6.253012048192771,6.548245469973947
2232,7.111553784860558,10.753011771170113
2233,4.294117647058823,4.182654159930603
2234,6.589812332439679,6.300240255802443
2235,4.109677419354838,4.763033790599464
2236,7.2,6.07051096910968
2237,4.0175,4.585124664791302
2238,5.5271149674620395,5.1803218614604045
2239,6.785942492012779,7.199512428426117
2240,4.144694533762058,4.484272004795416
2241,5.4784172661870505,5.556152015158156
2242,4.304878048780488,4.390357906898136
2243,6.477876106194691,6.061395048672024
2244,3.652037617554859,4.592111915320564
2245,4.625,4.229180772750566
2246,4.854910714285714,5.0008646309083655
2247,6.220820189274448,5.970088263567264
2248,5.633738601823708,5.041090786500856
2249,5.677067082683307,5.1888903655396446
2250,7.2784313725490195,5.92902265559972
2251,3.5381165919282513,4.241044662705004
2252,5.104105571847508,5.729107635233867
2253,4.98813056379822,4.477915513677785
2254,5.521739130434782,4.9286723483386705
2255,6.1193415637860085,5.30694131734825
2256,4.290322580645161,3.2873498876514553
2257,3.62015503875969,5.058458021756274
2258,6.571753986332574,5.7360858320374595
2259,4.0133414190418435,4.535664553521997
2260,3.199771689497717,4.194287795690529
2261,6.236363636363636,6.467369614841573
2262,8.495726495726496,7.156491601857592
2263,6.6796246648793565,6.057664407544005
2264,4.726775956284153,4.325548421008592
2265,6.226700251889169,4.9769673562210555
2266,3.6581059390048156,3.9960345197056304
2267,7.40117994100295,7.100737188496748
2268,5.848039215686274,5.696417245488246
2269,5.304909560723514,5.3935436453963685
2270,5.570909090909091,5.536415394284809
2271,5.8504901960784315,4.94273463449435
2272,5.757009345794392,3.996285647233279
2273,5.173202614379085,5.202240953454329
2274,5.778723404255319,5.940583100783626
2275,5.0227272727272725,5.057197990771519
2276,6.7218045112781954,6.778518311484442
2277,9.793028322440087,14.444877190152294
2278,6.483333333333333,4.753741412770205
2279,4.520979020979021,4.472398573752817
2280,4.620558375634518,4.590754903769855
2281,4.4271457085828345,4.048277005120599
2282,3.9782958199356915,4.192136438413094
2283,5.941838649155723,6.070583824615278
2284,3.7590361445783134,4.466090106798049
2285,5.097087378640777,5.483961727685596
2286,8.609958506224066,9.649837762175459
2287,5.733333333333333,10.86545521449183
2288,5.520408163265306,5.902197103312163
2289,5.895161290322581,6.7927621428703615
2290,5.730820995962315,5.540928253507586
2291,6.552123552123552,5.656115450388066
2292,4.272388059701493,3.9088964851336394
2293,5.490066225165563,5.718454615244155
2294,6.983333333333333,6.134710603620684
2295,6.667844522968198,7.224413377260454
2296,5.766544117647059,5.523494956959219
2297,3.1538461538461537,3.735801174128178
2298,5.188720173535792,5.381088498591276
2299,4.296296296296297,4.585415656043908
2300,3.399168399168399,3.7091975854128356
2301,6.229007633587786,6.742579029829921
2302,6.528042328042328,5.866800505306632
2303,4.221774193548387,4.639894497567545
2304,5.863329583802025,5.997816820397744
2305,6.369565217391305,5.632458915197574
2306,6.756637168141593,6.552696995779216
2307,4.515951595159516,5.522157791561294
2308,3.399568034557235,4.441220463763564
2309,4.5375,4.3267634395504935
2310,5.987096774193549,5.764054916694294
2311,2.74585635359116,4.069551934334402
2312,3.5811051693404634,4.954495049670757
2313,4.6022727272727275,3.8904621504046117
2314,3.7400346620450606,3.886819474408574
2315,3.8741721854304636,4.727868056919541
2316,2.3225806451612905,4.237593505415244
2317,7.796690307328605,6.8394941780748235
2318,3.4711538461538463,4.302092639274211
2319,4.67296786389414,4.029783484315216
2320,5.769886363636363,5.316335963481858
2321,5.412186379928316,6.161749470531946
2322,5.065068493150685,4.840744330906711
2323,5.02803738317757,5.107118823733219
2324,3.8526100307062436,4.5655209553331035
2325,5.506306306306306,5.452773705952488
2326,4.678321678321678,5.000241615889913
2327,7.307128580946036,6.91272391824118
2328,2.7222884386174018,3.5161208531764716
2329,3.788808664259928,4.739633851767742
2330,8.052173913043479,7.593764085548516
2331,4.8475,4.529200645734843
2332,4.056049822064057,4.575598867643681
2333,5.028455284552845,5.306179578557699
2334,5.336898395721925,4.856985876351932
2335,4.225388601036269,3.874337454957601
2336,4.577568134171908,4.777956565629678
2337,3.627906976744186,3.591533217069992
2338,4.356984478935699,3.879397381870522
2339,7.217917675544794,6.404411881898717
2340,5.277777777777778,5.252836504505032
2341,3.153409090909091,4.5013143901590915
2342,4.707259953161593,4.165905695910225
2343,4.4869888475836435,4.934579850469581
2344,5.819672131147541,5.33247919826475
2345,5.461038961038961,4.807565321059154
2346,6.680365296803653,6.35796736877742
2347,6.157205240174672,5.405937329419035
2348,6.34585289514867,6.566845098115627
2349,4.716374269005848,4.8388908873388745
2350,4.12303664921466,5.989844266511826
2351,5.5,4.465389376774005
2352,5.989510489510489,5.892751699393086
2353,7.214285714285714,5.669943922042112
2354,4.610305958132045,4.439591086971152
2355,5.690196078431373,5.545147116488587
2356,7.951841359773371,6.901918298625981
2357,4.548223350253807,4.232397129864289
2358,4.780748663101604,5.095261594965019
2359,5.225,4.5236340086348505
2360,4.56989247311828,4.973008371195583
2361,6.646067415730337,6.239484252911372
2362,5.213963963963964,4.761568304990611
2363,5.240663900414938,4.273328364218168
2364,5.841509433962264,5.893345270358042
2365,3.297029702970297,3.4368031800197194
2366,5.601607347876005,5.6343984525100534
2367,7.207476635514019,7.623038638182858
2368,5.542857142857143,6.909297126515025
2369,5.229213483146068,5.441745776529589
2370,6.837133550488599,6.854857912914951
2371,4.822107081174439,5.640053184277249
2372,6.1,6.045382656184618
2373,5.237011592958352,6.06717424154379
2374,4.320441988950276,4.302260770320565
2375,4.052805280528053,4.692280531096931
2376,4.261792452830188,3.7843732675093
2377,3.872,4.345522079312369
2378,4.863636363636363,3.8287523158093424
2379,5.628828828828829,5.495938963101276
2380,4.615101289134438,4.45819727575211
2381,4.1625,3.3827495720595078
2382,4.335249042145594,4.746448192051549
2383,3.6227436823104693,3.9903572430898278
2384,7.383081896551724,7.704456345050719
2385,2.922779922779923,4.596881397897143
2386,5.710344827586207,5.018551083132061
2387,4.938095238095238,5.4190305912744865
2388,5.652777777777778,4.5039056251976595
2389,5.796812749003984,5.836134852507303
2390,5.05420054200542,5.296554516879496
2391,4.481481481481482,5.079397694526981
2392,5.609090909090909,4.785227882996216
2393,4.288659793814433,5.477857031348977
2394,9.418685121107266,15.623106684497056
2395,5.253731343283582,5.402832492145114
2396,5.202401372212693,4.617211887897222
2397,4.510703363914373,4.766087909617609
2398,6.132553606237817,5.729972515696737
2399,4.42512077294686,5.080116590491135
2400,6.534090909090909,5.912260373297656
2401,5.334042553191489,5.570647506038425
2402,6.062597809076682,6.041724649850279
2403,5.31214953271028,5.57109945002851
2404,5.414578587699316,5.719465123329214
2405,6.993079584775087,7.707097418983131
2406,5.284246575342466,4.256045679824716
2407,4.759191176470588,4.880518141617367
2408,4.509090909090909,4.818113931802113
2409,5.245746691871456,4.087675882733406
2410,5,5.5840177988103115
2411,6.090047393364929,5.649901827909179
2412,4.8817733990147785,5.786829974528542
2413,7.066037735849057,6.696231970550846
2414,4.00709219858156,4.694923453311793
2415,4.9798994974874375,4.392773869667396
2416,6.072356215213358,5.178175753625956
2417,3.319559228650138,4.201965742405456
2418,4.010165184243965,4.093931821186013
2419,5.6091370558375635,6.400459619836452
2420,5.262295081967213,5.523932661850424
2421,5.016372795969773,4.983220125662824
2422,7.203562340966921,5.894739538209754
2423,4.162544169611308,4.488072168639203
2424,3.780185758513932,3.401617242931492
2425,8.154761904761905,7.954030114952947
2426,6.1537037037037035,5.976719792331711
2427,5.493265993265993,5.4646423103571475
2428,4.380653266331659,4.76295877582667
2429,4.260194174757282,4.832778976546848
2430,5.057899901864573,5.342377657461197
2431,5.126506024096385,5.400978024673487
2432,4.596287703016241,5.400065017084674
2433,5.890173410404624,6.210161955809404
2434,5.351162790697674,5.507112299887806
2435,3.977653631284916,4.1461295064539
2436,5.50763358778626,5.536652723781067
2437,4.054919908466819,4.417383665511874
2438,7.206060606060606,6.59715454172543
2439,4.412523020257827,5.233586522401264
2440,6.467576791808874,6.959576032065232
2441,4.665816326530612,4.617732607482554
2442,7.09375,6.87844988624618
2443,6.120253164556962,6.120724208476
2444,5.962864721485412,6.014597674618088
2445,6.09546539379475,5.484798780239761
2446,5.204379562043796,5.664906475414076
2447,4.763713080168777,4.835288917408432
2448,4.944099378881988,4.278733990336558
2449,4.770833333333333,5.128197409825033
2450,4.576119402985075,4.776018631028692
2451,4.129729729729729,4.31751482894909
2452,6.597444089456869,5.894584095105381
2453,5.115492957746479,5.154257769817514
2454,4.973796033994335,5.949714872168809
2455,6.2330827067669174,6.311631716255546
2456,5.0632603406326036,5.653326308735458
2457,4.956435643564356,3.9927331707951463
2458,4.006578947368421,4.202215022914238
2459,7.124542124542124,7.693278991216901
2460,6.122340425531915,5.900398605631367
2461,2.770903010033445,3.6727609619120227
2462,4.598006644518272,4.1591846878820595
2463,2.7484909456740443,3.590066671830308
2464,4.633744855967078,5.491553101637983
2465,2.8176470588235296,3.9332323723248424
2466,18.846938775510203,20.977404238010827
2467,4.558139534883721,4.764141739839973
2468,18.71551724137931,16.953527846364302
2469,4.728758169934641,4.250573832158899
2470,6.514044943820225,6.014074046745776
2471,6.3478260869565215,6.199932598659255
2472,5.077504725897921,5.462735326093316
2473,5.81042654028436,5.4553136953391625
2474,5.186728395061729,4.580856682449016
2475,7.962145110410095,7.196169701229455
2476,5.7468671679198,5.205975879020944
2477,8.149572649572649,8.373205130623486
2478,4.752650176678445,5.309324765926369
2479,4.746268656716418,5.4301194489747235
2480,6.053639846743295,5.643820910510838
2481,6.868068833652008,6.490800089322107
2482,5.818181818181818,5.607633831311336
2483,2.9645390070921986,4.724951676453813
2484,8.268292682926829,7.749907957627913
2485,4.590415913200723,3.9957083195597356
2486,4.993610223642173,4.748696231898267
2487,3.8282828282828283,5.092235784194101
2488,5.68956043956044,4.7405562774045285
2489,5.430939226519337,5.3882161690116535
2490,5.840764331210191,5.45726987355933
2491,3.98,3.5529059371558653
2492,4.658878504672897,4.79524048102336
2493,5.572815533980583,5.815713946915107
2494,5.45,5.433712675225611
2495,4.9879154078549846,5.913302810475379
2496,5.267241379310345,5.9559339128027045
2497,5.929765886287625,6.165474947244116
2498,3.504012841091493,3.4418061103435353
2499,5.495833333333334,6.162800619117393
2500,4.433962264150943,5.516538357957536
2501,4.608365019011407,4.078574676786994
2502,5.339331619537275,5.7182006352678325
2503,5.361788617886178,5.257314639571529
2504,4.695652173913044,4.328777604286921
2505,3.4905008635578585,4.482283504849022
2506,5.359838274932614,5.507878116470351
2507,8.169811320754716,5.674165548446853
2508,3.8976744186046512,3.962794970178822
2509,3.7333333333333334,3.668948218548839
2510,7.655765920826162,7.722402615151677
2511,7.458745874587459,7.805579960968619
2512,5.427184466019417,4.707570008944437
2513,5.194444444444445,4.930396203593337
2514,5.011123470522803,4.775582020946408
2515,5.053846153846154,5.442950874050539
2516,5.016483516483516,4.752708103299382
2517,5.280442804428044,5.823640950377602
2518,7.358600583090379,7.443827072028628
2519,5.303225806451613,5.469767155240129
2520,4.953125,5.333251721332646
2521,2.2481549815498156,3.588923693489937
2522,5.563876651982379,5.659855336695884
2523,5.121359223300971,6.296568987925004
2524,5.58203125,5.522062195945639
2525,5.348684210526316,4.431551955435475
2526,5.002227171492205,3.798064748582327
2527,5.311015118790497,5.58086807335042
2528,2.0822784810126582,2.831524946237987
2529,6.24294670846395,6.313844028663656
2530,5.032154340836013,5.846958547054198
2531,5.508403361344538,5.178419829672302
2532,2.8456375838926173,3.9769469855980404
2533,5.897674418604651,5.650225485534205
2534,5.454819277108434,5.742712662324345
2535,6.361247216035634,6.842794232053219
2536,6.465317919075145,7.347398162490394
2537,4.627450980392157,4.3809129643456775
2538,6.066071428571429,5.578441549373125
2539,3.967889908256881,3.878824125104221
2540,6.894915254237288,7.034549977337856
2541,5.915119363395226,6.138848129834681
2542,8.259803921568627,7.283540044407777
2543,4.794336810730253,5.286310723084421
2544,5.560457516339869,5.546585652546196
2545,6.445414847161572,6.280423128986643
2546,5.961136023916293,5.562965918348624
2547,5.311827956989247,5.248042151581661
2548,6.137037037037037,5.974118966793616
2549,6.637053087757313,6.36564432147278
2550,4.9245283018867925,5.183485134111247
2551,4.408878504672897,5.104993068917529
2552,5.453125,5.004738223284063
2553,6.153153153153153,6.008147621971206
2554,8.836393989983305,11.624147079957849
2555,6.003787878787879,4.9153014662568
2556,5.7894736842105265,4.876806101102386
2557,4.093943139678616,3.5150151398531513
2558,11.293103448275861,11.931102986538114
2559,5.5315985130111525,5.436670735037476
2560,6.495180722891567,6.496616571786582
2561,2.5920055134390076,3.915445450808666
2562,6.74496644295302,4.5856788505097885
2563,5.956958393113343,5.5639112857961734
2564,4.284263959390863,4.3122562748343345
2565,4.140476190476191,4.634168743488255
2566,4.761862917398946,3.891606418916337
2567,4.2925373134328355,4.287296589084101
2568,4.560553633217993,4.187210226975296
2569,4.447368421052632,4.589260561072932
2570,5.273684210526316,5.2580339807520735
2571,4.961038961038961,5.096644819370711
2572,3.6475095785440614,4.010573072286807
2573,4.3143939393939394,5.159721823009329
2574,2.767871485943775,3.6799352845900364
2575,7.366459627329193,7.016750521167041
2576,6.250922509225092,6.602276566113709
2577,5.425661914460285,5.108779870810751
2578,4.277142857142858,4.337002409469348
2579,5.336349924585218,5.148581355092916
2580,6.446293494704992,6.306634375638816
2581,5.297491039426523,5.28516952235687
2582,5.588652482269503,6.056873096187262
2583,0.8461538461538461,3.6472199586700773
2584,5.154205607476635,5.436177081141343
2585,4.453172205438066,5.5434016723003285
2586,4.004032258064516,4.554896443964762
2587,4.6318407960199,3.7120527911613905
2588,5.514814814814815,6.043830543684301
2589,4.791907514450867,4.8897992841000875
2590,5.0732984293193715,5.450644806732211
2591,3.967741935483871,3.44385016209123
2592,2.9311531841652325,4.050195236636211
2593,4.491735537190083,3.440179195753742
2594,6.294444444444444,6.2751862832605845
2595,4.74437627811861,5.104494943781971
2596,5.692156862745098,5.17107570880552
2597,5.183783783783784,4.434737368955448
2598,6.548198636806232,7.523276154231105
2599,5.279176201372998,4.7267107921153855
2600,5.635404454865181,6.099719064711719
2601,4.636494252873563,4.40779118533843
2602,7.592705167173253,6.856679353198143
2603,5,4.073838139512996
2604,4.047817047817047,3.640534683874915
2605,4.5152542372881355,4.838841584551542
2606,5.7625,5.734911897097949
2607,4.771653543307087,4.271736854494623
2608,6,5.674893990496393
2609,7.127717391304348,6.798885028343088
2610,5.74384236453202,4.885218908465907
2611,6.891891891891892,5.125799831643167
2612,5.230366492146596,5.052524283660452
2613,6.266272189349112,5.0118507493914874
2614,5.431554524361949,6.76579707865376
2615,3.667279411764706,5.072706956273416
2616,4.547511312217194,4.5191396795168846
2617,6.364341085271318,6.3229820417708655
2618,3.538938053097345,4.052026452150008
2619,4.7682926829268295,4.818384473863216
2620,6.459649122807018,5.452305973994913
2621,4.329596412556054,4.127796307499144
2622,6.208154506437769,5.255546006792526
2623,6,5.245007097301768
2624,6.656903765690377,6.088163390569154
2625,7.848837209302325,7.562147754019107
2626,5.765432098765432,6.07712348260128
2627,5.387878787878788,6.897593508517778
2628,2.7925696594427243,2.9945221273296188
2629,4.766467065868263,5.092965278005088
2630,4.581132075471698,4.425525702648032
2631,5.178571428571429,5.2147323082013255
2632,4.436893203883495,4.259584197368594
2633,8.212871287128714,7.691863786976963
2634,3.7892156862745097,3.9164950113159813
2635,3.55625,4.019880320688461
2636,5.647887323943662,5.820540178345185
2637,4.619047619047619,5.249045645736386
2638,4.088235294117647,4.284420142354314
2639,5.895104895104895,5.7958284903031805
2640,8.863080684596577,7.424359683440555
2641,5.435540069686411,5.513729479503528
2642,4.474226804123711,4.861404866970295
2643,6.233265720081136,6.391831788009921
2644,4.165242165242165,3.8481950989754106
2645,7.479057591623037,6.340099294851248
2646,7.6,3.4329556146276525
2647,6.473861720067454,6.793793305051171
2648,4.527397260273973,4.440707412684153
2649,5.080357142857143,4.506003651400777
2650,4.305135951661631,4.149289512010905
2651,4.3585365853658535,4.27181829622755
2652,3.882608695652174,4.45938129458699
2653,4.904306220095694,4.790881236972734
2654,7.208173690932312,6.875093490043483
2655,3.5919117647058822,3.798568447855134
2656,5.406844106463878,5.332756056626951
2657,5.275,5.857075252572332
2658,4.645320197044335,4.272557792725146
2659,5.137176938369781,4.590135397184379
2660,5.9609756097560975,5.985686725263637
2661,6.377358490566038,5.706125032086392
2662,3.9812348668280872,4.717195499066084
2663,8.291079812206572,8.15314325642631
2664,4.6350710900473935,4.909515545741426
2665,6.228739002932551,6.260187229697735
2666,2.018867924528302,5.949915520575093
2667,4.02,4.09108704857784
2668,6.977186311787072,7.240172809907926
2669,5.830985915492958,5.386329453918669
2670,4.281675392670157,4.172559291434205
2671,6.578212290502793,6.948357163285816
2672,5.7895569620253164,6.295390644101894
2673,5.865625,6.413359069832468
2674,8.587677725118484,7.761501322990162
2675,6.3625,5.412048373531524
2676,4.896551724137931,5.392311646348918
2677,4.706635622817229,4.161622529179123
2678,4.76962457337884,5.460037683707234
2679,5.739795918367347,5.195673128048629
2680,4.219607843137255,4.69853730413581
2681,5.305128205128205,5.925188821334569
2682,4.04930966469428,3.681380471356399
2683,5.725888324873097,5.013365674242403
2684,8.725,6.381316885216535
2685,5.735359525574499,5.158619497262181
2686,6.5358024691358025,6.15528805566078
2687,4.897435897435898,4.714683711176196
2688,5.735955056179775,5.941715658469354
2689,4.186385737439222,4.131731460244236
2690,5.854671280276817,5.504024072983334
2691,3.8475836431226766,3.9300418828161776
2692,5.738775510204082,5.864141350802925
2693,4.455026455026455,4.293158132841532
2694,5.281456953642384,4.713390877131875
2695,3.822950819672131,3.5831113277970807
2696,6.432835820895522,6.421814227574961
2697,3.6277602523659307,4.636872661453007
2698,4.4268707482993195,4.852528235749016
2699,6.504098360655738,5.5489739719067925
2700,4.884057971014493,4.641636248890611
2701,4.851936218678816,4.774941043598254
2702,5.082959641255606,6.012769752730567
2703,6.115131578947368,6.629891510777158
2704,6.094086021505376,5.649968697583207
2705,6.040322580645161,8.09190611918319
2706,4.371014492753623,4.5688691303053
2707,5.574534161490683,5.360429846820052
2708,5.248730964467005,4.6921198786315115
2709,6.322222222222222,6.672070826130626
2710,5.613138686131387,5.832585324605372
2711,5.168384879725086,5.737180867600312
2712,5.477832512315271,4.328813664753047
2713,5.351282051282051,4.540356431093162
2714,6.01360544217687,5.834697010044453
2715,5.609561752988048,5.532321838649599
2716,4.875,5.251238767948461
2717,4.7193460490463215,5.410031064190642
2718,5.0231548480463095,5.101621687434561
2719,4.694214876033058,5.853221207999989
2720,4.62993762993763,4.843195962647628
2721,6.240208877284595,6.016562701988324
2722,6.24,5.189677743421603
2723,5.049459041731066,4.667491044125618
2724,4.921428571428572,4.5618995725352764
2725,7.058011049723757,8.073103730011535
2726,3.0537918871252203,3.155735612326028
2727,5.29038854805726,4.732716304352123
2728,6.608823529411764,5.995261762485754
2729,7.32798833819242,5.901727859564951
2730,5.53314606741573,4.939272098556875
2731,4.761467889908257,4.1777054136315055
2732,5.322784810126582,5.171490433896705
2733,7,5.125264337231739
2734,4.670020120724346,5.082083119975696
2735,4.732510288065844,4.655055193511579
2736,5.359765051395008,5.901350515770767
2737,4.401273885350318,4.900961790249265
2738,4.120253164556962,4.760141601210714
2739,5.585657370517929,6.482913918895916
2740,4.278947368421052,3.993471028689738
2741,5.7786391042205,5.819937917754041
2742,5.496835443037975,5.511249948753521
2743,3.855218855218855,4.250806728576462
2744,3.715025906735751,4.51411719344318
2745,5.460176991150442,5.402620755490445
2746,4.3730407523510975,4.951360983300047
2747,4.9319066147859925,4.819242490966513
2748,3.2965879265091864,3.590364156554409
2749,6.907496012759171,5.756585927241416
2750,2.664188351920694,3.3099802627822417
2751,7.55,5.830014077683892
2752,5.426890756302521,5.250778932079548
2753,4.26980198019802,4.141134285030498
2754,6.042065009560229,5.668820391627479
2755,6.060669456066946,6.059017869142297
2756,3.8029661016949152,4.518897816186607
2757,5.981132075471698,5.509132356502219
2758,4.413566739606127,3.926538553000336
2759,39.75590551181102,20.16811606505886
2760,7.401883830455259,7.2620862558861
2761,7.241805635422657,7.6786093782706715
2762,3.4833333333333334,4.359880551076634
2763,2.746765249537893,3.3122747967719497
2764,4.244725738396625,4.715668348986383
2765,4.790322580645161,5.014749813229323
2766,5.191335740072202,5.202545028991047
2767,26.465968586387433,25.051216189915998
2768,10.51530612244898,22.29160837220111
2769,4.532915360501567,4.781413769590938
2770,5.739478957915832,5.646343212674516
2771,3.55,4.174776140128395
2772,4.538775510204082,4.103083232676841
2773,5.685410334346504,6.220144263848718
2774,3.5180722891566263,4.0104906651302406
2775,6.685121107266436,5.92525404742467
2776,5.7315175097276265,5.571881599711686
2777,3.1987951807228914,3.4447325609267097
2778,6.543165467625899,5.867539390454951
2779,5.720577617328519,6.141605989027702
2780,5.67479674796748,6.096625459800602
2781,5.035175879396985,4.800461664593698
2782,3.953405017921147,3.598417071821049
2783,4.4646464646464645,4.163583032039739
2784,5.0828402366863905,4.558233217737988
2785,7.022653721682848,6.570795865403059
2786,6.021786492374727,4.394820676064041
2787,6.467236467236467,6.470509985701321
2788,4.809847198641766,4.2980051832187405
2789,4.419664268585132,4.886841805519488
2790,7.1193415637860085,6.494141201640121
2791,7.276243093922652,5.928638703232533
2792,4.7785388127853885,4.570793087089538
2793,7.705882352941177,6.962088177181952
2794,6.168776371308017,5.389392584622735
2795,5.251173708920188,6.880237121561484
2796,4.586160108548168,3.4537673161832894
2797,3.644657863145258,4.00972946865784
2798,5.536013400335008,6.442883346159402
2799,4.997167138810198,5.308522465890736
2800,5.386819484240688,4.814744251620363
2801,4.281923714759536,3.9219179689791255
2802,5.9602272727272725,5.267434533079399
2803,4.396484375,4.388324621892619
2804,4.165217391304348,4.40720381927882
2805,5.763414634146342,5.102693533013496
2806,6.08,5.288738430992422
2807,4.541114058355437,4.115837010314895
2808,4.6182266009852215,5.569619564285818
2809,4.816326530612245,5.725909886734313
2810,6.181425485961123,6.489728678499013
2811,6.574750830564784,5.819690832756516
2812,6.438953488372093,6.0871889568712065
2813,3.7112375533428166,3.3506116218656214
2814,5.916334661354582,5.371546313201048
2815,5.7734976887519265,5.9197284550196345
2816,3.2962962962962963,3.7724666015543016
2817,3.7578692493946733,4.048496887831281
2818,4.9326599326599325,4.180883989510157
2819,2.882,3.659829193605968
2820,3.452970297029703,3.9656734881945153
2821,5.902027027027027,5.4895815831019155
2822,3.9812206572769955,4.435677042617181
2823,6.444651162790698,6.204932738355004
2824,5.924083769633508,5.099892408970122
2825,7.516372795969773,7.482082355443223
2826,3.9465408805031448,4.013728073711862
2827,3.6946564885496183,5.679063716446486
2828,5.062761506276151,5.22239931504331
2829,6.619528619528619,7.49229241385735
2830,6.247572815533981,5.806043809209669
2831,7.8487229862475445,7.860370420774349
2832,4.532994923857868,4.099254183351402
2833,3.196078431372549,3.1579044405507153
2834,5.44935064935065,6.128482915668046
2835,4.64,4.435200442615859
2836,6.013921113689095,6.460955135777834
2837,7.195372750642673,6.996079132609355
2838,3.6015452538631347,4.428724759872287
2839,5.026266416510319,4.751545289935392
2840,3.951541850220264,3.63378142309468
2841,5.642297650130549,6.453276739791067
2842,5.08254397834912,5.065144918081698
2843,3.3874125874125873,3.7984507240743994
2844,4.036764705882353,2.9667961669257266
2845,5.796033994334278,6.348318202143419
2846,4.8259668508287294,4.377905139003985
2847,3.6580645161290324,3.8988791853209452
2848,6.198419666374012,5.885710682139674
2849,5.112994350282486,5.3180808472221806
2850,4.246013667425968,3.647188967175492
2851,4.441441441441442,4.4223447407131795
2852,4.290010741138561,4.65362822942949
2853,5.386804657179819,4.94263008472365
2854,4.86144578313253,5.1816183621676295
2855,5.065693430656935,5.2157267071719
2856,5.073972602739726,4.653258415165983
2857,4.04,5.041491049751566
2858,5.329457364341085,5.521029403700635
2859,8.527293844367016,7.493983196445856
2860,4.161264822134387,4.9039898227972305
2861,6.663690476190476,5.696123496921886
2862,4.594444444444444,3.648998734269352
2863,4.166666666666667,4.536723078431521
2864,5.845117845117845,5.0497276980312655
2865,4.703412073490814,3.853998482533821
2866,5.315589353612167,5.905578421336164
2867,3.110831234256927,3.451496717500083
2868,5.990196078431373,6.3192590083182765
2869,8.26027397260274,7.624464373182155
2870,5.40463645943098,5.484024494150394
2871,6.239690721649485,6.33424584702054
2872,5.017543859649122,4.3488108181700476
2873,6.451923076923077,6.503589666879851
2874,6.169960474308301,6.351645816217095
2875,6.799092676604018,5.927950334792568
2876,5.57277628032345,5.302617177313865
2877,4.076323987538941,4.590958692394132
2878,6.414583333333334,5.29752107044561
2879,3.116650987770461,2.5714733460004537
2880,4.540372670807454,5.007451043451093
2881,5.680851063829787,5.582693076267625
2882,4.265415549597855,4.4131360474120145
2883,5.507598784194529,5.173402861069658
2884,5.741228070175438,5.6879581179088925
2885,6.634615384615385,4.962174813931041
2886,6.128500823723229,5.330970160421728
2887,8.241379310344827,8.097357557541022
2888,5.063291139240507,4.864655265659872
2889,4.204819277108434,5.8084500903089715
2890,4.822834645669292,4.240572080256945
2891,5.731808731808732,5.74747424595799
2892,6.200585651537335,6.543277176188683
2893,3.105714285714286,3.787881180657103
2894,4.258845437616388,4.459652240179067
2895,6.337912087912088,6.450417212654077
2896,7.104854368932039,5.83888497178134
2897,5.860894941634241,6.305410674730993
2898,4.3326271186440675,4.0550593459891795
2899,5.427777777777778,6.388020911353796
2900,7.1606280193236715,10.069396742190564
2901,6.012195121951219,5.11977932066601
2902,5.563380281690141,5.446940191546256
2903,5.846153846153846,5.9326712452105586
2904,7.994475138121547,8.224511345165126
2905,5.424657534246576,5.452640534904642
2906,6.437007874015748,6.057901090876821
2907,8.696682464454977,8.737040433938791
2908,5.5169606512890095,5.727186747328642
2909,6.065602836879433,5.334862332321695
2910,5.075822603719599,5.483186557465655
2911,4.066666666666666,4.026491776236762
2912,5.538226299694189,5.416021951525977
2913,4.622331691297209,4.780989926701651
2914,5.884765625,5.144111705032726
2915,4.426491994177583,5.000461458509541
2916,5.321243523316062,5.998573051874022
2917,4.1735537190082646,5.424991586243463
2918,4.952586206896552,5.082587626647346
2919,5.563008130081301,5.047536141545743
2920,4.549112426035503,4.2387162174661865
2921,3.746450304259635,4.497704393885007
2922,5.513317191283293,5.5371663606943375
2923,4.673866090712743,4.769502639980722
2924,4.78494623655914,3.971967096308995
2925,5.7566462167689165,5.525798913566886
2926,5.401215805471125,5.603413629614527
2927,3.572463768115942,3.819042196179498
2928,5.440633245382585,5.764635155546814
2929,4.536656891495602,5.301693479611581
2930,3.5354609929078014,4.727012923436838
2931,5.804577464788732,5.098900514510451
2932,7.586151368760064,9.103169694172202
2933,9.180451127819548,8.915577879103248
2934,4.7250608272506085,4.739975784441597
2935,7.573033707865169,7.154972115036521
2936,4.51063829787234,5.689008959985367
2937,6.8311688311688314,6.376252651838876
2938,4.1120401337792645,4.695950022181289
2939,4.45982905982906,5.1421792065855545
2940,6.306264501160093,6.116699934049188
2941,5.463414634146342,5.690610176658175
2942,3.18348623853211,3.8119152139478034
2943,6.952461799660441,6.97299789218829
2944,6.34640522875817,5.661510835705494
2945,5.4672897196261685,5.053303435297763
2946,5.419117647058823,4.567955147704698
2947,4.107583774250441,3.5363768723775615
2948,4.156118143459915,4.331536230986382
2949,4.571428571428571,5.893536955578076
2950,5.7701492537313435,6.453800252731142
2951,5.068376068376068,5.219511928863298
2952,3.5088195386702847,4.018322877113679
2953,8.525423728813559,6.313767582029258
2954,4.4674556213017755,5.023270323101814
2955,4.327464788732394,4.001588637309126
2956,6.226666666666667,7.088366058868777
2957,4.708624708624709,4.264723875591846
2958,5.479078514339445,5.517631442420802
2959,6.444776119402985,6.056084222687867
2960,6.425233644859813,5.673240271885016
2961,3.9686323713927227,3.84862540681745
2962,5.470982142857143,5.826951559936123
2963,6.472843450479234,6.1131146477553004
2964,3.411602209944751,4.333384251682981
2965,4.825958702064897,5.03246795202089
2966,2.1467391304347827,3.7218482148912138
2967,4.478176527643065,4.532209431941649
2968,5.488997555012225,4.8328358398075215
2969,3.2213225371120107,4.166953475605639
2970,4.399752475247524,4.4237890432933735
2971,4.416666666666667,5.331558542324231
2972,4.955882352941177,5.238020751505479
2973,6.095833333333333,5.887468855718734
2974,4.791181364392679,4.663718768359819
2975,5.572815533980583,5.547318945725935
2976,6.256484149855908,6.815305487630321
2977,4.565683646112601,3.8962659283900014
2978,5.523809523809524,5.65607054306888
2979,4.345771144278607,4.733466643277827
2980,5.700869565217391,5.637026094415308
2981,2.843642611683849,4.029589943444401
2982,4.979779411764706,5.379711058641379
2983,3.5139664804469275,4.037140839132363
2984,5.455268389662028,5.825420003614373
2985,5.906318082788671,4.850600682766791
2986,5.277258566978193,5.021237037403147
2987,7.772805507745267,8.416720450589112
2988,5.230235783633842,4.870087001734858
2989,4.760683760683761,5.450602696436397
2990,17.26923076923077,44.40005426012063
2991,5.789340101522843,5.163627174892001
2992,5.32484076433121,5.275303031930259
2993,4.462068965517242,4.227818265748187
2994,3.2209567198177678,5.178419063969347
2995,5.790067720090294,5.774206567715955
2996,5.253073770491803,5.217241340069538
2997,5.379073756432247,5.6704459151984405
2998,6.1676829268292686,6.699500377816829
2999,4.280487804878049,4.911217411690634
3000,5.491803278688525,4.647248872672401
3001,5.210862619808307,5.815491240873265
3002,4.94006309148265,4.6276100817370285
3003,4.6767676767676765,5.243385188398351
3004,5.301020408163265,5.849075250621743
3005,5.5581737849779085,4.762528519237592
3006,4.802056555269923,5.500208420419445
3007,5.732758620689655,6.285110701921369
3008,3.99375,4.523166260507351
3009,3.656874265569918,4.322368372891835
3010,4.356449375866852,4.278645136389142
3011,4.655172413793103,4.488287207736759
3012,4.119850187265918,4.362509198740871
3013,6.136842105263158,5.358026266839985
3014,4.144230769230769,3.5146851982526615
3015,6.071672354948806,5.847874666313043
3016,5.747545582047686,4.373844646155566
3017,4.841726618705036,4.689206834355693
3018,5.330532212885154,4.656784333759836
3019,4.459882583170255,3.9674494578270814
3020,5.218340611353712,5.04880924668026
3021,4.7633262260127935,4.519399297790658
3022,6.276716206652512,5.24146488977166
3023,6.29338327091136,6.528633445624539
3024,5.2625169147496615,5.507023815679922
3025,5.320284697508897,6.201724883576059
3026,2.8355555555555556,3.186215835535126
3027,6.3203285420944555,5.307298999681642
3028,5.5,5.51871614070797
3029,3.568888888888889,5.716306240996031
3030,4.351464435146443,4.3873950373266855
3031,4.774818401937046,5.6116182011981754
3032,5.371428571428571,5.508350542092929
3033,5.306425041186161,4.763462904353567
3034,5.7707182320441985,5.848616509067265
3035,5.6415929203539825,5.589977779514958
3036,4.849181360201511,5.075307259332216
3037,6.072507552870091,6.029595089726879
3038,2.3684210526315788,4.500913886816969
3039,3.67027027027027,2.911647480106559
3040,3.0106761565836297,3.5924530822071903
3041,4.729237770193402,5.217322303751761
3042,4.711678832116788,4.400310410957868
3043,5.3963636363636365,5.463349899445438
3044,6.978947368421053,7.011586342009958
3045,4.23469387755102,4.13720287017567
3046,6.570093457943925,5.74055647856676
3047,2.1339285714285716,3.132034949531675
3048,5.566433566433567,5.5485031008137025
3049,5.498666666666667,5.506451765214701
3050,5.817850637522769,5.73152382683131
3051,9.10997442455243,7.929189658109574
3052,4.341389728096677,4.822975649793139
3053,6.0710227272727275,6.454429288148866
3054,3.2874493927125505,4.125333928483116
3055,5.918088737201365,5.924809491911191
3056,6.659670164917541,5.810147754305829
3057,3.8048780487804876,4.437350908880425
3058,3.7598647125140925,3.4682126372266646
3059,5.4485049833887045,4.590003161880633
3060,4.974317817014446,5.178469276600816
3061,4.106813996316759,3.7063394209307647
3062,2.6440677966101696,4.216932725679288
3063,7.199524940617577,7.291116406222571
3064,5.283908045977012,5.570807833573741
3065,4.9543726235741445,5.0258774927202765
3066,5.002232142857143,5.317188919467496
3067,2.962686567164179,3.479357521578519
3068,4.380753138075314,4.078830521735712
3069,7.053726169844021,7.232984191600992
3070,4.944320712694878,4.59200720745139
3071,4.65034965034965,5.105096238975085
3072,4.135957066189624,4.040826685051688
3073,3.1692913385826773,3.988885947427649
3074,3.2950819672131146,3.9012736780599515
3075,6.40952380952381,6.275197749688534
3076,4.803076923076923,4.96999786139051
3077,6.11734693877551,4.936828571143386
3078,7.662087912087912,6.662003851648623
3079,3.8567741935483872,4.470040091143267
3080,8.464163822525597,9.735654772974211
3081,7.166189111747851,5.801088338666819
3082,3.905263157894737,4.701611268154259
3083,4.883720930232558,4.427347637048101
3084,4.130526315789473,5.638327281210931
3085,6.221830985915493,6.931096981151024
3086,4.6887966804979255,4.194746760597707
3087,6.415520628683693,6.991075553352993
3088,3.628032345013477,3.231767046533525
3089,6.105747126436782,5.612626584431263
3090,5.6887966804979255,5.80962394291234
3091,5.317647058823529,5.598575032646092
3092,7.1078838174273855,6.824147877954643
3093,4.3965884861407245,4.655769386720198
3094,6.304964539007092,6.084358095726174
3095,4.237647058823529,4.010784291686674
3096,1.4657534246575343,3.008491537032464
3097,5.152400835073069,5.091341351278565
3098,5,5.032497544736504
3099,4.740663900414938,4.62405841710004
3100,4.280388978930308,4.684204703277158
3101,6.8975069252077565,6.423477047481398
3102,4.099290780141844,4.228382910855968
3103,5.5625,4.8253028594833625
3104,3.8342175066313,4.358834925725088
3105,5.381386861313868,5.596062638776626
3106,4.310043668122271,4.759814516538791
3107,3.7241379310344827,3.593771290910938
3108,5.781902552204176,5.619148881819867
3109,3.810725552050473,4.527456900235247
3110,4.425790754257908,4.391616108337176
3111,5.4875,5.7039297802442945
3112,4.525179856115108,4.57358589359445
3113,4.378132118451025,4.938592344411839
3114,3.902325581395349,4.160781874737477
3115,6.237741456166419,6.209996530113678
3116,4.087478559176672,4.084378258531031
3117,4.791549295774648,4.951975401905924
3118,5.196808510638298,4.396725360709125
3119,5.04954128440367,5.507392108127153
3120,3.141809290953545,3.668374744743069
3121,4.767258382642998,4.960920591436972
3122,5.344660194174757,5.304498198831258
3123,3.4922118380062304,4.092289291151312
3124,4.5,4.308362481281068
3125,4.948356807511737,4.787386761321277
3126,6.221052631578948,6.365596833613703
3127,3.384180790960452,4.998286342925935
3128,3.257575757575758,4.357605080923394
3129,4.796565389696169,5.0254171123974665
3130,5.568,4.922482691072309
3131,4.591687041564792,3.8862526114302103
3132,6.91684434968017,6.958995430783318
3133,5.093283582089552,5.804081924818368
3134,6.322485207100592,6.218597897265904
3135,6.59581881533101,6.905862431754162
3136,5.874581939799331,5.619978012611497
3137,4.907725321888412,5.339643349635354
3138,5.689138576779026,5.590279447971576
3139,4.91131498470948,4.160670196434144
3140,6.095717884130982,5.741464246780604
3141,4.2306122448979595,3.472218549110754
3142,5.600456621004566,4.704656111084553
3143,4.9409221902017295,5.188459221332064
3144,7.291666666666667,6.395753639582675
3145,4.037974683544304,3.946303332730458
3146,5.627170582226762,5.394815439612804
3147,6.570291777188329,6.01736294926863
3148,7.921875,8.651505403909724
3149,4.682251908396947,4.223742065321632
3150,4.136363636363637,4.631840793132875
3151,6.124567474048443,5.329790705684864
3152,6.176646706586826,5.889752289597179
3153,6.348122866894198,5.485620742961872
3154,3.3582089552238807,3.5949196133192807
3155,4.720538720538721,3.755007449134289
3156,4.376383763837638,4.781372532953284
3157,6.548034934497816,5.839189010867396
3158,4.043333333333333,4.590026578990714
3159,4.911111111111111,6.008150893232548
3160,3.7379032258064515,2.998183390834348
3161,4.043731778425656,4.118524625306996
3162,5.82018927444795,6.2348931224773905
3163,6.556732223903177,6.156111124024815
3164,5.440329218106996,5.727506500626829
3165,4.602787456445993,4.992474844983411
3166,4.892857142857143,3.771009392109827
3167,4.974666666666667,4.992513240039104
3168,5.419753086419753,6.121700733493675
3169,4.877149877149877,4.795554888562201
3170,5.303030303030303,4.844557311596269
3171,4.802059496567506,4.833257496791771
3172,3.3505050505050504,3.669079532872369
3173,4.022935779816514,3.9225452229419435
3174,6.2253668763102725,6.057115996931158
3175,5.552631578947368,5.54327856446894
3176,5.291759465478842,5.2564180377961724
3177,6.749253731343283,5.48661877064598
3178,6.550796812749004,6.838333281216631
3179,5.678403755868545,4.582958502336433
3180,4.615384615384615,4.542200114052235
3181,5.828767123287672,5.877663965983432
3182,4.111545988258317,4.94323989516915
3183,6.199546485260771,6.242533143524485
3184,4.914516129032258,4.784290904255865
3185,5.049468085106383,5.272509681563887
3186,6.6,5.429412272792934
3187,5.69164265129683,5.906307326035584
3188,4.1678200692041525,3.6476344437916617
3189,6.263513513513513,5.880185515475203
3190,4.990723562152134,5.19887077224086
3191,6.149739583333333,5.78467922900294
3192,4.769230769230769,5.513664117644927
3193,3.9633699633699635,4.010266059974182
3194,6.877551020408164,5.658241800371791
3195,5.85969387755102,5.6322813122838475
3196,6.518900343642612,6.700946421945931
3197,6.637931034482759,5.801154581526403
3198,4.7981330221703615,4.916284911995632
3199,4.329545454545454,3.2057287703306727
3200,5.740816326530612,5.770817673472033
3201,6.353932584269663,6.043724963494348
3202,6.340163934426229,6.796734127488024
3203,4.454828660436137,5.233030248852547
3204,5.6909090909090905,5.066352438737008
3205,4.146739130434782,4.453480783589179
3206,5.6943620178041545,9.803903021420366
3207,5.619047619047619,6.339679240163123
3208,4.929042904290429,5.001486693855811
3209,5.242816091954023,4.46810422443247
3210,5.388297872340425,5.780941376190258
3211,5.292328042328043,5.469025550919639
3212,3.2353966870095903,4.1896164324717455
3213,6.8578947368421055,5.3129701917656424
3214,5.975609756097561,5.734483281992059
3215,4.9748603351955305,4.419733163687182
3216,6.627831715210356,6.345187398418728
3217,5.314285714285714,4.992481220471753
3218,6.002976190476191,6.719114739240208
3219,3.3766937669376693,4.583010247562713
3220,5.069182389937107,4.198382667115004
3221,5.393728222996516,5.7375649145312675
3222,2.6598639455782314,3.4081632117888856
3223,4.553934340802502,4.572918019259519
3224,2.837096774193548,3.2331618656281744
3225,6.813688212927756,6.9993130996696085
3226,4.466424682395644,4.352916726417751
3227,3.997826086956522,4.42362210071175
3228,5.581218274111675,5.681195149265516
3229,5.333333333333333,4.792667853026406
3230,5.035294117647059,5.874186525894367
3231,2.567219152854512,3.539631154193862
3232,4.944606413994169,4.13167412337696
3233,6.7779690189328745,6.960570613154058
3234,5.684729064039409,5.368523361910695
3235,7.703016241299304,7.097387710375296
3236,5.779220779220779,6.349673170917644
3237,5.0418250950570345,5.216572500215476
3238,3.8587786259541983,4.032102086300245
3239,5.96415770609319,5.67065987315536
3240,2.9915254237288136,3.7792616799135903
3241,4.681159420289855,4.678943327308144
3242,3.587557603686636,4.288478386569455
3243,4.435185185185185,4.676252587109007
3244,5.106598984771574,5.154788842860491
3245,4.617241379310345,6.16945714482942
3246,4.839506172839506,7.812308090153282
3247,6.1311964219157655,6.864009433073477
3248,5.646739130434782,4.987188404699358
3249,1.7482866043613707,2.4904760865594837
3250,3.954692556634304,4.6034226057108025
3251,5.861561119293078,6.484098330673101
3252,4.151761517615176,4.810619023093649
3253,4.461661341853035,4.736110468529045
3254,3.731934731934732,3.3765214952871276
3255,7.806451612903226,6.043789344560054
3256,4.881889763779528,4.956404132761203
3257,3.4619565217391304,4.068031790003925
3258,6.518672199170124,6.05701143034605
3259,3.6452905811623246,3.4017989222507423
3260,5.45398773006135,5.91826333217324
3261,6.091476091476092,5.995092495338525
3262,3.9623655913978495,5.462564535444265
3263,5.646209386281589,5.832654102205292
3264,4.756267409470752,4.632713053420965
3265,8.052670080468179,7.386961627509392
3266,4.946043165467626,4.971069634658534
3267,3.586734693877551,3.619733003216769
3268,4.061166429587482,5.16929265287628
3269,8.347107438016529,7.028132044148422
3270,7.0588235294117645,5.570369738460753
3271,4.927710843373494,5.222640830977799
3272,5.011904761904762,5.602994666042325
3273,5.926339285714286,5.99140535737464
3274,3.136729222520107,3.307715904766153
3275,3.8233532934131738,3.5815628964258006
3276,3.9508196721311477,5.825516242859566
3277,5.777292576419214,4.929629666398622
3278,5.514035087719298,5.310563598634815
3279,4.345394736842105,3.9265866977092054
3280,14.802197802197803,16.345946583545896
3281,4.813063063063063,3.0047916296299086
3282,5.351648351648351,5.190172992202216
3283,3.8784235136940546,4.116367029908739
3284,6.176178660049628,5.915900872722645
3285,5.861861861861862,5.010620572344125
3286,5.977941176470588,5.755933499874811
3287,7.606271777003484,9.588747398185586
3288,6.237226277372263,5.876545218193566
3289,4.351669941060904,5.680673189180606
3290,4.68299711815562,4.966403466847672
3291,5.352,5.159099485107159
3292,4.996710526315789,5.2073981694496725
3293,6.771929824561403,6.655804312256231
3294,4.130890052356021,5.115751291158531
3295,4.573308270676692,4.523935899073101
3296,3.735042735042735,4.821976102961356
3297,4.556034482758621,4.689311051675175
3298,6.707762557077626,6.663774970075439
3299,4,4.639556327601941
3300,6.470162748643761,5.643967721476834
3301,5.412955465587045,5.90770597893938
3302,4.203463203463204,4.7155287690100876
3303,4.209606986899563,5.1607382294669195
3304,4.688372093023256,3.9330762520270435
3305,3.9102902374670183,3.848334659942129
3306,4.970149253731344,5.433600744858922
3307,5.182080924855492,5.169980940135255
3308,4.050970873786408,4.3260209284285125
3309,2.348333333333333,3.3059870434964838
3310,3.7865497076023393,3.8646924582011017
3311,2.045662100456621,2.693308711634732
3312,4.634868421052632,5.400017699228938
3313,6.758474576271187,5.854918612777405
3314,3.6601340897369776,3.9048403640521214
3315,2.547008547008547,2.38704296791689
3316,5.809891808346213,5.657803804916892
3317,5.839541547277937,5.648602674513954
3318,5.09453781512605,4.969899579815856
3319,5.623376623376624,5.434244988872859
3320,4.205333333333333,5.014098575608981
3321,4.431952662721893,4.174706194484326
3322,4.420743639921722,4.701857749563362
3323,4.863753213367609,4.926315132413577
3324,4.898128898128898,5.264917988027854
3325,3.8282208588957056,4.508349056527713
3326,5.504983388704319,5.244890701436345
3327,5.744744744744745,5.534549683941029
3328,8.009146341463415,7.208174861941632
3329,4.458823529411765,5.340419475826081
3330,5.902702702702703,6.32992430959766
3331,3.8136061946902653,3.053161264027596
3332,3.8215767634854774,4.173460937357333
3333,8.24401913875598,7.469189688419325
3334,5.60285132382892,6.054229880322732
3335,4.718978102189781,4.3651508600126805
3336,5.457380457380458,5.280432418269147
3337,4.008431703204047,4.543041074669722
3338,7.034690799396682,6.909999093263943
3339,3.4277777777777776,3.9816621521355753
3340,6.470909090909091,6.742135329846084
3341,7.181262729124236,6.095785606562424
3342,5.151515151515151,5.370892536040593
3343,3.6457800511508953,3.8713714536212613
3344,3.017605633802817,3.2725753559594235
3345,6.122033898305085,5.792433628238971
3346,7.631498470948012,7.517218007342736
3347,6.481632653061224,5.6067609352074985
3348,4.176691729323308,4.555352085837044
3349,5.945255474452555,5.7357836682421235
3350,6.858546168958743,7.225313069163008
3351,5.0618181818181816,4.686935295069305
3352,6.358558558558559,5.615815488215151
3353,5.428571428571429,5.807933428387588
3354,5.141280353200883,5.809430552419195
3355,6.475113122171946,6.066734940165593
3356,3.452513966480447,4.64234949194865
3357,4.106194690265487,3.714317491623441
3358,4.592841163310962,3.7835101627981027
3359,4.027027027027027,4.3534100513711325
3360,5.097323600973236,6.234748360634333
3361,26.88235294117647,17.41240192055755
3362,3.6426426426426426,4.224000143677738
3363,3.8758169934640523,4.432140718087974
3364,5,4.972981423526765
3365,6.66205533596838,7.774520139076653
3366,16.55056179775281,14.630774846794893
3367,5.691449814126394,6.315440453450128
3368,5.3418803418803416,5.402419709963636
3369,4.28921568627451,4.055035512924645
3370,6.165909090909091,5.949388061112729
3371,4.514388489208633,4.798402895787233
3372,7.088541666666667,5.206547124711978
3373,4.280354706684856,3.9447806970907866
3374,6.509933774834437,6.099495045882126
3375,7.043879907621247,7.60103174193452
3376,5.2727272727272725,4.580632027284453
3377,3.305,3.8180667838698494
3378,6.230088495575221,7.439039948266096
3379,6.73536299765808,6.3435346552741585
3380,6.580821917808219,7.204602155777697
3381,11.865489130434783,17.915149049537632
3382,6.3147353361945635,6.197761718597393
3383,6.297435897435897,5.439667867819541
3384,7.116022099447513,6.625103147235945
3385,7.194321766561514,5.791907888247376
3386,6.204176334106728,6.444202105342887
3387,3.828828828828829,4.663906441039039
3388,4.228710462287105,5.021999823040723
3389,4.436314363143631,4.72217689366904
3390,5.435051546391753,5.483514940388346
3391,7.153846153846154,6.548097891520939
3392,6.5582329317269075,6.4062941484423765
3393,4.174496644295302,4.241197105556935
3394,7.26775956284153,7.647264827111643
3395,6.155339805825243,5.036804163831875
3396,4.856777493606138,5.117632327745284
3397,5.381944444444445,5.415494241525342
3398,4.556476683937824,4.644966362357666
3399,5.8428571428571425,5.575762040331188
3400,3.4474474474474475,4.195364792021969
3401,6.055421686746988,5.73435289593372
3402,4.675540765391015,4.567326071252064
3403,4.055415617128464,4.475894845688304
3404,6.776758409785932,6.403965229895231
3405,5.6567901234567906,5.17761126864654
3406,7.075,6.157330197855231
3407,3.617094017094017,3.7019904460972137
3408,2.9890873015873014,3.8070968867704753
3409,5.8175675675675675,5.251064272399607
3410,5.051224944320713,5.520128066280389
3411,3.984009840098401,4.372590527474028
3412,4.4282407407407405,5.60908411183316
3413,6.205882352941177,6.683095687379716
3414,7.207619047619048,6.076882148490234
3415,3.746067415730337,4.0541046513127315
3416,5.325513196480938,5.503414305390994
3417,4.984517304189436,4.994811908873789
3418,3.7344508160564622,4.506776438254077
3419,5.00668449197861,4.601687116191673
3420,5.468671679197995,5.646176398005716
3421,4.635311143270623,5.113421248464346
3422,4.208510638297873,4.073427551795783
3423,3.9532908704883227,4.0713750662938075
3424,6.098214285714286,5.654091231679429
3425,7.448979591836735,10.796713991242632
3426,4.263502454991817,4.502980962591083
3427,4.96068796068796,5.2955752474964495
3428,4.544871794871795,3.8858224835038144
3429,4.96078431372549,5.057891349008623
3430,5.095890410958904,5.262149719829278
3431,5.755474452554744,5.150146535747885
3432,4.8814935064935066,4.911762406770083
3433,4.765840220385675,4.870604064191818
3434,5.601092896174864,6.354545463318289
3435,4,4.895770176416609
3436,4.86986301369863,5.502787081216615
3437,4.389204545454546,4.845895759735219
3438,5.64349376114082,5.119748407257099
3439,6.651162790697675,6.028724822573174
3440,4.385714285714286,4.60515117924147
3441,5.063106796116505,5.355267109496628
3442,3.517175572519084,4.509346619161059
3443,5.060728744939271,4.834956133070171
3444,4.785834738617201,4.520755129016333
3445,3.7228915662650603,4.461150742608638
3446,3.636963696369637,4.504756146970892
3447,4.721374045801527,3.860633898784074
3448,16.05701754385965,9.012165543797638
3449,5.631004366812227,4.075840580600731
3450,5.248543689320388,4.785786214932684
3451,5.4930693069306935,5.5543961390710965
3452,3.675767918088737,5.13354518248096
3453,4.266666666666667,4.432544210728395
3454,6.037174721189591,7.0648652065910795
3455,6.372151898734177,5.528116815853583
3456,4.364085667215815,4.163336536947847
3457,4.656551724137931,4.668434510977703
3458,5.396761133603239,5.275399900949916
3459,4.065250379362671,4.515707448172013
3460,3.2033898305084745,3.876792199322833
3461,3.4665551839464883,4.361788281670039
3462,6.225,6.150131723284032
3463,5.717525773195876,4.9375294164572425
3464,4.391203703703703,4.745910264532812
3465,5.5285087719298245,5.999450519440931
3466,3.773170731707317,3.76436035637661
3467,5.546666666666667,5.832162167024775
3468,3.3714285714285714,4.386213221123564
3469,3.64,3.5750659739562516
3470,6.057534246575343,6.081516484716376
3471,3.7094474153297683,4.884154752575196
3472,5.806779661016949,6.038844756764389
3473,3.8228882833787465,4.499320307669861
3474,6.046686746987952,5.733844434866187
3475,4.377260981912145,4.195254364918805
3476,4.791925465838509,5.665392259350998
3477,4.946403385049365,5.0838520804144665
3478,4.4,4.900669862752041
3479,6.163090128755365,6.018582537698904
3480,5.524489795918368,5.675536084198645
3481,5.191304347826087,4.456016178401242
3482,8.606299212598426,7.389167980214398
3483,4.507204610951009,4.5275750237608845
3484,10.512820512820513,10.210450474267176
3485,3.7088607594936707,3.178888948838451
3486,7.065602836879433,6.861437807982149
3487,5.455172413793103,5.64815104907575
3488,5.502923976608187,4.527801054122883
3489,3.765925925925926,5.0118988111683525
3490,4.30749354005168,4.818837232801083
3491,4.828326180257511,4.897254736335334
3492,4.061633281972265,3.378345280416761
3493,6.421276595744681,7.142295461011599
3494,5.680952380952381,5.873148461365036
3495,4.783001808318264,5.067349743382611
3496,5.840958605664488,6.1037124654757635
3497,5.159914712153518,6.029968815753625
3498,6.215258855585831,5.509177742645955
3499,5.811965811965812,5.419691966667696
3500,7.129353233830845,7.163315822773591
3501,5.1201923076923075,6.068403500678704
3502,5.205078125,4.08372557555009
3503,5.526315789473684,4.981887680749877
3504,5.260330578512397,4.371019574715207
3505,5.291666666666667,6.076993646507957
3506,3.6359223300970873,4.896299573062444
3507,5.745810055865922,5.81483094980166
3508,4.293159609120521,4.218710088814887
3509,4.75417661097852,5.6373828191931015
3510,4.205278592375366,4.458825525479274
3511,7.184633027522936,6.8298278750328985
3512,6.4,5.691147470081562
3513,9.90632911392405,8.403320162920455
3514,3.824,3.8499375799910522
3515,5.513119533527697,5.106606311657895
3516,3.7304747320061256,4.023610338656505
3517,6.245689655172414,6.049066190892014
3518,6.15406162464986,6.134050386934522
3519,4.590189873417722,4.754223298053136
3520,4.914163090128755,4.810506937018967
3521,3.835766423357664,4.170940127573352
3522,4.212074303405573,4.594408564378402
3523,6.438746438746438,6.494102830743894
3524,7.03855421686747,6.6304180544079845
3525,6.338461538461538,6.741930270141862
3526,4.934027777777778,4.997233797275715
3527,5.78239608801956,5.933741157272831
3528,4.950207468879668,4.171728467569205
3529,5.186567164179104,5.2682569594457895
3530,5.766176470588236,5.262984317203115
3531,4.170068027210885,5.401711033172598
3532,3.404320987654321,4.258949968644598
3533,4.3375,3.805983122661571
3534,5.061538461538461,5.492554258842134
3535,6.752998667258996,6.5137369807434435
3536,4.2351190476190474,4.028034339399714
3537,6.094285714285714,5.574898317834877
3538,5.084321475625823,4.80644860625453
3539,4.429203539823009,5.244894860525329
3540,6.088737201365188,6.488627679594765
3541,5.785185185185185,5.54420653840716
3542,7.181585677749361,6.1987814321330355
3543,6.027027027027027,5.2562778520352325
3544,8.22742474916388,6.107399334892495
3545,7.141566265060241,5.826165776829542
3546,4.073743016759776,4.811839257236053
3547,5.394805194805195,5.0488427871902815
3548,6.191082802547771,5.818245406130678
3549,4.036842105263158,4.5249443414023585
3550,3.625,4.524191879256548
3551,5.2661498708010335,5.52160267164342
3552,7.273381294964029,13.871544923582391
3553,5.109649122807017,4.966274383904521
3554,5.523885350318471,5.444696361079835
3555,5.37910447761194,5.124966997692747
3556,4.832080200501253,5.547009335709067
3557,4.816115702479339,5.472015242969167
3558,7.216216216216216,6.737499789666838
3559,8.46058091286307,7.85304477680588
3560,5.994983277591973,6.400831239699219
3561,5.003086419753086,5.121786512070385
3562,4.331352154531946,4.233103961345544
3563,7.060367454068241,5.878842947517981
3564,6.176938369781312,6.297497585230067
3565,5.437177280550775,5.047416697461145
3566,5.525606469002695,5.664028635443237
3567,5.504983388704319,5.081054158822048
3568,6.381176470588235,6.721730908002828
3569,4.410041841004184,4.068115960276434
3570,6.680805938494167,6.035417325334331
3571,5.008064516129032,4.264813493267531
3572,5.73015873015873,6.356374242335372
3573,4.048744460856721,4.5310524768563125
3574,3.988294314381271,4.388551061830914
3575,5.564755838641189,4.347214800582108
3576,4.206989247311828,4.236059311099396
3577,6.293577981651376,5.927826687650853
3578,4.584033613445378,4.693501223283626
3579,5.236238532110092,4.932273147664635
3580,4.4019047619047615,5.104622962033504
3581,4.492273730684326,4.996846497442802
3582,7.347014925373134,6.205014287347584
3583,3.6728971962616823,3.3810425203168437
3584,3.420135527589545,3.6496158669159025
3585,4.945454545454545,5.579514384712705
3586,7.536463536463536,6.1962906920620995
3587,3.983092638252906,4.971949066209785
3588,4.096153846153846,3.1760672688152924
3589,5.508701472556894,5.425560556980541
3590,4.514150943396227,4.837458584227903
3591,3.5869336143308748,3.6648976012542827
3592,5.07981220657277,4.55121874693551
3593,4.718354430379747,3.6963303058498647
3594,5.171348314606742,4.72836223887238
3595,4.927645788336933,4.763417084188819
3596,4.6095471236230114,5.024105596613154
3597,5.49009900990099,5.497780732670167
3598,6.54320987654321,6.507696221485108
3599,5.630597014925373,5.696942199793128
3600,3.54320987654321,3.5987724836844053
3601,5.095744680851064,5.926744264368107
3602,5.790361445783133,5.51088336839298
3603,4.098984771573604,3.9905812580887874
3604,5.41554054054054,6.6107157836352926
3605,5.5718533201189295,5.643550812470704
3606,6.028125,6.203116594976725
3607,3.5186206896551724,4.349544726883439
3608,7.648648648648648,6.974505199691399
3609,5.961672473867596,5.763963205991845
3610,5.7482993197278915,5.6699953850465485
3611,5.376395534290271,5.2462054255080215
3612,5.783870967741936,5.54944427681191
3613,5.891774891774892,6.26586067000591
3614,8.758620689655173,14.40784363809904
3615,4.137724550898204,3.6939255893983285
3616,4.589242053789731,5.401218899181613
3617,5.068965517241379,5.071653453424503
3618,5.068,5.746935873131464
3619,6.311320754716981,4.582478313533002
3620,5.933333333333334,5.483479092175556
3621,4.7073170731707314,4.726511531021642
3622,7.311042590094431,7.517814625123815
3623,6.866295264623956,5.060574281179418
3624,4.210027100271002,4.794166402843186
3625,4.778688524590164,4.071359900136452
3626,4.833333333333333,4.3100249854877015
3627,6.144444444444445,6.080078874128245
3628,3.7324414715719065,5.094664744446057
3629,5.757183908045977,5.405655400498366
3630,6.317596566523605,6.182457411504403
3631,4.144736842105263,4.346435909047385
3632,6.412121212121212,6.896826159529984
3633,5.355191256830601,5.106630596364346
3634,6.167400881057269,5.268624608707045
3635,8.578947368421053,12.474400738648287
3636,6.047482014388489,6.183652836052854
3637,3.663484486873508,3.5548611839826405
3638,4.996138996138996,5.202903096392425
3639,1.6807738814993953,2.8194814327152264
3640,5.344748858447488,5.511292728167062
3641,5.50187265917603,4.632263229305716
3642,4.851239669421488,4.377738918223736
3643,5.938084112149533,6.022566566422256
3644,6.535849056603774,6.439083826606368
3645,10.211764705882352,7.53509498719091
3646,7.176470588235294,6.9236967407840595
3647,4.2255054432348365,4.4493140283305355
3648,5.590361445783133,5.690025536732057
3649,15.015151515151516,11.465257063271219
3650,4.86737400530504,4.8413151312180425
3651,5.665768194070081,5.337324544524793
3652,5.177290836653387,4.832671813927458
3653,7.027707808564232,6.62720498603556
3654,6.248062015503876,5.50773564845637
3655,6.9655172413793105,7.761259871945498
3656,5.158536585365853,5.860540292516327
3657,4.5353625783348255,4.5193187253364995
3658,2.8333333333333335,4.079172492653996
3659,5.047727272727273,5.101027525612557
3660,5.332819722650231,5.11736143296957
3661,6.5493421052631575,6.013985504067021
3662,4.721481481481481,4.617568672593886
3663,4.2,4.974689080106009
3664,5.199257425742574,5.009403924937868
3665,5.176360225140713,4.805541525800449
3666,5.5537459283387625,5.753804521854949
3667,5.611111111111111,4.383419932842115
3668,5.554216867469879,5.673376915963409
3669,2.9361207897793262,3.6309230259008363
3670,5.767123287671233,5.91329843404747
3671,5.841791044776119,5.05672617463274
3672,5.820754716981132,4.849715902007751
3673,8.055016181229773,8.42442610930677
3674,6.860557768924303,6.621836339429118
3675,5.27437641723356,4.776955548107658
3676,5.874113475177305,4.514035783241349
3677,6.287610619469026,5.616372017405639
3678,7.6923076923076925,6.8856290665763
3679,5.469267139479905,5.280897486705685
3680,4.201117318435754,3.9591370343279877
3681,5.0296495956873315,5.392345022024049
3682,5.46524064171123,4.7669258998067745
3683,5.752532561505065,5.7165229125385135
3684,4.5673400673400675,5.071745595741578
3685,3.9246575342465753,5.2260976160927735
3686,4.968468468468468,4.544860655891465
3687,5.592156862745098,5.1877187730432395
3688,7.3861386138613865,6.897208013511132
3689,5.46,5.181099776848962
3690,4.789968652037618,5.447463752167861
3691,5.152777777777778,4.494834899879227
3692,4.223577235772358,4.919439493735357
3693,7.723076923076923,6.846762906492009
3694,4.361046959199384,4.943226893074904
3695,5.9609665427509295,5.356897677143754
3696,4.731152204836415,4.736532486845532
3697,4.196805111821086,3.912335990519531
3698,7.031347962382445,7.152227471210543
3699,4.5513918629550325,4.7770072228471
3700,3.3527397260273974,4.800406319411984
3701,4.700650759219089,4.356715007272761
3702,3.8264550264550263,4.223864152718043
3703,5.415545590433482,5.277740354150401
3704,4.844943820224719,4.099845070918314
3705,4.95970695970696,5.434686243213064
3706,3.441860465116279,4.6185860692714
3707,5.91480996068152,4.8458477523244525
3708,3.895017793594306,3.8972503904969447
3709,5.76978417266187,5.536239655463315
3710,5,3.874077993648752
3711,4.8244444444444445,4.981870938197449
3712,4.521994134897361,4.468456782128598
3713,6.84390243902439,8.623279101721678
3714,5.525531914893617,5.156105115705157
3715,5.285714285714286,6.251661457131568
3716,3.792091836734694,3.936900861036065
3717,5.30609597924773,5.328577307981556
3718,5.162629757785467,5.533210790950362
3719,5.169741697416974,4.423548002596727
3720,5.012987012987013,4.954760808131772
3721,7.075949367088608,6.345296785400242
3722,132.53333333333333,23.55626452263847
3723,5.4960686204431735,5.720817271590596
3724,5.073496659242761,4.970755498977283
3725,5.560196560196561,4.486809469522363
3726,4.4325955734406435,4.212081148171137
3727,5.929955290611028,5.192112350367838
3728,7.101449275362318,5.891660061339493
3729,5.982456140350878,6.322868376811451
3730,5.87041564792176,5.7353637404720095
3731,5.213774597495528,5.080972175754505
3732,2.968283582089552,4.3251650890166395
3733,5.466666666666667,4.906873546524603
3734,4.994186046511628,4.9708892047709075
3735,5.661971830985915,4.503438570024976
3736,5.251028806584362,5.417942676384284
3737,5.193220338983051,5.856246071873113
3738,4.162544169611308,4.660126631449562
3739,3.6511627906976742,4.398823171893078
3740,4.393053016453382,4.375139575760615
3741,4.917391304347826,4.483829297957447
3742,4.295454545454546,3.2864052954633505
3743,4.466539196940727,5.309975904677679
3744,5.030120481927711,4.8811164498698965
3745,4.754360465116279,4.624970504520976
3746,6.154241645244216,5.6565457647069834
3747,4.738831615120275,5.15879118224784
3748,6.50711743772242,5.756865887646027
3749,7.447368421052632,7.256194768012095
3750,5.608,5.639641889315962
3751,4.829268292682927,4.463106896707222
3752,5.380070546737214,4.911418857480404
3753,5.01360544217687,5.745747013948726
3754,4.680412371134021,4.599414799280312
3755,4.228260869565218,4.111039500300599
3756,3.8107142857142855,4.4294078685819445
3757,5.914835164835165,5.6157291295652465
3758,4.8352941176470585,4.0048532262029655
3759,4.306709265175719,4.88005123553928
3760,3.7789115646258504,3.1486831053237334
3761,2.7405541561712847,3.9042050457531996
3762,5.542465753424658,5.6429293999783265
3763,7.662162162162162,5.409517650631791
3764,6.330232558139535,5.716889517603721
3765,4.6688311688311686,4.946160078613694
3766,5.086206896551724,5.691785399569833
3767,4.523809523809524,4.906300342190601
3768,6.156748911465892,6.775560148130387
3769,7.613333333333333,7.536805364635477
3770,5.2405063291139244,5.618275630178315
3771,5.197530864197531,6.712823726461853
3772,3.0697674418604652,3.979441347864533
3773,4.75098814229249,4.845560500091892
3774,3.8175582990397805,4.127703667419412
3775,5.4880239520958085,5.364211357202707
3776,6.759595959595959,6.92082748905415
3777,4.4526315789473685,4.344825581860006
3778,5.615015974440895,5.219128573890213
3779,5.252873563218391,6.064267496005642
3780,6.446666666666666,5.722171295925639
3781,5.515682656826568,5.929621296652288
3782,2.6875,3.900422672370655
3783,6.46875,5.89081249314018
3784,4.2719665271966525,4.825984081037209
3785,5.802486187845304,6.323099183894023
3786,5,4.837535167252133
3787,6.6231884057971016,6.886435633243006
3788,5.447688564476886,5.19442526195745
3789,5.4665012406947895,5.33730455448534
3790,3.9573560767590616,3.9635740770672774
3791,4.518394648829432,5.022836510580071
3792,7.922190201729107,7.301010592659305
3793,6.9854651162790695,6.6958168612817515
3794,5.626923076923077,6.234405614588136
3795,5.75,6.019980983328502
3796,4.186346863468635,4.348650804238515
3797,3.5497237569060776,3.9255703087467926
3798,4.861244019138756,4.64484343761771
3799,5.6,3.291607148334953
3800,4.368613138686132,4.016350728987585
3801,6.908408408408408,7.727261430609307
3802,4.302752293577981,4.2596766067313006
3803,4.8720136518771335,4.835459321739071
3804,5.241379310344827,5.366498770231005
3805,5.2174688057041,5.475545516403746
3806,3.7735849056603774,3.837364204578785
3807,4.073627844712182,4.304236870119093
3808,3.699692307692308,4.710859997983929
3809,4.913654618473895,5.4589206252380915
3810,5.397014925373134,5.2934646274280475
3811,4.613065326633166,5.066339263691904
3812,6.00709219858156,5.5354388572724895
3813,5.91044776119403,5.583819185164602
3814,4.613079019073569,4.073370383814785
3815,6.807017543859649,5.418207301591908
3816,3.8745318352059925,4.777138737665278
3817,4.327217125382263,4.438111604904318
3818,6.010060362173038,5.6398114965093065
3819,7.812339331619537,7.9531022890446925
3820,5.693843594009984,5.780482322582957
3821,4.125,5.567985978706279
3822,7.159627773801002,6.029136855415362
3823,6.694290976058932,6.698843206169132
3824,5.972014925373134,5.744611201448891
3825,7.013201320132013,7.712913915845514
3826,5.421348314606742,5.521903437140547
3827,3.1818181818181817,4.041904109276657
3828,4.12807881773399,4.315990500124921
3829,3.578602620087336,3.7848889720702776
3830,6.383333333333334,5.864238812989648
3831,3.079136690647482,3.589125137812464
3832,4.641255605381166,4.634611049271242
3833,7.642857142857143,8.978065104842628
3834,3.732021196063588,4.320218312245055
3835,4.888888888888889,4.947935286811303
3836,3.7019328585961344,3.8764691226344743
3837,5.092356687898089,5.279474077496556
3838,8.494816211121583,8.527567473416845
3839,3.294294294294294,3.4090255744753786
3840,4.80241935483871,5.065580618151769
3841,5.021459227467811,4.168915382439919
3842,6.19327731092437,5.597499520453766
3843,6.117408906882591,5.835351393210454
3844,6.55511811023622,6.104198585111275
3845,5.234527687296417,5.888770954037561
3846,8.084057971014493,10.946547295281855
3847,5.474666666666667,4.8448726409256695
3848,4.787878787878788,5.550405887053929
3849,5.594795539033457,5.845198042474976
3850,5.148936170212766,6.03671438135693
3851,5.885964912280702,7.57550958443562
3852,3.6893617021276595,3.9351453768438183
3853,4.822107081174439,4.717256440954054
3854,5.351515151515152,4.745285580043602
3855,10.135135135135135,8.4980448341358
3856,4.022662889518414,4.059207540248702
3857,3.5,3.7044146458785074
3858,3.2289156626506026,4.597886688424392
3859,6.002777777777778,5.880722305109238
3860,4.985915492957746,5.6130402622330955
3861,5.735632183908046,5.357603719430813
3862,4.071808510638298,3.834601141390927
3863,5.539449541284403,5.370211789395462
3864,7.989949748743719,7.384852966737116
3865,8.78665496049166,8.429087153079248
3866,4.757188498402556,4.6276279950524275
3867,8.056485355648535,6.828515130784339
3868,4.367307692307692,3.4973670644001515
3869,6.277777777777778,5.582389134190533
3870,4.776523702031603,4.239990742553828
3871,4.730769230769231,4.4387969849714715
3872,4.714542190305206,4.976039816820293
3873,5.297071129707113,4.846532331727911
3874,4.767123287671233,5.078473986821078
3875,7.629787234042553,6.850893218930443
3876,4.938095238095238,5.404703191807471
3877,4.953405017921147,4.765647438551573
3878,4.968197879858657,4.532394809242888
3879,4.133819951338199,4.488314479348799
3880,4.261904761904762,4.749086928784918
3881,4.7795275590551185,4.425815356945748
3882,6.485714285714286,6.380397222678
3883,3.616842105263158,3.942646589014303
3884,4.1726190476190474,5.41208674244904
3885,5.380697050938338,6.495646826153036
3886,2.666082383873795,2.887653535252773
3887,3.208398133748056,3.2649423150904493
3888,5.02869757174393,5.517698336781553
3889,5.078328981723238,5.31766348881002
3890,4.315270935960591,5.328768386079299
3891,5.212922173274596,5.0162914624326405
3892,4.714693295292439,5.487311246016691
3893,5.518927444794953,5.142258619637574
3894,6.125954198473282,6.058674111639104
3895,5.986636971046771,5.650552889704023
3896,5.391684901531729,5.421423833660531
3897,5.295774647887324,5.019326674127181
3898,4.136585365853659,3.7997926977804815
3899,5.362804878048781,5.487979795735958
3900,5.709371293001186,6.0088058765506425
3901,5.465454545454546,4.756302811131763
3902,7.083601286173633,6.3928509743074775
3903,4.75,3.54637017984117
3904,3.6963562753036436,2.436377885461042
3905,7.0534653465346535,5.686179979178307
3906,5.5807926829268295,5.531727881115037
3907,6.457142857142857,6.408318109530681
3908,6.475,19.172517154332464
3909,5.896049896049896,6.328116834158147
3910,5.961174713787954,7.231142162412908
3911,4.127906976744186,4.178013474805079
3912,4.513119533527697,4.423034498383468
3913,5.584558823529412,5.451940030366345
3914,3.7278797996661104,4.422254106679803
3915,5.371482176360225,5.646450949927667
3916,5.807017543859649,5.317331761152238
3917,4.126506024096385,4.565108283481464
3918,4.935643564356436,4.701646260681353
3919,5.8545454545454545,5.502928809836217
3920,4.768067226890756,4.544489774011185
3921,3.5025641025641026,4.236230269922096
3922,6.1487964989059085,6.070398369994583
3923,7.680360721442886,7.428883131872082
3924,5.4017595307917885,5.212887836250071
3925,7.526748971193416,6.823588037637823
3926,5.8133333333333335,6.235471784879275
3927,6.557312252964427,6.792306161361607
3928,4.087074829931972,4.655001502371971
3929,7.68299711815562,9.258855813995162
3930,6.1461318051575935,6.173525837727702
3931,7.2594594594594595,5.8378110875009295
3932,5.1649122807017545,4.764360873450614
3933,3.9106382978723406,5.172279558579558
3934,5.59375,6.11974721612289
3935,5.78714859437751,6.181524718126126
3936,5.276053215077606,6.018591463743195
3937,2.9001280409731116,3.722021199749343
3938,5.24,5.456663457896808
3939,2.671201814058957,3.5708225370469604
3940,5.2,5.024645752153316
3941,5.085365853658536,5.16504989108998
3942,5.370629370629371,4.959248728343269
3943,5.89291101055807,4.771744161952708
3944,4.698550724637681,5.039536601462384
3945,4.553738317757009,4.4458414154393076
3946,5.041237113402062,6.178793486839089
3947,6.795031055900621,6.022593006489222
3948,4.717889908256881,4.428054420597578
3949,5.023404255319149,4.119737245389365
3950,7.041436464088398,7.04110120780897
3951,7.596153846153846,6.689544126201446
3952,3.903314917127072,4.657941384788057
3953,5.663072776280323,5.473802144624243
3954,3.67680608365019,4.171624522586151
3955,6.3108108108108105,5.3364833314096325
3956,4.644688644688645,4.049954220532485
3957,4.754065040650406,5.085891088206236
3958,6.35,7.079432945517035
3959,4.394611727416799,4.047307485067475
3960,6.239130434782608,5.154261016009716
3961,6.233870967741935,6.195488288367028
3962,7.507645259938838,7.074141773634699
3963,4.709677419354839,5.567492073427879
3964,6.889400921658986,6.080273544979697
3965,5.945945945945946,4.84220623962804
3966,4.55524861878453,4.819315868677444
3967,6.342696629213483,6.903297837005203
3968,5.116814159292035,5.207092230312577
3969,4.200221238938053,4.344644156193185
3970,7.773892773892774,6.416983396103547
3971,5.599264705882353,4.627435887589237
3972,4.857142857142857,4.115316741006577
3973,6.382413087934561,6.699345832426546
3974,5.258116883116883,4.69015127356716
3975,4.047970479704797,3.6716122525781048
3976,4.5078740157480315,4.086068359481172
3977,4.1502732240437155,4.300915513839218
3978,6.07488986784141,5.838630791966316
3979,5.3875,5.786710118234737
3980,3.8598130841121496,4.894203607392576
3981,6.282926829268293,6.33911059408228
3982,5.284839203675345,5.464093847132359
3983,4.344230769230769,4.2699608947302226
3984,5.833667334669339,5.7846023049972
3985,5.347732181425486,5.1741117418437685
3986,5.4969325153374236,5.878511189372002
3987,5.335423197492163,5.244151508830612
3988,3.4924433249370277,3.835077795854682
3989,4.818604651162791,5.4548927696697636
3990,5.861878453038674,6.416685170361312
3991,4.237903225806452,4.999107382023948
3992,5.242703533026114,5.44402481022898
3993,7.372340425531915,7.006264140067968
3994,4.185185185185185,4.33774994616993
3995,5.0774818401937045,4.539590297194033
3996,6.405405405405405,6.224878962782107
3997,5.453389830508475,5.409343792650205
3998,6.03921568627451,5.992347343115258
3999,6.875,6.19713384916411
4000,6.204918032786885,5.564760057589096
4001,3.621700879765396,4.329189930483355
4002,10.385245901639344,14.868845839497089
4003,7.133034379671151,7.216917132035734
4004,4.782608695652174,4.50363404025524
4005,3.3794642857142856,3.5785588299665885
4006,6.912650602409639,6.620830335066987
4007,2.498371335504886,3.8518085028275966
4008,3.9802371541501977,5.46329735674036
4009,4.818181818181818,4.256372618968808
4010,6.6871165644171775,6.755799769729616
4011,2.961864406779661,3.7653899818461465
4012,4.825737265415549,5.001042899154575
4013,6.58252427184466,6.903798025550227
4014,6.139896373056994,5.928255467182122
4015,3.284815106215578,3.6292045053694664
4016,6.496815286624204,6.277734026685072
4017,5.7224264705882355,5.954237723905793
4018,6.110569105691057,5.5714764972302
4019,5.95249406175772,5.554464381716432
4020,3.8880778588807785,4.65806311576565
4021,5.995098039215686,7.425739831281353
4022,4.425396825396826,4.576346228478026
4023,6.28046421663443,6.335308517558097
4024,4.619271445358402,4.467981920799052
4025,7.323529411764706,7.320832305634701
4026,6.324324324324325,5.88511407021875
4027,6.207598371777476,6.497758590909315
4028,5.5588235294117645,4.886523190610636
4029,4.995061728395061,5.7254083445195985
4030,3.889344262295082,4.711828936429075
4031,5.569131832797428,5.159259965813828
4032,4.337962962962963,4.0005989206769375
4033,5.707910750507099,4.133927617255328
4034,4.736363636363636,6.24820962474766
4035,5.346067415730337,5.303016433665221
4036,4.942,5.2036113759900955
4037,4.173333333333333,4.6554359177516895
4038,5.882352941176471,5.016843981200827
4039,4.461240310077519,4.732843702770439
4040,4.877094972067039,4.311444628056163
4041,6.4935064935064934,6.3361791970483115
4042,5.099514563106796,5.609461043061269
4043,4.252873563218391,4.347943217616096
4044,5.217785843920145,5.783048134661084
4045,5.155797101449275,4.2908248444565995
4046,5.266666666666667,4.741740140848291
4047,4.902912621359223,5.164784824010539
4048,5.88735632183908,5.175744424816587
4049,4.839655172413793,4.091998601015544
4050,4.243542435424354,3.979098121723606
4051,4.7357357357357355,4.88399799279449
4052,3.836236933797909,3.33984037756305
4053,5.627403846153846,5.411174971470908
4054,6.554216867469879,6.263286075773264
4055,5.257142857142857,4.702193954320845
4056,4.985333333333333,3.909543822595235
4057,6.027397260273973,5.31324914897829
4058,4.312267657992565,4.144902767136336
4059,4.441037735849057,5.200696168255774
4060,7.601769911504425,7.18695912562049
4061,6.002638522427441,5.467998551977484
4062,4.932773109243698,4.536354699688398
4063,5.635627530364372,4.797789425472126
4064,5.447236180904523,4.946491646039236
4065,5.628930817610063,4.852205297125412
4066,4.236734693877551,4.107283121032957
4067,3.881818181818182,4.668874959093921
4068,5.1995708154506435,3.8668903644768733
4069,4.385653409090909,3.9522077647553058
4070,4.450704225352113,4.747137811857484
4071,4.307254623044097,5.225932227584235
4072,5.195876288659794,5.649061780689257
4073,4.699687174139729,4.903474231564217
4074,4.534675615212528,4.197369258323415
4075,6.519951632406288,6.348694157444385
4076,5.777777777777778,5.654846511746414
4077,3.180811808118081,3.117867696399268
4078,5.699453551912568,5.254676832972101
4079,3.5305291723202172,3.3772723097436534
4080,3.8198529411764706,4.092140341147438
4081,3.758771929824561,4.043745936950997
4082,7.190476190476191,6.457145951097646
4083,5.094138543516874,4.380412548995405
4084,5.989130434782608,5.929692961968341
4085,4.962795941375423,5.492042578675115
4086,6.037243947858473,5.940940747906003
4087,5.461152882205514,4.662790098050168
4088,5.712,5.763649824795169
4089,6.988269794721408,6.173506792210803
4090,7.386811023622047,6.707850694813682
4091,4.080733944954129,3.8147756994093114
4092,6.208092485549133,5.939488006333903
4093,4.536184210526316,5.013959863159701
4094,4.324193548387097,5.002096314575904
4095,5.482758620689655,5.825618711658532
4096,6.215859030837004,6.431167410237696
4097,4.333333333333333,5.043375017495393
4098,6.39935064935065,6.9061014458190115
4099,4.816770186335404,3.969793527210488
4100,4.420673076923077,4.919439738549096
4101,5.4907063197026025,4.470833774239673
4102,4.853131749460043,4.725403639209468
4103,6.08314606741573,5.713106939207726
4104,3.3196480938416424,4.117794915861305
4105,7.722488038277512,7.581922235522348
4106,6.866666666666666,6.532012060263694
4107,6.4957805907173,6.91268387877771
4108,5.6798866855524075,5.1996103416983726
4109,4.442942942942943,4.564037972764507
4110,7.860304287690179,7.31904156467882
4111,5.60699865410498,5.604157543061566
4112,5.602836879432624,5.213279303631011
4113,5.771604938271605,5.79565111670716
4114,4.422712933753943,3.894644822659254
4115,6.157303370786517,5.873007623069654
4116,3.832369942196532,4.819023110861985
4117,5.327067669172933,4.517162097280397
4118,5.516129032258065,6.849180217360432
4119,4.556213017751479,4.805080326654669
4120,5.463157894736842,4.790460155696929
4121,6.984126984126984,7.1697014623542366
4122,8.111650485436893,6.985682468327209
4123,7.002212389380531,6.350572291751953
4124,6.131914893617021,5.857756776613154
4125,7.237676056338028,7.3696977944031445
4126,5.289029535864979,4.896470650644112
4127,3.9888392857142856,4.391357827678732
