y_true,y_pred
47700.0,58812.23076724449
45800.0,100228.03632144566
500000.99999999994,496418.4579456229
218600.0,247298.82528425643
278000.0,244434.38937417718
158700.0,171059.4046650155
198200.0,226255.59721583998
157500.0,161554.01062412607
340000.0,268038.56577763753
446600.0,464915.8885557737
123200.0,97163.89274219643
253900.00000000003,216149.73626113805
215099.99999999997,157857.77053443773
220500.0,172429.91046387795
219800.0,225395.42699668405
136200.0,165703.79998677195
178400.0,198780.48454081867
187500.0,164132.31416504964
139800.0,148165.3893406567
137500.0,100856.06805194667
425000.0,404667.6890592546
405600.0,393862.0840577569
138800.0,122587.50680962502
500000.99999999994,411357.99440583313
162100.0,166737.8635875141
51400.0,51821.44567354528
151300.0,188996.3718826254
94800.0,91693.1466531468
204100.0,156439.67934412806
361500.0,376296.6300788666
85100.0,115252.3567768033
138400.0,131071.08590649397
137500.0,221710.96098348944
465000.00000000006,391889.60928703146
271800.0,257909.66929170914
239400.0,249679.53434921065
340900.0,351125.3546543819
150400.0,149664.154241411
128099.99999999999,133676.31546431888
156000.0,141268.56794523535
258100.0,304047.111736644
90500.0,95818.73129666754
71300.0,107256.47490526989
219700.0,209776.91658954287
151000.0,151921.14686047751
290100.0,193539.557173692
142000.0,128870.71755374737
291500.0,154742.68150995177
255399.99999999997,259255.80329010918
98100.0,98365.0780930488
251900.0,244110.56881133278
162100.0,215738.6294417349
129400.0,137893.09876557594
89400.0,70360.16480963015
150500.0,152773.42802188257
133800.0,119795.28559677166
80400.0,84082.3528730967
211100.00000000003,211965.16009496377
255600.0,204722.3597785428
214500.0,177085.16469642345
500000.99999999994,382454.3345414394
202100.0,277799.1312765084
81500.0,107293.50167416781
98800.0,93288.97146042697
281900.0,311675.9907723975
184600.0,182223.74386910693
254700.00000000003,156648.44476267303
143100.0,157627.78152033975
162500.0,191193.10507517646
142600.0,155657.52561854964
85900.0,115102.51294796492
186900.0,206899.20237041812
71300.0,90045.14298132272
174400.0,175415.46315733477
225000.0,172510.80103675174
146500.0,219288.01043480972
405000.0,407342.3945106146
189600.0,213596.49343340652
164400.0,165662.3416759041
337500.0,278687.09371065715
72500.0,71708.69326176585
143800.0,172831.42558318822
160000.0,159611.0673146655
118100.0,180865.74676059186
374000.0,412300.03495049634
202700.0,277397.6402465594
96600.0,97588.79875724694
65800.0,85973.35446093134
167400.0,206107.17662883518
179800.0,190441.09112031374
96700.0,113078.63820377778
266100.0,295394.6706649931
91100.0,109199.96589013081
49800.0,54063.239845659875
90700.0,105797.45575399561
115799.99999999999,121573.59171411282
278600.0,424763.2182687752
250000.0,140951.5043096652
85000.0,162113.48826526187
177000.0,174297.92102035802
99700.0,141713.34133111208
357600.0,441125.25934366306
475000.0,382445.4723847925
273600.0,272137.0399961816
182400.0,212238.18612810495
157800.0,148747.4146187884
193800.0,247752.03957293383
333600.0,305630.5169880744
264600.0,252195.0747471236
58399.99999999999,83927.41117857289
173400.0,160741.0455443481
214800.0,231709.80797148804
200000.0,199514.47128925336
422800.0,370426.7024345576
93600.0,127954.46908817458
122200.0,196465.992880054
167600.0,165136.45921562394
303600.0,287402.8251531914
269300.0,237062.7488870925
264400.0,221023.8690557825
191000.0,167130.98652596798
153800.0,178961.95852370892
275500.0,312932.16143920965
208800.0,190297.29910335108
142300.0,133846.78326286262
63500.0,85489.41663983246
95800.0,90089.23858315851
231700.00000000003,232130.82123787105
221500.0,268566.4421706649
89500.0,172531.48304161572
225999.99999999997,295049.09462315
500000.99999999994,479583.16602627136
270200.0,292196.05270706204
59600.0,81524.45484220194
193300.0,215651.65647166484
133600.0,109887.34594877344
161900.0,206314.38791303712
357500.0,324299.066894679
276500.0,231882.1753038544
410700.0,321365.46609963325
375000.0,259193.91635587736
135200.0,126013.73756225203
167200.0,142751.20524176586
252000.0,258528.7267962489
308400.0,404524.66710994474
172100.0,139165.09801517968
500000.99999999994,432039.164970822
193800.0,186838.30159684204
105200.0,94284.66655062418
90800.0,110008.69206492443
168800.0,209483.79857602002
162100.0,127200.07774838203
161200.0,172099.6173203388
137500.0,143583.49369046194
289300.0,277349.9234598213
278700.0,297084.59906131553
161700.0,227002.09543947445
231000.0,242873.9663088395
87500.0,102432.25900870463
95700.0,101839.01283278686
240600.0,183835.5678340647
214100.0,227011.85288352752
428599.99999999994,406335.6037768413
125000.0,170327.98590602988
76400.0,73631.74718577685
263800.0,308503.4830656273
120400.0,176840.5997764714
109100.0,91503.52993396667
170600.0,218467.3376900912
257399.99999999997,250870.82911583575
320000.0,339333.42641751206
289600.0,293739.6144895562
307300.0,284827.73347947886
325500.0,332540.6826085343
58399.99999999999,69746.39316546159
48500.0,39048.325689878024
216699.99999999997,85914.3237382615
97900.0,102712.44083578252
158600.0,146365.197762939
69000.0,70609.8490345921
322300.0,302279.1120352415
467699.99999999994,346613.1877066002
163000.0,149704.66979800948
287100.0,271063.87884218106
54600.00000000001,51444.59606019809
90400.0,109229.75827390257
155500.0,159526.36817021194
175000.0,248685.82606175955
411200.0,431794.9970436348
332100.0,247624.48721780558
141200.0,154889.51327879203
247100.0,254311.4599033855
153000.0,139351.05665515075
155000.0,186924.54448783884
390800.0,159314.18315725203
90000.0,90019.05867675068
196700.0,198596.63042756534
68200.0,107125.35371133238
500000.99999999994,503198.50953432603
92100.0,126266.57893625127
297900.0,287700.97368782613
500000.99999999994,492128.67329609295
332300.0,344970.80125370825
171100.0,214761.2955112036
152100.0,172190.8767854282
231999.99999999997,235518.33104143493
127099.99999999999,159219.32338376512
87500.0,138354.4844152584
203399.99999999997,188251.7978885697
228600.0,195212.68268427742
116700.0,113725.56944415039
416700.0,441771.6109932505
227599.99999999997,190228.41174816107
267900.0,331357.88652255497
97200.0,115535.29616756512
137500.0,132672.58567271702
198800.0,163771.7642409006
68600.0,55821.19651786794
352500.0,280583.34403777984
103800.0,106596.92728444988
107800.0,120004.62755327756
131700.0,147962.17763433116
271300.0,327158.40618743794
97300.0,152543.37465424082
95000.0,91112.16355315437
67500.0,144946.41848584087
326100.0,310137.5852620992
65600.0,69775.26934880752
225599.99999999997,192581.48558350097
263800.0,324176.65412517055
348300.0,347799.57054278685
325000.0,275736.4206212489
108800.00000000001,133975.53050275435
400000.0,372449.26581345743
138400.0,124338.61004664285
61000.0,66936.72318746075
453099.99999999994,454010.4835417453
500000.99999999994,506671.6365268418
120200.0,145884.373984862
329200.0,282947.31489858683
196300.0,215902.2715985272
150000.0,123569.3166238012
152000.0,173090.8094469615
169900.0,158783.96539782302
137500.0,145554.43724783158
283000.0,245857.14315645702
404500.0,260173.6971727703
193500.0,222136.73170234243
205100.00000000003,311453.9740459572
145600.0,153289.77713390088
225000.0,105161.5178813935
215899.99999999997,217322.86417932902
158500.0,159663.2279769436
124700.00000000001,141091.15577353264
65400.0,68370.32154740089
280200.0,241316.5134115381
180500.0,167315.90144239613
105400.0,128557.95543675452
100000.0,128780.49171156752
166300.0,143561.77322082172
158000.0,197595.2124006077
243800.00000000003,280307.73133506643
362900.0,388391.2588200966
201900.0,179737.4411952683
52600.0,84097.09903711737
500000.99999999994,408884.671721309
112000.00000000001,126460.11552084172
225000.0,248838.2997241938
439900.0,401374.1835355334
88300.0,125758.01200464138
500000.99999999994,508293.8487735758
276800.0,198664.7296722981
179200.0,167570.8445473421
199700.0,174242.05661717895
132000.0,122692.94648621061
61300.0,116856.33379965431
171900.0,191751.71518960153
123800.0,142060.8552569
135300.0,112400.60127737648
137100.0,166734.02351852015
129299.99999999999,159958.43340482598
227900.0,233695.37952993074
94400.0,111288.06534231927
103499.99999999999,126282.07175406108
320800.0,331563.8029701163
125000.0,332348.0730681434
332400.0,313774.54550201225
159100.0,163655.86442514716
236900.00000000003,263682.45467840903
461599.99999999994,436548.8447912702
156900.0,169645.76987331966
148200.0,112052.34790961473
166500.0,150870.24457822627
196900.0,216483.2318136256
167800.0,167002.81149826638
126699.99999999999,86373.21749444849
500000.99999999994,358422.3253098202
57899.99999999999,55260.75705990383
238000.0,228251.78394627682
142000.0,164943.61480691438
86900.0,86875.55392503121
56000.00000000001,73311.11009785338
500000.99999999994,508299.7313847745
112400.00000000001,129223.09285913658
63600.0,90643.62291378174
431300.0,474663.4921586756
265900.0,235410.06718976033
57999.99999999999,76895.99305062351
194100.0,242074.3197040152
142800.0,164648.79165901832
178700.0,159268.71028128063
187500.0,225721.85070316648
225000.0,207769.0518389874
313000.0,297873.875532002
500000.99999999994,513829.99892285554
153600.0,146249.4548622873
62300.0,79213.93562288884
194500.0,180222.60718539404
163900.0,157023.04782858383
398800.0,314181.9336924511
204100.0,244135.57540343516
199300.0,235252.68533672398
176700.0,192530.32739606343
500000.99999999994,510539.1394276659
248900.0,196246.61192079456
150000.0,143833.2818323222
231700.00000000003,188550.92529095156
57999.99999999999,95216.6092028387
126000.0,139935.57684079022
163300.0,147303.627116455
113399.99999999999,131208.1870489167
300000.0,213375.21667200822
310900.0,372211.4046836677
218800.00000000003,192690.56351201952
70400.0,63509.536132714995
237699.99999999997,267001.4824013248
118800.0,111316.30656972852
73100.0,63148.18765546663
75000.0,106941.67902479706
450699.99999999994,403839.3934980632
240200.0,217995.76007228426
65800.0,65031.52504749771
64700.0,60600.31695633115
175100.0,197531.8145236306
223700.0,225923.0895497185
96300.0,111354.05082340515
405100.0,389352.4383879699
376800.0,342338.12461853673
500000.99999999994,532904.6334441106
350000.0,216538.957363905
162500.0,253911.16116204474
177300.0,183647.30054713384
98400.0,119253.68371948438
138800.0,106603.21636939143
175000.0,255243.14565097235
260900.0,187225.30252346752
104700.0,71783.40755573392
159500.0,222008.8940360309
295900.0,301517.93890284427
137500.0,292823.0364357371
500000.99999999994,408980.7177162618
227000.0,222110.9800156848
263900.0,212786.6556926415
160400.0,153203.90934083264
142000.0,150737.16357087492
162500.0,164773.89905755135
230399.99999999997,185308.4032239675
500000.99999999994,459613.100596582
217700.0,285910.2374996634
183000.0,204044.10653149837
245800.00000000003,184001.78604406808
129200.0,136531.94084160269
60400.0,66211.21654105285
67500.0,62854.653089095744
295200.0,319814.5879538022
192600.0,205185.81149513423
150600.0,158981.08614563165
125699.99999999999,170307.41933733784
63400.0,84815.75349831465
151300.0,150383.7627858119
245600.0,315869.27287617663
500000.99999999994,463247.3710838138
165500.0,186350.92958091054
113500.0,113849.53214004486
322200.0,374684.5163593362
362500.0,447272.3207567661
69600.0,85109.1408832526
156100.0,155489.46249212787
87500.0,123750.28743828944
193100.0,224003.53661567802
218000.00000000003,219967.4390841676
101800.0,103243.88946435582
129099.99999999999,135522.50977465822
156300.0,111187.51618213904
183200.0,168336.273354879
148100.0,144489.0686277556
500000.99999999994,505402.31481298467
222100.0,342785.0337970114
167600.0,189746.97170613194
184500.0,196506.969090421
370000.0,399350.0811253929
239400.0,250048.42925032508
166700.0,159100.57256359607
233300.00000000003,194042.16417671938
240000.0,261333.84800692752
91300.0,85849.98651124732
483500.0,475451.6912952651
150500.0,159987.30838033246
99500.0,162258.15895491376
240200.0,212337.2491076155
95500.0,129645.92649194993
500000.99999999994,493369.81400488765
251600.0,228859.02290982538
120800.0,113548.00436323586
135700.0,125874.09872112298
225400.0,213806.26735969182
500000.99999999994,449492.67949670256
85100.0,100913.41293037975
500000.99999999994,394168.17351093655
164800.0,158001.23168868778
111600.00000000001,135113.47514537408
161000.0,145213.58556009227
213700.0,204269.51809031772
116500.0,124501.04645835976
350000.0,364582.1650005826
159900.0,192665.420119871
438300.0,306726.254565996
171100.0,195643.55657933973
271100.0,293857.5988688356
500000.99999999994,324044.57061614154
68000.0,100923.75076323605
191700.0,203320.8656131927
255900.00000000003,265303.16706098954
112500.0,132754.33100155377
182200.0,159352.05620849127
347600.0,302005.7019190132
332000.0,301639.3322813256
110900.0,127106.75364806848
211900.00000000003,220271.92380972794
262500.0,243022.7389259417
237900.0,224728.45432593796
90000.0,121448.60439821878
427200.0,414249.96953717555
370500.0,366986.95900170505
116300.0,102257.56634025113
170800.0,158429.60740194452
285500.0,341992.11080402083
111500.0,151191.3397009834
83200.0,116844.54840789187
248200.00000000003,254395.68027299366
395500.0,377840.07357615366
218299.99999999997,236817.44807068314
500000.99999999994,478858.8240917146
88900.0,97756.31320117612
181000.0,157194.78495583107
280900.0,384248.77342600946
345300.0,329634.816705874
181000.0,209012.6691151526
192200.0,215684.56886441153
78100.0,71427.74096354039
75000.0,145328.86394116623
433300.0,441376.51823376585
160100.0,166510.78779714587
109200.00000000001,136261.486704508
96200.0,125674.99697359485
191400.0,147472.14979405038
360000.0,225927.81842849418
185600.0,224844.19651828203
118800.0,94967.19639366401
122700.00000000001,103378.0291588291
206300.00000000003,173299.09133664353
195600.0,136910.53760720667
75600.0,103840.73227747533
104299.99999999999,106502.95005710331
385900.0,440011.21108967916
113900.0,121273.98019911243
79400.0,113906.76531489192
81300.0,85077.47177031137
129200.0,186980.84215425138
73500.0,89251.284628618
175900.0,163764.76654259604
142400.0,161137.85425931023
234100.00000000003,249261.11839340054
286700.0,316555.86318443494
92500.0,112050.76711240038
170100.0,161554.3587819065
161800.0,179848.06207321017
225300.0,241793.70927981453
170600.0,166818.1770630951
319400.0,330684.87562432676
95800.0,86688.73707521654
73400.0,83909.18945981782
93600.0,112991.34378857013
51700.0,60133.24597572543
358700.0,366676.2537095277
64700.0,64481.58099856839
344200.0,321369.2630236789
314000.0,359848.4355063598
185700.0,212971.86272750847
279300.0,235853.57369270554
119400.0,195369.08632799456
280400.0,277930.29927850934
187100.0,221404.70456262934
83800.0,76322.05633724979
309300.0,243081.0139128655
229199.99999999997,274477.66410929314
245000.00000000003,228504.0715711964
227599.99999999997,279627.6039093016
500000.99999999994,483051.62888042536
320800.0,267708.30808444833
147300.0,140859.65896567365
162300.0,193257.31588933605
265900.0,300521.7514297178
500000.99999999994,471592.9848158136
189100.0,188063.29793907204
316400.0,349427.2356186167
181900.0,175005.82274686897
261500.00000000003,281908.2145340635
69000.0,74871.98457359757
181300.0,216805.33803371436
293000.0,284956.0103111768
111100.0,132903.79657318228
218299.99999999997,266922.97197077214
147200.0,140808.87392363636
243800.00000000003,161568.43407655123
223000.0,222797.91433217435
137500.0,173733.64174452075
60600.0,69857.95200918907
275000.0,159508.73926329805
350000.0,236247.43822725458
171200.0,155804.51042527385
83500.0,118232.66374079729
225000.0,276623.8389230427
165600.0,179338.54771030875
152000.0,170277.06273618623
192000.0,232506.1579191507
254199.99999999997,274896.59051790426
150000.0,99437.41992595873
212500.0,238298.4261760192
80400.0,72651.12827087886
206500.0,225710.67308638853
331100.0,365459.31076340604
201399.99999999997,218173.77180682676
188400.0,187705.94930097263
195400.0,219198.3176390754
442500.0,433237.4674745891
152700.0,182187.79751749896
500000.99999999994,501174.95501389075
239800.0,255242.8228377297
159400.0,119631.61568074868
91800.0,120257.040890276
240899.99999999997,242134.33665627104
136400.0,141165.5852650517
103600.0,104373.7228586293
132500.0,139381.47960971898
292900.0,272116.3274175278
62800.0,88807.29478105331
112100.0,116433.47815934675
89100.0,88615.7851315627
120700.00000000001,147265.78847253064
471400.00000000006,432245.288881133
314700.0,367056.8556385653
226399.99999999997,236108.7576883971
409700.00000000006,317764.37816037406
149000.0,120397.66545238426
171700.0,240126.91319462945
235500.0,292060.87033340114
322800.0,285779.7597280754
244499.99999999997,265072.1393814316
162200.0,177238.60347142085
340900.0,349407.64769487944
57399.99999999999,50709.091026348
198900.0,200645.7775011124
109700.0,168619.85712654988
137500.0,118285.53111117559
85700.0,108190.51052565807
98300.0,87760.73685863131
178200.0,174845.57909183626
137500.0,227054.66768102386
275000.0,286344.1591548801
381500.0,305928.6922756405
500000.99999999994,482890.337432341
500000.99999999994,508650.80071526975
179200.0,165445.4078380375
204500.0,230150.26991496226
394100.0,417235.8433786071
184400.0,186059.84417997737
174000.0,141310.46046873133
80700.0,111451.46637876335
189600.0,167646.64509251402
60000.0,82116.50321350447
126600.0,126509.05920696027
262500.0,242847.05627687467
139200.0,143802.82313013982
51300.0,58467.08715107994
229199.99999999997,252906.79172007384
101099.99999999999,149770.5599771234
97700.0,100885.31080326602
158300.0,129138.30263398984
349100.0,373894.37715988175
85500.0,124841.0474731555
214100.0,227324.47141322563
227100.0,234206.222342348
155700.0,144365.42076045516
66800.0,81597.82099866633
207300.0,214756.89597270612
222800.00000000003,190737.0230071518
354500.0,363502.62966404174
340500.0,358190.5037208953
52900.0,66667.3499816957
140600.0,170413.584280347
150800.0,181367.9064782004
56100.00000000001,72347.48726271641
259600.0,270823.57191252307
318900.0,316802.1719701095
148400.0,224848.47548676844
289900.0,237192.99167050057
161800.0,260231.99646738303
254999.99999999997,232237.82379494372
87500.0,146808.8220211433
245000.00000000003,302664.1758335862
305000.0,318807.8985726156
215000.0,297048.7164168331
249000.00000000003,300560.1018761984
500000.99999999994,510240.28161177784
320000.0,251880.55430333078
174000.0,197133.17956665566
292500.0,254398.90984660754
500000.99999999994,491668.12085071136
289900.0,294693.7163983746
438400.00000000006,346659.3164575918
182000.0,190378.04312551802
170500.0,175559.3976193234
69200.0,70075.31796508722
95600.0,100788.62648622096
272800.0,312853.46755223005
81300.0,186504.1997021187
272400.0,272322.7191490056
152600.0,117828.10599536737
55900.00000000001,85428.21766136945
213499.99999999997,205294.77254695035
331300.0,173652.94870593687
201799.99999999997,186648.827973315
57099.99999999999,67813.53896931413
331800.0,403640.6201677568
365900.0,245198.90757440188
127499.99999999999,102941.68121420861
111800.00000000001,97337.85811692859
353700.0,273039.20680482354
229300.00000000003,273330.0927047804
87500.0,106710.54347499296
237500.0,249215.72353250923
113300.0,90537.98152620303
112500.0,96857.94994001595
138500.0,149635.38325320225
307400.0,355608.69875105255
100899.99999999999,134050.11044422264
97800.0,96575.77711758253
176700.0,206329.0168515033
218000.00000000003,222487.9983039584
290600.0,242620.14994971734
157700.0,178027.02214899982
348000.0,387171.6031138431
67200.0,82954.26958668891
260400.0,226592.31458170968
123600.0,138122.51914039446
67500.0,58141.51067080129
130700.0,139123.6647879059
66000.0,81890.77145393258
166600.0,161526.74393793975
225599.99999999997,212969.97733253907
257100.00000000003,219083.89218577114
500000.99999999994,433147.6502712708
113900.0,145803.4303495202
91000.0,121476.52966045537
217400.0,178865.35222714397
96000.0,97555.89855784635
129200.0,145007.34853054234
350200.0,331566.3932573301
442100.0,451443.841139627
222900.0,138749.29137606904
81300.0,84726.67653655795
160600.0,167811.11186527446
500000.99999999994,358612.61390516
341200.0,353449.7940818092
287900.0,292082.9888291245
344700.0,446466.0570793432
180000.0,200198.42432661774
167800.0,219111.80795481568
55000.00000000001,77339.36495486862
50800.0,54847.85643575756
142600.0,223684.92317511162
235800.0,208907.02457189656
112700.0,129276.89662918597
210200.0,218520.31171693496
210700.00000000003,105920.55865085452
65400.0,66397.45452336945
162500.0,181781.6204347799
150300.0,177398.7703016282
500000.99999999994,511865.59065864567
101400.0,125616.81409979725
221800.0,252504.7255228729
260300.00000000003,236451.70876049733
178800.0,184500.241133541
170400.0,157058.00474584222
319400.0,374675.3781040145
190600.0,165031.91865267776
184100.0,207179.981565071
191100.0,193300.5218531479
149600.0,194680.33129466765
500000.99999999994,446069.6083404463
183400.0,187589.49364229428
444100.0,395915.5113493598
242700.0,254391.3455553122
76200.0,90532.44574797456
132900.0,147853.0525259212
409800.0,284201.5732696846
112500.0,94433.92364340018
376600.0,335454.25729888934
50500.0,99613.72726319822
500000.99999999994,412286.16401179007
209500.00000000003,194286.49363524112
77800.0,82674.11659850493
299700.0,314940.89781094855
375000.0,218609.1009421461
156500.0,114902.32473826094
240000.0,230743.7489786842
77200.0,86481.01047930357
98500.0,75903.30385809291
500000.99999999994,377914.023730782
110400.00000000001,177952.8157911055
86400.0,117543.1530345496
230399.99999999997,220714.2261014304
163900.0,212953.47744739047
500000.99999999994,485476.58280427393
49500.0,70893.74904842796
107400.0,133943.42742162768
362500.0,173532.29625988443
145000.0,141785.21186986397
218500.0,240583.57614484464
130100.0,152854.27362632388
146000.0,159135.4824195713
152500.0,102495.91326534403
457200.0,455463.7132973448
165200.0,173791.57701637634
394700.0,424617.88063075347
144400.0,147599.34696107378
136600.0,107659.71500498804
216400.00000000003,211744.4980833114
139000.0,134951.3661312697
103800.0,93444.13638587264
488500.0,370604.9754385446
227100.0,265926.90694874513
238000.0,217419.50852843837
215600.0,293995.3622118303
292300.0,330619.0134909481
145900.0,133996.66180136713
187300.0,214533.06094481365
185400.0,156448.18324590081
280000.0,214470.65929463218
141100.0,136463.18615708034
190900.0,199548.62511157928
262500.0,134133.09747853692
442000.0,414966.53398685076
274800.0,286171.9142082823
85500.0,79703.23966302708
231800.0,247779.02878927113
302000.0,305784.32673904806
235800.0,278078.78615185205
72200.0,99441.753869183
182400.0,177543.91145927724
500000.99999999994,488440.98131404514
78700.0,66722.58467564307
181300.0,212753.56436480777
198000.0,218235.328877243
199600.0,186800.18852350215
63300.0,92197.43989270154
94000.0,148830.44619909636
186800.0,186077.94382328726
117000.0,130486.12558102742
117800.0,126262.60775512611
121000.0,135376.17028764216
230900.00000000003,203374.49712276866
427299.99999999994,425477.8384823224
128099.99999999999,146939.43125578697
384700.0,283872.6163236944
290400.0,292986.33379115124
91300.0,121916.85900901382
61900.0,75300.36489162523
232200.0,268001.7177129637
129600.0,129665.16349024606
127499.99999999999,104761.26837673335
150500.0,160385.25885851082
187500.0,121946.36575032274
437899.99999999994,465861.4591007288
126499.99999999999,194859.9780307773
453400.0,489281.7705865823
229400.0,225406.52247540472
364900.0,373286.1006907749
191900.0,215636.1586279697
87500.0,139303.67685615714
30000.0,97258.8656572887
335700.0,313642.7068844849
242099.99999999997,254499.5673764089
173700.0,198261.39215541724
54100.00000000001,52603.833995394685
207799.99999999997,232552.2204148968
112500.0,52093.6144370031
166700.0,179650.71736210675
271800.0,260562.42596815102
141100.0,166473.4549786139
375000.0,248959.01200613144
161600.0,151302.886656058
159400.0,215576.0629605714
86300.0,107402.92306391428
256300.00000000003,219309.9736133277
213200.0,218614.19010602974
254100.0,208494.62875589216
132600.0,157907.27565870594
169300.0,213093.77473715603
347700.0,373418.4269971926
159700.0,167875.6692444336
90900.0,185927.04598748646
290500.0,260549.98974535044
189900.0,244012.52138773914
495600.00000000006,518426.7942302186
333300.0,383964.5621615517
183800.0,172930.92381274246
189000.0,179894.41960732228
157500.0,118744.58713168699
66600.0,58685.99332070285
132400.0,160049.9552480763
156000.0,166315.93831951375
348100.0,307256.977397746
226399.99999999997,267078.16193296487
74200.0,86941.48856805556
158300.0,193343.02460301731
500000.99999999994,506081.976021843
165500.0,186050.5682659543
329500.0,276618.2940402894
139600.0,144103.45030673928
152900.0,142850.25279854014
367300.0,272151.0411139805
70000.0,96468.04904315245
97400.0,127884.64536800126
65900.0,91148.63924154735
49300.0,50902.705409635266
154100.0,163902.14620033198
272800.0,203365.94294071628
247100.0,273914.5183033143
268800.0,193041.1681137052
247600.0,204594.15785811405
416800.0,377476.4313281764
121600.0,115268.92181208871
171700.0,167260.49566647265
173800.0,227287.93056688507
235600.0,279072.1340052018
260100.0,283532.22268302785
200000.0,217780.31865574318
296600.0,233995.28741352915
374600.0,223228.3665427464
177800.0,217748.8043670148
269500.0,297649.07235412323
62000.0,78634.71939747763
197600.0,204535.011775713
52700.0,71684.3489533633
191400.0,180666.83330683506
317700.0,334432.98822394834
329400.0,281401.0176937211
330700.0,391877.0079039022
187400.0,207282.91019603584
286500.0,213604.05870906418
500000.99999999994,196288.5533796162
133900.0,179108.46441991575
199800.0,207156.23046331917
45000.0,59805.038052396245
354600.0,345419.74485972204
263800.0,329455.5418632297
278400.0,231004.02625569646
160400.0,161655.3049924752
241299.99999999997,245907.02742721376
208300.00000000003,176573.08571980335
263600.0,274096.71160965454
145000.0,143919.90692503745
132500.0,165748.48072672015
183800.0,204835.91676828908
81100.0,70777.33542033672
176500.0,186024.82412034823
255500.00000000003,227621.74433240425
166100.0,211886.62646448903
102000.0,156158.14281141368
86100.0,112681.49835848685
100600.0,88094.04792752037
500000.0,404833.8157586258
209900.00000000003,251052.21904946305
52500.0,73002.58257966874
262900.0,218755.1345769875
158800.0,109047.25103942737
209500.00000000003,174123.66855568776
350000.0,231121.0520780771
217099.99999999997,223969.05334800098
141400.0,163051.78382023095
93400.0,96424.17881531894
198200.0,165885.18086990257
187200.0,161623.45909188467
185300.0,181453.47669998792
500000.99999999994,474195.0307862237
281300.0,203264.14128173966
103600.0,125399.78837744243
287900.0,316206.91483185673
208300.00000000003,195452.4506119416
175000.0,274353.62809931027
132700.0,140251.0456530643
172000.0,161454.86614410358
500000.99999999994,454911.1430752582
64000.0,59405.29705682951
227900.0,207375.87796664337
63100.0,69095.23367813611
84100.0,97621.3733377904
339200.0,289751.1653966377
156300.0,102431.04467529012
383600.0,386027.01849501446
137100.0,141359.35677484577
56799.99999999999,72081.18295534508
70000.0,90146.3970678237
96300.0,74109.92233549898
92600.0,165789.72813313775
359100.0,342178.6897490586
158700.0,173448.12854490074
500000.99999999994,481269.71691769233
114599.99999999999,182404.0274139119
410200.00000000006,384580.7393006599
281900.0,239055.69832232225
101699.99999999999,110070.91155565142
169300.0,195037.68460405307
207799.99999999997,217109.82144266122
327200.0,358654.7805636774
277900.0,304295.4617699946
111400.00000000001,103834.87701079628
80600.0,99879.50692443104
207500.00000000003,252078.88801905254
275300.0,227414.05535121204
421000.0,349193.0523975527
128800.0,141824.78632830398
313900.0,296629.0241431409
67600.0,93892.01103197967
64400.0,82480.44090373057
153900.0,159869.6384638957
130700.0,132988.92454124862
238499.99999999997,300152.06452073745
379600.0,410583.33628254844
146500.0,173594.67225920898
150300.0,186743.31232235336
80300.0,121475.355736522
293300.0,145533.4889077365
288000.0,301318.55431930354
144100.0,183095.98099348223
127000.0,141189.18742442288
152100.0,181135.22125496186
156800.0,131365.5524979496
104900.0,111115.662863831
500000.99999999994,504220.4194724931
134400.0,148084.59256025017
500000.99999999994,509223.16666710714
272800.0,306624.20133695373
151600.0,77652.01056334135
362600.0,344922.187013059
169200.0,207338.5989693539
140400.0,176942.8986005228
43700.0,52965.642107399646
136000.0,193577.43394100055
264400.0,269524.41451656853
152200.0,217304.78634685278
137500.0,265350.2606734864
214699.99999999997,179416.87655908286
170900.0,197534.0165444095
236200.0,236994.97612181847
297800.0,283676.4498302005
88500.0,115522.1801518088
127600.0,113907.86363009209
80200.0,92904.62991351663
306000.0,314237.93361117603
436400.0,252771.88156689983
238899.99999999997,227086.4258277394
231700.00000000003,317954.24582824047
122900.00000000001,134425.22654851346
218200.0,234260.12728501332
397000.0,466867.0304053977
260300.00000000003,174539.40750259793
435700.0,378128.6392128952
164000.0,158962.94188199096
440500.0,342044.1624587606
85400.0,104325.55028654005
101899.99999999999,102341.25526720266
159400.0,271910.4770231229
190300.0,264300.9472862744
100000.0,97745.59409812868
139600.0,164811.02657172998
500000.99999999994,503949.6298436421
154500.0,277441.9458209187
170500.0,178988.43106461404
110600.00000000001,111958.77976133315
191200.0,273728.8772359671
287200.0,379013.6438431882
150100.0,145783.62818624088
238300.0,241370.9173858146
154200.0,186080.75604744884
280500.0,236719.50323214725
161900.0,183932.9562064486
265600.0,317507.0970469161
122700.00000000001,129015.89658941144
231199.99999999997,229117.1516132215
319100.0,302098.97709792334
231300.00000000003,219465.1940610379
500000.99999999994,466286.85213260935
121200.0,125945.96624550264
222500.0,222665.66521573768
450000.0,289685.3337538839
102099.99999999999,112319.42666674888
201200.0,198163.38809001964
104200.0,114262.38269501418
500000.99999999994,512405.6019329162
132000.0,120868.27955063923
221099.99999999997,224031.63943018144
151600.0,152153.9913633638
146900.0,144893.81340993923
151200.0,167016.79031942
165100.0,167200.5639021016
213600.0,257142.4719274892
213499.99999999997,252356.10536871903
500000.99999999994,416366.69949098
438000.0,358074.6737254742
183800.0,194016.93597570248
350000.0,354955.56351623207
159300.0,131117.51709086008
129099.99999999999,134310.65317692535
76600.0,61727.45380463969
225000.0,186968.72987433305
230799.99999999997,210754.57421066955
431799.99999999994,442115.5571034999
191000.0,241747.77755297002
84700.0,99034.18843841625
152500.0,159873.7257608223
67600.0,65909.70957966566
198200.0,193677.72616420686
306300.0,211263.79538727607
122100.00000000001,126886.25043366577
276100.0,202001.50146914474
103000.0,98020.59949060397
409100.0,304440.85190132214
135200.0,155566.8033140466
121600.0,164308.96047905413
182800.0,166870.7710844565
227999.99999999997,195963.90182064666
110000.00000000001,100513.94296291111
111200.00000000001,104676.19381417861
84700.0,60900.776696518595
447300.0,426262.1665640958
88300.0,84179.87440066715
87100.0,92652.17365442567
187500.0,199259.69777392788
146900.0,172028.17751582377
103099.99999999999,104168.49420135014
343700.0,374743.89019769785
98200.0,122667.63010389215
262500.0,167587.27709212527
77400.0,97464.6932336914
135100.0,135048.42548433968
134700.0,132620.9646552512
231300.00000000003,161211.73255096286
158600.0,139771.1126349291
101600.0,98843.28289795385
122000.0,144472.24613295903
380000.0,392105.1366146552
189400.0,180764.4428643664
440000.00000000006,350393.1322891689
70000.0,85647.90587107533
70000.0,63667.033366944466
333500.0,353647.98223701864
101800.0,121710.13842088045
500000.99999999994,508050.087445845
360500.0,370244.79914500925
169500.0,202528.8238712491
205600.0,166811.00751240854
166300.0,171738.56105480573
32500.0,98392.9516617304
362700.0,312641.2906393121
174500.0,139650.17757856648
197600.0,190053.7230177785
183000.0,218683.9629334296
158300.0,156365.9146773434
100200.0,131531.6041623624
87500.0,93567.66616531415
461100.0,393407.3993297613
190200.0,262393.2345790627
232300.0,201701.0443407814
221600.00000000003,260677.72828958917
226900.0,242406.4401293155
224200.0,234246.72915720227
119800.0,123628.87389404606
78200.0,88772.7550679201
165100.0,129238.37576376939
213899.99999999997,299437.4950476757
69700.0,82029.36387558107
105800.0,121694.05736412577
75000.0,89972.34836000358
91700.0,127456.36802071592
269500.0,289652.1400457936
68200.0,67812.81809393324
165800.0,165184.00210726296
154600.0,164750.29301310648
472700.00000000006,418577.12208443513
345900.0,396497.5049226011
230700.0,240146.3465890805
300000.0,273384.53942879906
249400.00000000003,183497.15810585656
435700.0,420870.845539115
225800.0,247561.10354211126
175000.0,185298.9609053866
178400.0,127198.75628882163
276000.0,191182.8119752573
115900.0,104437.70867262823
214299.99999999997,135967.8995956097
118300.0,85425.91740216975
500000.99999999994,329011.88674440223
152100.0,166238.13680267535
140400.0,161160.99401672257
222600.0,209026.55929275113
444500.0,325483.4312701844
500000.0,415244.34710675036
163300.0,138044.80803795106
193800.0,245305.8528853563
90500.0,95141.62080480979
115199.99999999999,131726.36728131978
147000.0,136335.09418182034
273900.0,271513.6281739225
190900.0,177025.9211213186
74800.0,78466.87835353357
500000.99999999994,268458.8752515187
118500.0,152891.55584143786
500000.99999999994,239383.96322568215
55000.00000000001,185315.83756281133
58399.99999999999,84578.92489467098
95800.0,112809.1933905562
99200.0,129413.1413953054
167400.0,223200.9884443503
70500.0,86866.62171738132
67500.0,68819.50965587184
75700.0,90532.81461180557
183000.0,181496.7099069768
500000.99999999994,489484.4682046676
97300.0,85029.34059203055
229999.99999999997,271298.7996620051
82900.0,112682.25156672088
52200.0,61997.09638461646
114799.99999999999,130777.61574080531
88000.0,109444.33888691066
224200.0,190431.7733819072
150000.0,143908.54608774188
341700.0,316232.75060600194
181700.0,211227.4068503191
140600.0,195385.67420514705
72700.0,78974.83519898028
210900.0,229050.29714231013
97700.0,114596.44533818697
109700.0,111772.87059047124
165600.0,185250.22822846434
230600.0,209030.51930395473
163800.0,201192.78631328492
95800.0,81639.82753526245
48100.0,64736.34575298513
44400.0,50329.16598476573
237900.0,219578.79671559238
284800.0,364421.9173557666
164800.0,152174.13262697405
200000.0,152990.91344756275
77800.0,96967.98408380384
186000.0,194350.29559741064
169700.0,156828.39620149593
418800.0,242464.9190978204
73300.0,100018.79833686266
87000.0,113385.05762506957
168200.0,183271.7098690998
154300.0,156483.92982116065
225000.0,294786.1249064957
333000.0,282455.9915742622
225900.0,225459.02959394918
138100.0,139638.59035941868
112700.0,101275.89909543016
231599.99999999997,234005.49069547647
419100.0,287186.7961481141
221099.99999999997,221081.4117335458
155400.0,181451.1848802448
151700.0,155476.78996841612
248900.0,228996.96948607636
153200.0,114851.56324114402
126499.99999999999,123854.61574730753
240000.0,254715.72256959512
186100.0,192622.90304534888
500000.99999999994,439112.5645161838
181600.0,189450.76297408657
178100.0,234689.79288338826
69200.0,77100.88766998664
66800.0,73262.5376067537
500000.99999999994,501917.1182741022
181300.0,228049.13964602628
396400.0,437441.40544216445
187500.0,215306.4010829548
297900.0,274170.34675121977
345400.0,411019.0800584456
245100.0,244784.29304457083
105500.0,115475.69980995408
101099.99999999999,65642.6406133714
141700.0,203826.40285193454
430900.0,377778.54732948623
286300.0,257035.5405039611
112999.99999999999,93429.29585972552
466700.0,456129.09510329366
168600.0,165708.68027775688
360500.0,323104.2164641228
256400.0,248017.51965909582
113900.0,158821.32579137917
350400.0,409375.4698215396
209100.00000000003,216903.2823533365
131500.0,180404.85404851794
216699.99999999997,254659.51235958262
101299.99999999999,95592.4595092388
202800.0,237818.1302535754
117600.0,155740.3537044781
292600.0,291084.3444231941
500000.99999999994,508657.5668943676
130300.0,131755.8701728755
92400.0,71065.0423447125
112500.0,127751.22689923417
154200.0,141223.8689892081
104000.0,80996.19890547285
121600.0,192020.82111184477
206300.00000000003,172517.55883698532
108300.0,162928.1231006906
349400.0,330671.5500293962
83300.0,83439.3375251493
245800.00000000003,268391.07928820554
91500.0,180298.89717786052
500000.99999999994,496302.57626261975
500000.99999999994,376497.57890920807
190500.0,162640.8506793238
108300.0,81024.98307236489
89600.0,100968.26817384042
500000.99999999994,492443.23629846255
94600.0,128879.86107569115
67500.0,282353.9365868012
177500.0,222274.1128830599
261300.0,261911.64279303947
500000.99999999994,285779.8569806179
168400.0,175297.98708167486
245299.99999999997,270988.9040711702
240000.0,316521.6619681978
156500.0,120856.20069310804
500000.99999999994,317966.7508818631
235600.0,257720.51517462282
185600.0,178496.6944622688
316700.0,193248.15545744804
118800.0,102734.72129153127
248500.0,254476.63802602675
236500.00000000003,260145.1780508402
94600.0,86130.01952977091
176800.0,161870.25443246547
148600.0,194194.9758144304
195300.0,204932.3285801653
215899.99999999997,205501.67445184526
126600.0,157213.56238000936
173900.0,197838.52372627272
183000.0,222900.43620845434
74300.0,113738.43427928758
224700.0,194770.71850070538
101600.0,92666.34323366461
391000.0,358968.71689709206
265000.0,185773.60757916723
500000.99999999994,489205.732999837
186500.0,210354.92650195202
78000.0,80974.2627016818
80800.0,102229.33465165636
189600.0,238927.27079953358
199200.0,267216.4392762513
189600.0,210381.35830449243
160000.0,157719.2944656503
375300.0,377929.7986953738
166700.0,129257.59238890356
215600.0,235601.90454384495
228600.0,222101.61696283246
171300.0,163089.89891626188
430999.99999999994,416231.523513027
275100.0,262528.0797890633
276800.0,303727.3687661583
46300.0,52183.08895948675
144000.0,136752.04522179114
94300.0,84748.55830689143
157600.0,137637.52073040008
194500.0,220162.92499861802
351100.0,252229.83258058288
453400.0,381483.9748624327
224600.0,221280.0443126067
155600.0,163382.27484406176
242000.0,378443.53126012534
70000.0,94596.63773503543
71300.0,125295.52851132449
66800.0,107603.2755742115
153100.0,236561.2972674651
137500.0,160073.62062019462
230399.99999999997,241355.25231412816
242200.00000000003,273427.72198087745
301900.0,252027.89392160467
415800.00000000006,300626.1705711772
156500.0,166945.30785036323
78600.0,85216.32565061831
441399.99999999994,397655.3719090367
184300.0,190876.06728407633
276500.0,332597.70117398724
232799.99999999997,184377.6571262991
60400.0,89728.30503941924
224100.0,229486.30509387457
438999.99999999994,325057.7691666102
123100.00000000001,76648.79452454942
255700.0,306923.5314529662
57599.99999999999,72604.74013126861
199800.0,198858.28884567905
51300.0,51036.05432412287
348200.0,385995.7344363144
362800.0,352799.3158090798
240300.0,257309.56662914102
73600.0,69548.75570409988
172600.0,165079.20843249254
229000.0,234529.962859934
166300.0,176010.5059690544
83300.0,143426.3388616483
500000.99999999994,500581.0088412609
332900.0,310483.8697684385
54300.00000000001,51352.43088040646
241699.99999999997,268736.21326077066
387500.0,392810.1363180208
136400.0,188443.49843581306
98300.0,183194.9832014213
176000.0,246994.4183762922
63000.0,72611.97372784307
236900.00000000003,241290.36184493414
97200.0,159014.80542623653
220000.00000000003,255013.5386178909
105800.0,121677.67716084275
270900.0,262810.10692060285
99400.0,111943.17247226366
166300.0,163948.6728116857
143800.0,135828.89520607205
140600.0,131110.41402140554
330900.0,321520.22734798456
156900.0,187345.8755584824
500000.99999999994,400584.04886432714
162500.0,165853.16528279663
124800.0,129918.56038317225
216100.0,201016.78225236153
171400.0,181796.53736702047
325600.0,363255.9944743721
109800.00000000001,100714.26399157778
276200.0,283816.5568557498
129900.0,140312.35707645686
292300.0,279697.0373771016
341500.0,337577.1843058968
66800.0,61519.14009736825
238800.0,206748.1758423907
77400.0,102082.0617425026
82400.0,76599.19538196604
359900.0,345542.4585425438
465700.0,447275.38676559
214000.0,232594.05057126892
107100.0,100086.14462132141
157800.0,185850.06543101105
119300.0,149735.78010149713
232900.00000000003,251576.76815433023
179500.0,213841.37242954905
70100.0,70125.64968198621
55000.00000000001,189939.1968611016
65900.0,73020.48783100297
99600.0,88405.96887376823
500000.99999999994,473487.9158571072
164100.0,208473.1173230218
77000.0,105900.35304771301
140300.0,133075.03561191968
172900.0,152851.85079006085
500000.99999999994,373853.09617330617
314300.0,277269.26009788044
500000.99999999994,441493.37988984445
500000.99999999994,506605.094563653
143000.0,152767.54515387266
280600.0,294043.77509925823
375000.0,367438.62297643983
137500.0,182596.8655715102
337100.0,303597.46919370897
128000.0,147843.74161986247
185400.0,198750.69351102586
63000.0,65118.719974074615
109500.0,152426.6772204899
400000.0,212394.82015895678
151900.0,220814.64661145819
56299.99999999999,68086.99528064164
102499.99999999999,78902.5749383212
225000.0,296302.663899684
145500.0,186191.82433778737
363100.0,265699.05964844604
249000.00000000003,201666.91875494923
415299.99999999994,357982.86045246094
267400.0,204308.11696616927
75000.0,73236.93103259544
250000.0,248001.69210735097
161800.0,138279.27337849856
97500.0,79298.94503766738
111500.0,128644.62770767827
87300.0,91927.54533187367
272900.0,356004.2183109488
124400.0,109399.21542862098
228700.0,351521.90120460576
229500.0,220992.6930386001
162500.0,157248.73024133418
80000.0,130860.21084396672
118800.0,132115.0673478005
244200.00000000003,321575.27877176966
187500.0,177090.18205733903
246000.0,225009.77606437792
102600.0,110884.59864597331
116700.0,87714.91239239983
137500.0,160299.7324305223
171900.0,255952.49517196912
103099.99999999999,112527.43898764627
239100.0,236774.52071987776
194000.0,218067.38049785193
219899.99999999997,231985.546335892
380000.0,455241.6161123232
155700.0,163106.16780104834
89900.0,94441.38477397605
89300.0,154135.61915056923
55000.00000000001,69526.52119392047
49800.0,54564.44533670132
146400.0,134963.36567125627
278000.0,285549.26964052336
288700.0,329373.28212934156
129200.0,147903.44262090125
221600.00000000003,233729.98569207056
85600.0,196468.21504764818
160400.0,150779.12460034736
57599.99999999999,89676.23523231193
348500.0,369143.5713748208
199400.0,254294.9386555126
97100.0,107570.73558139859
58099.99999999999,63261.127758672774
301000.0,320243.6300416026
74200.0,119779.74957754146
249400.00000000003,411708.5519500732
267000.0,275758.9010520329
119900.0,118712.28246750623
77700.0,57519.42023308956
143400.0,132398.04951954124
61200.0,71995.07762788946
206800.0,175659.02169743113
328200.0,300390.0102797551
360600.0,353870.6769862913
107800.0,113218.23384721442
51500.0,50779.80659627955
67500.0,107900.15209396962
184100.0,155882.6690123551
200000.0,136491.834265463
354000.0,280250.73231472616
393800.0,341521.392446333
132100.0,140487.25606143512
306500.0,283875.06196394196
134900.0,120363.85625999431
319300.0,369660.7017808129
303900.0,335294.80505954364
350000.0,154982.39530218864
231199.99999999997,258184.92699088788
131300.0,147606.01241903417
120800.0,132745.154173283
135200.0,120342.79096063763
68900.0,80345.35403223222
425000.0,247545.19313698434
160500.0,161351.28807308586
151000.0,154513.73030488932
349500.0,454085.25976231106
60200.0,59454.00768044025
396400.0,358429.3985912356
278500.0,366765.9192749854
239299.99999999997,150199.4662576345
224900.0,267513.1769814832
91300.0,105455.29516040538
111400.00000000001,135369.88894649793
150800.0,129889.52227921231
64700.0,58241.82874845205
358800.0,322936.0470353968
232799.99999999997,180292.35165387593
54400.00000000001,59553.84584539811
98200.0,95113.63641925032
225800.0,210496.98139378845
116100.0,139759.89562023254
196400.0,252534.9025463938
123200.0,78147.50188264286
156400.0,229939.68996628732
166800.0,171206.9232396369
215899.99999999997,215822.11100817862
117300.0,136620.7157045891
243200.0,209459.91058316198
72900.0,111075.376215132
191700.0,228296.72768165122
60000.0,253683.0043133046
195400.0,187089.11856751912
111600.00000000001,155675.06872994112
268500.0,249498.2533730756
260000.0,253499.90251692806
89400.0,118366.47672164235
235200.0,320921.16993441497
386100.0,317676.3495888166
187500.0,182766.15510963913
223400.0,235501.27302547428
120300.0,154645.33600361072
135800.0,133799.88107348804
307400.0,268618.4776028726
326800.0,246630.58393722688
70300.0,127787.8660911817
68200.0,80332.12415555344
114599.99999999999,112242.62941348105
177200.0,206433.99170401972
81900.0,108023.22402327147
90600.0,115078.24233970638
56799.99999999999,68387.39362686465
323800.0,289958.3151230983
244400.0,157105.26308396732
144300.0,153227.97115846537
164200.0,150116.34711121864
237600.0,267725.80198255356
243000.00000000003,218414.33253754873
83300.0,109534.84907914395
87500.0,141698.08363905104
131700.0,134522.4264215723
47000.0,65113.22461390799
195300.0,202484.6280203566
184100.0,229306.78822181228
128800.0,102805.03429350312
118200.0,113368.84116689203
212800.0,188209.64695015762
141300.0,130426.50225336774
227100.0,233599.54051178764
80800.0,189826.3379192896
201300.0,196856.53265271353
183300.0,188136.1290926615
155000.0,162726.5502602806
143800.0,177762.22857924362
137500.0,269428.07008757454
280100.0,210812.7367046428
245900.0,286542.9652980932
243600.0,288551.12858600984
103000.0,135907.3668502034
103800.0,102413.30280859393
235900.0,220972.60070157293
161900.0,160705.0519316203
394400.0,428380.46577779937
145800.0,78387.951327194
184800.0,167105.02829127372
242300.0,248674.75579310756
335500.0,226458.76652422347
165500.0,121344.91393806164
204800.0,323239.296636185
159700.0,121905.59406055568
169100.0,171512.73243939804
478599.99999999994,267518.0737722532
258900.0,249353.08220373068
324000.0,323349.59307898756
103099.99999999999,100960.69527828926
138100.0,182553.08880041065
91600.0,117806.0216582717
228900.00000000003,290230.1588729887
138800.0,128150.86999690783
252199.99999999997,246433.89621136358
420300.00000000006,438274.33587369684
243600.0,224416.31775849
142100.0,164077.06464370133
67500.0,63010.82621028187
92800.0,112336.2683983918
190800.0,240139.4218509391
223900.0,212208.73314551506
143400.0,171849.85016416045
132700.0,118979.71839800489
99000.0,97266.08561346048
67700.0,71449.58775440915
227400.0,257380.40691058422
228600.0,243099.1635344423
135800.0,130519.81293319522
362100.0,367186.24655610544
281300.0,351366.4971809318
500000.99999999994,502847.3209199401
90600.0,125573.81145366063
66300.0,97893.64543415596
150200.0,137793.78684708552
170300.0,151089.04525643948
99300.0,91389.40814732763
322900.0,445536.3103024064
213200.0,163967.05661880455
217000.0,235969.11771774152
267900.0,198852.55905920436
206300.00000000003,213666.44415295403
376800.0,301583.1650246629
87500.0,84280.80870911013
304700.0,262104.34969429547
460200.00000000006,364660.49845142715
128499.99999999999,111153.03410826802
284600.0,385198.74738432834
119600.0,134593.23959481507
208599.99999999997,199175.40285313092
117500.0,270962.3855000406
66900.0,61033.673902902534
204800.0,177333.96770190698
74600.0,103375.40176674239
109100.0,116867.61908506129
114300.0,149802.08307256363
308300.0,319447.36120183935
112999.99999999999,118704.84360588965
91700.0,71434.75713370433
134200.0,121626.43147596657
425000.0,386821.1542358038
53900.0,62707.413624410285
310600.0,212824.00071194605
241699.99999999997,376422.1368161654
226799.99999999997,222733.61760044485
100800.0,123471.0393825405
238000.0,221074.17334825904
245500.0,216026.30276769836
156500.0,160902.29412743053
115599.99999999999,177934.77341421298
66400.0,81933.03793584682
58800.0,52985.8183316042
223600.00000000003,222020.17624928572
169300.0,168196.91749999396
166700.0,150466.17926439308
225000.0,226078.38576474568
72600.0,87389.3722462398
160300.0,163632.4264335126
147500.0,125750.64890159614
91200.0,220722.03814346125
208300.00000000003,130007.27745947803
335300.0,372614.93800084596
57999.99999999999,99011.18482379627
226500.0,229895.7053061077
345200.0,406528.06789766543
106800.0,81178.92482556442
500000.99999999994,194359.68581800745
275000.0,294292.021707532
95800.0,110719.9950285872
97200.0,131605.66049451032
155000.0,138380.96976207095
400000.0,322484.4988039302
500000.99999999994,341737.20239878027
304300.0,257584.34941697345
359200.0,353619.04816219676
144700.0,151540.0469906719
352800.0,350770.23213747656
355600.0,300667.36413128494
99100.0,120271.2289750823
250400.0,231608.5990693775
105600.0,121309.38169940482
500000.99999999994,488600.22080250346
162000.0,174320.11142774092
272200.0,293043.54336891184
245900.0,284661.2387380322
183300.0,174610.6233577349
220699.99999999997,272425.2637284807
161000.0,174343.43190025724
303900.0,311455.7507303671
266200.0,217797.29074080128
90100.0,88117.35630177447
87500.0,123172.52787175213
209400.0,170596.02590793886
188700.0,205497.66138884224
101400.0,114862.7905596602
387500.0,357030.11149687343
359100.0,311910.5818334418
327300.0,330483.47483228095
279200.0,287855.0290314799
233599.99999999997,241093.00555005344
163500.0,217385.44850861654
124200.0,185568.1297705981
450000.0,456568.35384673806
111900.0,110860.84011225463
90800.0,111931.84691609007
120600.0,127685.49688125652
483800.0,444558.5484527122
366700.0,397468.2897318484
200999.99999999997,195788.53944766917
333600.0,319063.50261588267
362500.0,205274.58773100743
170100.0,162546.3521490395
246700.0,239955.90101147006
161200.0,166737.68333324394
147000.0,132600.08968515357
117900.0,155998.53130465499
111300.0,110476.02578015943
266500.0,246971.52834207015
113500.0,123943.39479096563
329100.0,365676.70254299423
500000.99999999994,490657.2197948583
236500.00000000003,178224.5470681393
122200.0,117665.49365996978
81900.0,98202.99503730361
386400.0,370073.1416207857
184800.0,182646.93355768814
160700.0,166486.9079839746
101600.0,93580.56576397567
424000.0,451047.0648459961
262500.0,239700.45064080096
369400.0,340401.1795574675
115100.0,153965.6035184487
281700.0,218269.79318641167
98100.0,130717.58043957014
131100.0,154067.1979307116
251799.99999999997,223102.529825724
232700.0,239970.3873118168
139200.0,136242.18955763226
71500.0,84026.93209456583
340500.0,338267.8862280302
270800.0,239735.75266992304
155600.0,194042.6686834177
89200.0,72998.74502212113
167000.0,170320.91915560616
103099.99999999999,101124.25088321288
180500.0,169084.3105945256
51200.0,74602.12455876349
204599.99999999997,204939.9175191744
387200.0,193099.19025636674
162500.0,130523.91356516497
120400.0,137125.3158683814
139700.0,160904.14964964637
98200.0,82232.27304896082
269400.0,257101.8204980968
269100.0,265585.2655658553
500000.99999999994,363387.1940882433
49600.0,67896.40598654634
57999.99999999999,83354.80357096085
65900.0,72562.31634185536
175400.0,179543.21572682026
391800.0,357986.79595405294
280800.0,288993.3042686467
90700.0,163278.38077623342
500000.99999999994,507586.57974336424
92300.0,109959.37110094498
227100.0,216388.05540278106
162500.0,146159.76686019858
290900.0,282950.6787824138
183100.0,184239.77543989097
283200.0,330419.43654435687
177400.0,288142.62711266003
238700.0,264100.89042186894
321300.0,295523.9317939309
261500.00000000003,258298.95804541983
99300.0,134781.9496264821
226100.0,229778.34689259916
51700.0,55056.01268972656
156900.0,148260.6289217467
160900.0,142922.62327626103
222400.00000000003,283067.70673150895
305200.0,288411.6153441548
138800.0,148634.87113481146
230700.0,241452.1604335939
94300.0,86004.49622192659
97200.0,94420.12151695
382100.0,365128.39078501996
193200.0,207492.58881917354
209500.00000000003,222816.1601521159
231400.0,179060.39511104996
89300.0,127885.74092646071
196100.0,216040.9722268336
113500.0,100786.41379988458
178400.0,233445.87547412657
406500.00000000006,371779.4737278018
228200.0,217251.5532839322
234800.0,259162.5717743408
231300.00000000003,198038.55904215574
500000.99999999994,434887.80114014435
184100.0,187571.78008698512
213700.0,230930.46962315004
500000.99999999994,488258.17940928286
169200.0,190435.53543349527
232399.99999999997,233866.84494074882
351700.0,424756.6538783912
234600.0,199225.6400482327
112500.0,280449.9018573231
145200.0,138131.02074017137
87200.0,101489.84391837931
53500.0,94471.23357254399
43800.0,59273.13684034489
94200.0,86540.58934529297
218800.00000000003,180269.09582312495
191900.0,188852.4854297924
132200.0,274099.14761500334
46800.0,55856.64076331202
149700.0,192434.85247696732
126299.99999999999,125070.30974568262
255900.00000000003,250588.13260970276
94500.0,107104.28209728115
237100.0,219413.38097452704
500000.99999999994,491447.6889592345
87500.0,120679.71276401175
126600.0,114445.72178857525
245100.0,232049.53952656937
157400.0,194780.1290807227
78400.0,71817.34340923262
218100.0,203126.6091270786
350000.0,267001.8256280226
198400.0,186928.84286172225
143900.0,141358.10623546792
337900.0,381240.135564752
76300.0,108480.98337570204
160100.0,178247.69713763398
130600.0,142953.54006871337
112500.0,119640.9504370268
329200.0,241320.40572626307
233300.00000000003,216238.1711157471
99200.0,110813.24464247552
197900.0,187895.28081342313
204100.0,226824.54868837466
350000.0,378167.8612019004
62100.0,64165.928871239266
140400.0,176372.3284697526
152100.0,249934.5839626154
130500.0,99232.02456157278
195100.0,219858.6037508862
199500.0,226834.8138946646
137500.0,122067.62073344397
275000.0,227521.92981229955
122900.00000000001,179288.47634460733
109000.00000000001,136790.43669006007
121700.00000000001,104305.69799487213
302000.0,321596.77001674473
241699.99999999997,203003.1653472438
153200.0,168159.7579763914
169300.0,228504.02839394016
358500.0,412928.2430959454
175000.0,172778.14004784112
112500.0,124567.37945212913
376000.0,406960.1118414578
118800.0,97975.05313517073
401000.0,385028.04742102383
107900.0,101775.2591000424
339700.0,353396.6377248117
158000.0,163835.50401479533
468800.0,395454.0322073372
63100.0,62708.17336223883
184600.0,179909.5384209533
189700.0,239156.48713487148
190900.0,208895.53878477623
67500.0,131753.79815307332
85300.0,109295.78656170747
173600.0,183359.66566319388
129700.0,107431.27020604865
181000.0,245713.17732896138
500000.99999999994,509888.37892869214
376200.0,429410.990278193
243000.00000000003,240178.3768207076
148200.0,140008.03134208382
238099.99999999997,262003.8751347312
450000.0,369979.53989605576
240000.0,250636.97672906707
500000.99999999994,219686.1374613632
274100.0,280276.80428717035
190100.0,221092.83622363722
268400.0,274531.0926927163
349300.0,248127.60585305703
275700.0,304922.49733726704
182800.0,195398.4860247062
500000.99999999994,474889.0173291155
213200.0,229919.0892168094
179500.0,189312.03215195218
138500.0,147973.77393172553
181300.0,179674.4031889578
340500.0,384434.7653295497
225000.0,191339.18051495875
68300.0,101080.89306582956
237900.0,267357.54935602966
149700.0,150056.35547846332
125800.0,149033.14527620925
87600.0,183104.44998875065
125000.0,154680.90287888612
168800.0,106569.07361291602
135000.0,147433.27948516025
86300.0,111774.33796089508
64900.0,94562.7044329154
106300.0,212048.00574689193
285700.0,271633.4391853958
272400.0,264170.13111322996
217700.0,221684.9628342783
91800.0,117916.530937486
163000.0,175383.34719031793
195100.0,189705.39735200707
32500.0,104028.07276601893
275300.0,167801.4040588117
136900.0,138046.37755021165
194100.0,164799.16138389593
230200.0,253831.58384941556
143600.0,141958.14667755333
39600.0,82508.14552354804
59800.0,78184.51199279
210700.00000000003,216767.96980440436
156300.0,103019.37821894725
215600.0,211874.47007942575
177500.0,175017.4692303464
218900.0,225429.54448576542
128400.0,124174.81368121658
190600.0,189767.0475291128
398300.0,452667.68694322265
367100.0,201598.52792161584
122500.00000000001,129421.1848632815
376100.0,210752.36751897825
157600.0,151822.31631630007
178100.0,173361.77940805117
72400.0,86192.2034725346
287600.0,273597.92590156896
175000.0,152632.13027925498
280800.0,213777.4738826718
160500.0,174700.876800031
158600.0,135907.73546725826
144300.0,181943.56458947042
136300.0,155448.55509764358
218200.0,214935.9780623666
466399.99999999994,409187.78746866155
386100.0,443905.6678464251
251200.0,237784.96030809582
190400.0,170924.44519035955
223100.0,252300.66186068644
361000.0,251137.3096740941
275000.0,147917.68620445178
70800.0,114648.74565881501
459999.99999999994,355579.63249188405
67500.0,95022.36491145498
225000.0,145888.14103120106
176100.0,158605.60925286205
52400.0,57621.068712922664
167600.0,187137.71472645967
99700.0,127351.05542884537
88900.0,106479.3101350648
223700.0,214970.88655254085
180500.0,176093.75369234692
93200.0,116575.39340315381
173800.0,170034.94393001724
490800.00000000006,483974.5637697733
104200.0,115392.64914640934
276100.0,253903.07421434284
254700.00000000003,263615.73243195104
212300.00000000003,213909.38641125264
87500.0,92305.78942520048
94200.0,84929.1268470561
163500.0,201274.30395718626
500000.99999999994,324912.6820949654
125000.0,203430.57182914153
182300.0,194323.32701288452
111700.0,137745.0631222769
146000.0,185163.98479781408
500000.99999999994,441284.1657166887
320500.0,264461.53872904246
48000.0,52398.68970313381
168800.0,204425.5143307638
67500.0,75701.87665583797
173100.0,167983.7886532042
150000.0,107285.32881518433
329200.0,327454.2041851282
141000.0,152714.26708944066
378000.0,396915.0597547796
80200.0,60008.08444791272
203300.0,220654.79350479192
394900.0,424301.9420316058
84500.0,95948.82029780155
327300.0,330474.1677973851
201200.0,224420.50157357432
162500.0,245551.6149610197
266000.0,296461.1756208054
221200.00000000003,216647.36574076713
176500.0,204894.80867286434
206300.00000000003,197676.02278840172
500000.99999999994,417778.5819581443
186700.0,215873.28807350463
112500.0,210571.6799366347
90500.0,77176.51185145455
190800.0,194095.3029524701
198800.0,130361.77029947507
165600.0,187986.498277504
500000.99999999994,449164.180546395
145700.0,172069.68570238212
91300.0,105344.34613453149
140400.0,148911.82836507863
191700.0,223830.9386201735
61100.0,71437.16506041186
153000.0,123666.4362385661
85500.0,63433.90714071303
164500.0,171439.7278533422
386200.0,384838.41907041887
341300.0,324999.65335177945
246400.0,265949.52406876587
121800.0,136974.27520405027
132500.0,172332.55982649082
98000.0,116290.22390985806
241400.00000000003,187436.60549922203
171300.0,167603.20683651554
120100.0,150973.41183665924
500000.99999999994,510653.17224673944
192700.0,194568.03672281446
232799.99999999997,202976.16612178905
191800.0,208225.8026846506
196300.0,205043.4205426384
293900.0,345991.31550238625
84600.0,100728.12286359
500000.99999999994,527514.585962863
500000.99999999994,476202.5838327694
107300.0,133629.82560256842
150000.0,205241.87577740088
204199.99999999997,165848.3254433596
268300.0,261512.30980766617
103499.99999999999,110328.2313876453
161500.0,152509.80472929685
222400.00000000003,204199.79279969708
166900.0,146651.0220742174
229199.99999999997,249627.94460615408
205900.00000000003,175981.5184546838
95500.0,61965.568655337884
162500.0,178747.63104422818
240700.0,257737.89026887898
82800.0,101335.89073761442
230200.0,153414.2156690016
185900.0,155060.4596927937
105800.0,133870.08122759307
118800.0,137480.829882754
194400.0,175547.39800293744
183300.0,175404.00343790924
292500.0,180944.61544335843
144200.0,141345.3370141953
500000.99999999994,349428.6729716479
134200.0,201812.61432755936
52800.0,56359.04290234606
188700.0,175974.16679090736
204000.0,215238.61522821325
179500.0,174338.05640897018
98900.0,101342.51865939968
279900.0,250113.62684531146
327700.0,313502.28851398325
208000.0,196286.83513693497
208300.00000000003,207192.47382122985
112500.0,205313.5610980873
234700.0,287909.73903406743
214500.0,205411.71881404906
338500.0,394026.9745938756
500000.99999999994,501653.7176625924
284100.0,338603.8486526549
500000.99999999994,457532.888147332
181300.0,173117.9981103487
125000.0,121593.35469400225
412500.0,288421.3282685831
112500.0,89955.14719875794
90300.0,67677.34296266283
96000.0,102448.44938001713
142500.0,196496.08180418448
266300.0,293393.4458219886
165000.0,160563.6511785239
118000.0,122240.29076658822
156400.0,165180.55396954808
426800.0,476036.0757855669
308600.0,270114.541109887
239200.0,137362.2390563955
109400.00000000001,120802.78607149396
66600.0,78012.41395772272
368500.0,354416.97394366906
330500.0,341709.14234251255
273600.0,300121.60352463473
500000.99999999994,486070.2326961425
321100.0,381095.5662510012
242600.00000000003,193703.76954716627
231900.0,269877.73481253703
151400.0,176163.7373567
227800.0,187684.46526366036
380000.0,406560.8549823233
95200.0,137704.63689621427
193900.0,171953.3857651817
260700.00000000003,204819.07444889407
191000.0,149635.9354464259
64900.0,80090.44069730637
128299.99999999999,139171.6738908673
189800.0,266961.62938335864
183300.0,167576.72345064057
151800.0,106262.52189120134
257300.0,219867.66447972524
137500.0,107169.81063282455
125000.0,84455.8548168412
218100.0,163583.9605446247
168100.0,165448.52311446244
231800.0,158903.7095004165
149000.0,137515.21945767704
170300.0,218629.34602043245
391300.0,286345.0430109894
282300.0,363587.91835329635
500000.99999999994,491276.67002222803
135400.0,153691.10356090585
328400.0,323722.96496262203
350000.0,196015.05974558354
182300.0,211991.20032704895
500000.99999999994,494294.3671744733
192000.0,173159.5675739549
240800.0,238219.95498120642
175000.0,195164.6968253893
126400.0,108282.9913629483
125899.99999999999,129395.6504164177
194700.0,232212.28168556473
341800.0,368871.3086581011
211900.00000000003,167529.3369261606
137500.0,63494.32325522203
270600.0,357859.12848657306
172300.0,168767.2061888153
262100.0,197833.12785943123
149100.0,164171.40755524384
339100.0,216804.39325738652
248600.00000000003,237565.54195942692
128699.99999999999,172459.4259745393
343900.0,237668.73991000716
175000.0,169991.03899041962
287500.0,290802.54609038134
143600.0,136206.44248435198
346200.0,289227.1417304797
232200.0,251806.09765014073
200000.0,121861.08530910633
241500.0,220548.93042560844
67500.0,74818.92285982391
191700.0,155848.63626549265
178300.0,199139.018692686
178200.0,170399.74292797118
133200.0,130572.65930803274
273800.0,270990.0281933734
152200.0,156260.31083408094
187100.0,198868.57073721162
137500.0,171337.76189899095
110400.00000000001,121265.69407027125
240600.0,231363.05274818686
162500.0,162768.75904601393
83800.0,101710.44006475789
265600.0,216435.65072265765
211500.00000000003,212826.7755898952
173400.0,165322.47655715616
310000.0,349566.1050907234
99500.0,99974.81547903839
191400.0,181449.7232960207
220100.0,177431.23353198712
167300.0,183212.05248740854
65000.0,79098.15755681407
141800.0,168043.68358793802
290600.0,305467.8283163963
319200.0,423412.33941284573
118800.0,117385.59141360705
200000.0,223404.25870428217
219499.99999999997,202367.81321208717
289400.0,290873.36381017993
116399.99999999999,137342.81706599402
162300.0,157310.51081106553
114100.0,121244.3951967198
71300.0,81441.15197308303
190500.0,174636.74716381222
197300.0,175574.61935931776
72200.0,78724.2096057078
103299.99999999999,147801.74441861734
143000.0,105857.4284021175
244899.99999999997,232588.4644098864
500000.99999999994,388939.3050320778
183300.0,131584.2374291745
86100.0,132690.69931596372
218400.00000000003,233324.94954168535
110800.00000000001,110063.77960468695
211300.0,193493.65275941047
338800.0,346098.037016971
123100.00000000001,135988.685006884
269500.0,153903.1722157998
321400.0,236792.52243142767
81900.0,99039.48853522474
500000.99999999994,533671.914917473
304600.0,378831.8792100742
72900.0,87046.47891010166
158000.0,148761.25171235212
62200.0,70030.22787837886
116300.0,96654.44065274858
314100.0,144293.11690168778
362500.0,270436.20264123625
500000.99999999994,506046.61664152483
74100.0,112349.30961628596
150000.0,143301.8362473332
270000.0,266665.4757894764
120800.0,113691.78553018915
250000.0,182753.39421116482
72200.0,80094.48363504343
375000.0,328300.37510301755
239600.0,267705.8884261823
183300.0,199551.91120996495
161200.0,187359.41303083958
250999.99999999997,229543.0097025057
45500.0,71192.21567627766
178100.0,191972.2578698108
258900.0,239497.0990823047
145800.0,150729.29114430264
84700.0,96398.22227964918
216699.99999999997,156773.9945125442
130400.0,126316.05941154128
158500.0,152199.4077579056
117800.0,115885.77108312017
215000.0,208721.39575832812
268600.0,269486.0778711773
100000.0,101076.00475630978
332700.0,431952.4976011666
186700.0,171410.09509746017
53000.0,57218.35786736951
149700.0,137640.25526930002
345800.0,327362.2766582594
124500.00000000001,144085.3728453558
475800.0,454509.3353979834
500000.99999999994,395370.5412561721
500000.99999999994,506708.6522031461
175900.0,165904.98763357117
183300.0,240301.36948970446
253100.0,335672.8277494283
117800.0,120353.53519373566
143500.0,155087.25226343024
500000.99999999994,388380.27965484856
142300.0,128580.63833220079
121000.0,140390.737932285
268800.0,263345.4261381179
330200.0,324790.1758997713
121800.0,157758.45231608796
416899.99999999994,382951.12517097703
266700.0,312182.6926475476
189400.0,194597.52849651792
443600.0,330592.81838621566
163000.0,167550.99793904717
382500.0,315247.0844467949
106300.0,132896.29962097554
57799.99999999999,85456.27796919385
57499.99999999999,91420.61967156893
238000.0,263255.4732725618
218900.0,237927.63051007298
118600.0,116145.85189974181
309100.0,353856.6717260903
213200.0,189013.1433513834
180200.0,180771.4012605534
470800.0,393997.3244141665
337200.0,148797.9880314651
95300.0,98474.60781790492
103899.99999999999,118798.19981019814
500000.99999999994,235669.52774291436
215000.0,206095.41028329218
189400.0,207838.17669898528
171400.0,180373.91521351773
357000.0,345129.5697288074
196200.0,186951.35689405721
98500.0,97454.38196955172
178800.0,193793.33680752103
226600.0,251869.0966571858
171400.0,200110.0245917345
271400.0,227575.5663180033
216800.00000000003,241119.16976222832
67900.0,109527.11200158356
171300.0,155097.1429964391
110900.0,136982.90565094101
332500.0,274522.7947196284
150000.0,138008.13574738725
173400.0,253958.95054671346
237500.0,267484.16081841156
65800.0,78507.32632066718
173100.0,191731.7941936976
321200.0,329572.6802962916
265000.0,338563.1324643283
87500.0,91467.63605053982
210300.00000000003,216685.69421626025
247800.00000000003,272379.8990440345
375700.0,408837.43469560094
113700.0,115742.72031108501
500000.99999999994,406292.3049332495
45600.0,54076.74593193625
130600.0,106196.23885161852
198600.0,215705.5491204376
436700.0,462044.1089749295
92600.0,121187.69159057988
150000.0,170554.47012510346
359900.0,291626.60481620167
500000.99999999994,504405.0654384153
93800.0,113404.21873168788
383300.0,331672.0220502912
191700.0,149177.63665010195
267200.0,253800.3051097555
280200.0,217156.0554701603
52100.0,52868.79827137698
110200.00000000001,106967.91857175111
164600.0,122949.9203988057
324800.0,388731.73079266597
122700.00000000001,156797.1429377264
216699.99999999997,241429.54169844065
73600.0,103047.56309043453
254100.0,275359.7917929304
187500.0,154368.91664608943
166000.0,210376.86213748
157900.0,183886.51019345334
193800.0,177107.25675622764
140800.0,99006.84808611478
95300.0,90577.01269643416
227000.0,267375.11606652185
265600.0,300623.34591239766
90200.0,114396.34925770256
183200.0,169300.50861930073
184600.0,155269.72323157237
162500.0,160565.41192585777
125000.0,151495.50006181514
97200.0,155120.29499193345
355300.0,327591.35514548904
136200.0,124625.89879244003
125000.0,162731.0535545246
305600.0,320459.3456947676
176600.0,140911.48475420603
348600.0,346302.2501672727
299200.0,223201.70817876875
72100.0,132549.92477381672
109500.0,144397.9881780456
281100.0,303971.0881941789
156300.0,183151.22180986413
234200.0,238215.4751918492
59700.0,76109.70396637474
250000.0,260630.95743000123
203300.0,244560.14607135372
173100.0,216125.5889197076
300300.0,309359.6199885129
238000.0,250050.71665153818
179000.0,175675.3186138921
166000.0,168374.83377838988
160700.0,176360.47909706493
147500.0,165190.9074197031
192100.0,193230.44490366985
56399.99999999999,56656.79487891559
304800.0,352599.6880886203
439799.99999999994,382170.151507496
137500.0,112431.90429195328
137500.0,119686.25595915232
134600.0,151564.62524028643
262500.0,256623.93180783
83400.0,107845.0809051966
113500.0,104499.15024570379
71400.0,116722.9056302778
204500.0,219347.97564638834
282400.0,307560.4421616156
145700.0,151077.76768947206
264700.0,291410.6935714249
275000.0,274304.27864090237
171600.0,150278.67998007152
216699.99999999997,231130.91723980042
180700.0,222418.57737483922
212500.0,125218.67111237266
167700.0,214946.77877075414
42500.0,49850.59419090707
238400.0,291798.02091248316
144000.0,97882.63296550816
43600.0,50617.036784293006
363500.0,286330.0473460082
186200.0,218437.90626775805
67500.0,60286.462602351574
159600.0,251121.95306152815
195600.0,201899.75462957067
154800.0,181724.1927825102
450699.99999999994,428476.3259747458
69900.0,65526.05733818721
132200.0,148107.73047596915
328000.0,379884.03536943777
272800.0,294554.2998742075
66300.0,102222.46637923384
129299.99999999999,143859.09811459586
77100.0,84807.75065843166
155500.0,180222.90515712646
126000.0,143167.02569439966
240300.0,213039.86862047037
133000.0,119014.14143339009
94900.0,119511.69533738436
203900.00000000003,252010.5524617992
61000.0,88158.04430658702
139200.0,125425.93511071455
229199.99999999997,269399.86370805296
260600.0,335464.325276609
251100.0,265381.4004421786
327600.0,218283.1367171094
167900.0,179654.94575366456
212000.0,262548.33957772725
233300.00000000003,216224.75061773194
255399.99999999997,243162.64373830243
67500.0,83889.46597345563
162000.0,271118.6961146386
117200.0,98370.95769062433
109700.0,138394.13813466212
275000.0,93496.51511729838
111800.00000000001,131133.95576422667
166000.0,204343.63634969768
92700.0,91496.44522149627
186000.0,200824.25821193776
97300.0,124752.90703294189
241299.99999999997,295625.96548155043
258500.0,259142.18318845044
138200.0,168143.42018928024
196100.0,253800.22406981615
419200.0,464023.38467443583
138800.0,140519.0102367951
376600.0,444096.02085978154
165100.0,170210.35571361613
181800.0,219191.14829321267
211800.0,154792.28360399962
112500.0,155382.61480320597
144300.0,133232.04147388364
222000.00000000003,219903.66698792265
53600.0,64444.044961928244
130800.0,140787.407328874
227599.99999999997,299389.011812965
275000.0,313914.39037806407
191900.0,180983.62664424695
64100.0,68584.19915532104
68100.0,103459.43899388277
255200.0,238202.3778137832
244099.99999999997,269008.3075438113
337000.0,264931.91358480824
208300.00000000003,169993.94033829364
500000.99999999994,490117.9984162293
172100.0,184398.60528106382
128899.99999999999,86195.44385287995
144900.0,109271.46861788903
72000.0,59844.7438974568
142900.0,153124.64458309746
436100.0,326745.0486846191
204199.99999999997,173417.44743866514
195700.0,217507.41321543697
90500.0,112584.78071030698
236100.00000000003,172064.02505588284
186900.0,167649.84579845527
162500.0,204345.88117634167
112500.0,122840.30728710534
57999.99999999999,55025.36337904181
307400.0,334558.8456810641
353800.0,474822.40726124344
290900.0,303066.23001456977
358600.0,332601.54301894904
246200.00000000003,211224.58284719544
72100.0,133674.03400544386
107500.0,127991.48137289863
78600.0,89374.7720549673
187600.0,190281.75329606066
97900.0,115312.78622704942
186600.0,218991.1556951276
196900.0,207565.04848024505
111500.0,114474.89943102717
156300.0,186138.5840694927
218200.0,280263.93287946325
293500.0,423026.527434531
59000.0,93869.28982697132
162800.0,145467.8630177048
102899.99999999999,104759.23657081593
54300.00000000001,71357.39509387856
166300.0,145375.3725143523
152500.0,170185.42159095535
142600.0,154896.13028165823
150000.0,139110.1665694988
84400.0,85045.58931704426
210000.0,191110.56513041467
137500.0,135366.79858991163
350000.0,353878.35191195214
171900.0,149547.4483644488
143100.0,153032.1208065759
452299.99999999994,378947.23475462286
176000.0,168256.30657166446
112700.0,126387.76201631421
68400.0,82823.88231952826
190700.0,177657.73309538743
331800.0,403054.2666997513
184000.0,186001.77245179302
162500.0,103957.58944741816
129400.0,134912.28672760964
172800.0,131762.63987065165
191100.0,165588.41448006802
294900.0,305997.65728059417
188600.0,190181.894926047
63800.0,102418.90691313043
466099.99999999994,450274.06927223504
186800.0,199132.73667467464
139300.0,131908.72728224823
330300.0,277653.8551934361
284800.0,314665.2219733007
198800.0,187695.97943184237
69300.0,82055.74501276392
145500.0,167108.16187589103
166200.0,168584.87797272336
273800.0,261617.3510763727
149000.0,135133.28671036725
215400.0,219806.73711241284
287800.0,347752.1032648209
406300.0,257773.86382177507
160300.0,156282.6329352646
240000.0,291998.12729262246
60900.0,85043.45840430398
142300.0,137863.56965245202
84800.0,110383.32174828068
205399.99999999997,235159.8282248359
396800.0,372321.99898202467
135400.0,168835.26882332278
115399.99999999999,153892.09287960455
162500.0,301830.7572675331
425000.0,264862.70733010094
114300.0,96749.80900002363
500000.99999999994,497869.86243336776
500000.99999999994,457552.63280707825
48700.0,60207.747421972585
294700.0,301947.5049287931
300500.0,223872.45332592115
343200.0,204217.6666647303
92000.0,166483.02655245725
278100.0,293204.1234081205
380900.0,408172.9928674861
339800.0,298910.8962028374
96800.0,105483.59836784724
270000.0,218639.0153061553
190000.0,214928.13566596116
181300.0,167673.50032816269
100600.0,92110.63690316305
170800.0,159121.88616629803
152700.0,151750.40735521558
353600.0,294893.8140070347
200000.0,264482.6629467857
213400.0,266990.99467760854
153100.0,161549.06988290485
379700.0,275104.0426563879
275000.0,246402.611627632
78600.0,93853.29077704604
188300.0,217945.25004444644
138000.0,147378.0922550885
500000.99999999994,493076.12103306013
197400.0,164806.2353548955
244600.00000000003,293513.73593317316
165300.0,163687.48237163
300400.0,285364.7185069332
88200.0,121248.61621857078
500000.99999999994,490160.21081467567
163100.0,121296.80483773793
191900.0,221010.56509140742
355300.0,343963.92757603264
430300.0,395264.4873131501
42700.0,57585.15965048392
378100.0,410536.4173857465
264000.0,230491.1547224864
111900.0,160055.29702656588
224500.0,199406.5620064804
125000.0,160985.77899057075
64100.0,81065.86635633076
88400.0,92947.00947487845
389200.0,378684.7816194702
193800.0,97328.99324773157
500000.99999999994,394767.9702102867
187500.0,388077.9042445579
210300.00000000003,201001.6430344831
212800.0,199647.1293586604
177500.0,239458.88559902995
181300.0,130126.13603546593
159500.0,168675.1494630932
177500.0,171875.21129527182
116100.0,125788.93601385753
500000.99999999994,415738.39029632846
162500.0,157939.2697927982
135500.0,151444.31398863005
99600.0,117238.98639672794
118500.0,110621.31891522837
156900.0,144226.87299560008
147200.0,143195.55092677262
85800.0,86355.2331819572
500000.99999999994,297354.61209710466
170900.0,167680.675278363
257900.00000000003,307867.64675290545
164300.0,164691.3635595946
438900.0,411984.0755763719
98000.0,112060.47440072053
288700.0,270046.4014236558
203200.0,234390.2741218025
283600.0,290481.35856449127
162500.0,236321.6712389356
95300.0,102971.65764379315
161700.0,151387.4518738657
187500.0,157481.7947719957
158000.0,140985.02138864834
456100.0,323690.8410760529
102899.99999999999,102205.08000744105
165400.0,198198.87403872403
54400.00000000001,57647.848246475965
147200.0,156103.55357249168
95000.0,101483.60297718985
143000.0,186602.70291024802
97200.0,122969.25552446827
112900.0,118732.31228319081
173300.0,161134.0484195131
393100.0,301432.0563321441
63000.0,83943.08521211371
297300.0,259558.01228971392
242099.99999999997,208547.4343957228
293900.0,305376.122013572
113100.0,150128.7610793794
137200.0,127050.3514922541
297100.0,153127.46908783138
243500.0,240830.50218956187
98800.0,81806.25900395824
244800.0,246739.2003109301
327800.0,278546.98152026464
437500.0,383798.08930508065
163500.0,150845.75873933698
102400.0,146557.81301210995
112200.00000000001,123158.35425634187
165900.0,211720.7375795848
250000.0,267412.977940843
158100.0,171753.03555048187
87500.0,97600.98961833317
135000.0,141109.46297270598
79500.0,107767.45255155781
162100.0,111159.1161579531
228399.99999999997,198942.921069823
140600.0,186868.7839259644
71300.0,160093.1544675265
266300.0,257480.99838383394
81300.0,76252.11120579705
185000.0,222522.1157254135
329300.0,325000.45836974203
168800.0,150144.38451237857
110400.00000000001,147776.5793208012
500000.99999999994,466308.8921200955
85700.0,126500.06679674573
63300.0,51640.67627189625
500000.99999999994,500746.4638146178
183800.0,209470.78530748945
150700.0,135520.8732118122
242899.99999999997,279400.2675915274
326700.0,327005.36913241
220400.00000000003,193807.33195466886
240700.0,219602.4189982922
500000.99999999994,501547.6115088862
98400.0,111111.2721903946
166900.0,200722.8581508831
205399.99999999997,197115.01725947246
90100.0,101062.14891088397
189800.0,181565.20445486848
162500.0,92785.14974570007
333700.0,297880.2500860634
85100.0,100250.7760716362
134400.0,118035.04816227891
144600.0,188708.83300882808
215000.0,196803.93108117027
97500.0,126596.08461892142
210000.0,286398.01171896636
312000.0,318880.9352618708
300000.0,317464.7952055509
202400.0,197863.93052897503
254100.0,325212.05325905076
115999.99999999999,141656.41357848299
167000.0,168051.23173051616
396900.0,377699.96763807075
227000.0,183387.5128576716
500000.99999999994,472237.39294192137
500000.99999999994,460732.7358484324
199000.0,226250.71658810545
369100.0,446175.6885919243
22500.0,117822.51997237447
95700.0,100285.1258421922
365900.0,424038.9061715313
215800.0,229327.15450948197
205500.00000000003,184174.68721769427
500000.99999999994,431984.25572237105
250800.0,212088.41284875976
363600.0,418712.23653344053
294200.0,353054.51783455507
171400.0,154327.94468623222
261300.0,225353.58988921592
114900.0,105937.70995235958
258400.0,208307.94626197094
106300.0,101428.10250729609
98900.0,118581.7754054904
242000.0,216685.78636919052
146100.0,164037.83984068193
154600.0,165329.85639848327
197500.0,219174.2230272941
289600.0,313115.64654035383
325700.0,257550.53044450667
53300.0,56477.74480229554
87800.0,92562.51925921766
178300.0,189299.63700567948
197100.0,175087.75112651868
123400.0,152185.4677224427
292900.0,306120.4336896568
109800.00000000001,133516.93085344305
124200.0,174510.22776476803
57299.99999999999,64385.27078802074
404699.99999999994,363151.536444114
187500.0,290770.2029045843
63700.0,74533.37197896549
101200.0,134886.85758755705
500000.0,490407.35748847696
45500.0,68499.86800513776
463500.0,356735.41378282715
181300.0,244147.77568686238
307400.0,290328.86384439794
371800.0,423196.575863859
56000.00000000001,90422.27685562141
289300.0,202731.5298251741
128200.0,132100.92395632327
271400.0,243606.8030356994
182100.0,193781.41151672293
219400.0,204438.37429585002
78400.0,94564.39674106769
96100.0,111138.93654536495
394700.0,427017.2608268168
222500.0,230184.7545803703
87500.0,113698.54827503864
137500.0,148443.09510683277
246099.99999999997,173601.83289054534
175700.0,172977.67871337596
164100.0,159653.93888215476
132800.0,126724.45008081522
129200.0,77784.17965624288
224100.0,176937.86956587242
103899.99999999999,85809.58033142326
112799.99999999999,91213.32077825966
243800.00000000003,318296.137978273
88600.0,92918.144772587
186100.0,239871.91425046613
186100.0,102930.11733575285
160900.0,163994.79543745262
149200.0,137804.0747526602
76400.0,74128.28783645925
500000.99999999994,421879.1343730258
95600.0,129307.75988370858
237500.0,286916.60925568664
418300.0,403557.6075274801
197500.0,223593.52261724908
66400.0,72928.45577052374
269000.0,344744.93347513257
219000.0,324245.7984453882
156900.0,168042.40715186144
134200.0,153115.19951808956
204199.99999999997,193715.65036060126
218800.00000000003,248732.65724758498
181800.0,267562.98359253415
168500.0,190698.26068665413
299200.0,219116.44420072666
166000.0,149380.34898344072
193500.0,173501.17641028645
212500.0,238219.92526424842
386200.0,295255.0494765924
268400.0,210163.8852512572
128099.99999999999,191454.49063158262
271200.0,334934.74638410955
88400.0,128202.35345399953
101499.99999999999,100810.58687815198
495500.0,386177.3037668005
167300.0,148729.0526371206
141300.0,181278.98819405984
500000.99999999994,504381.91390203073
321300.0,331871.6781358101
82100.0,103814.44871829722
92900.0,130984.07313088527
168000.0,156128.60528358957
135000.0,150279.31048336788
243100.0,205453.04250261246
157100.0,184990.88761041802
97900.0,107212.41762965231
177700.0,182440.59545091097
131800.0,126957.91198606431
268800.0,338872.4000796605
314300.0,240760.7513738097
183600.0,235862.46567548043
100000.0,69166.81084617625
232200.0,257018.61960354517
138100.0,153524.19572245507
162500.0,148395.1135026072
457300.00000000006,306443.756498881
139200.0,148762.93955538058
244499.99999999997,282247.4866020331
61600.0,59146.4688124919
237000.0,203636.43051182656
112500.0,135611.8185067008
122300.00000000001,138699.87094464203
500000.99999999994,289743.65597687004
110100.0,163453.64344716654
300900.0,344698.8846940521
167500.0,136550.47670851662
246400.0,275687.085471656
279300.0,367340.26421680924
413999.99999999994,299342.2139293909
58700.0,56481.76167316307
294900.0,370897.3337982445
365200.0,391850.52640572307
368300.0,340347.9046399818
239200.0,190595.21607017503
121400.0,189988.37308405028
215000.0,220842.36020937184
113900.0,127204.96171125412
236400.0,242343.64037304808
171700.0,191458.53883684115
248500.0,261498.4090820075
58199.99999999999,64348.17462195593
67800.0,56080.07336089899
75700.0,120966.53779723987
178000.0,184849.44547744794
60400.0,57392.3691701522
226100.0,294971.2777646439
179500.0,194646.1660600153
158200.0,181947.31450514577
278600.0,291542.0779334872
480800.0,403896.76101375907
192300.0,187309.51917161007
141700.0,115352.22470035871
330800.0,292636.54237294587
100000.0,106417.2558643018
103200.0,130213.2993208881
53500.0,56632.11892713261
185700.0,166450.6051188953
192900.0,176992.4831211851
256000.0,267333.42059698456
138500.0,149485.2002515349
69600.0,92018.10646998452
246800.0,335412.06970385724
265900.0,296170.298397944
162500.0,122803.40315629604
322700.0,385413.3641336417
148900.0,199659.67562090544
429000.0,469427.32814679714
500000.99999999994,471652.4530191787
254100.0,261677.17499781481
328100.0,362451.00821622525
169100.0,222185.95780984504
255399.99999999997,223591.4545464923
76400.0,97992.70629076032
151400.0,184652.48541515507
311100.0,267198.6573469831
187500.0,189874.05152804256
213200.0,216084.80517474088
208300.00000000003,180275.33604771557
202800.0,228965.49811182686
90100.0,157743.12540467127
92400.0,117393.61803063608
136500.0,107257.8693221681
92200.0,98382.08117703265
79400.0,80134.75038949824
95500.0,102138.29215834025
249200.0,226547.9229526941
111700.0,142581.40932113555
190600.0,164038.50213529865
191800.0,216071.12687196568
500000.99999999994,485220.32408879907
50800.0,84536.95808063593
163500.0,107768.78799354227
368900.0,406289.80562227557
56999.99999999999,76542.08263390833
75000.0,117440.4034005324
229000.0,230096.3898115673
340900.0,362521.5078244157
276600.0,291040.33175791206
188400.0,204847.27957133378
73900.0,72697.18419448035
150000.0,208177.93706054948
147100.0,142735.4282602067
186300.0,168957.1486665996
234900.00000000003,218558.53607853307
122500.00000000001,136423.7068176496
398900.0,321831.60168709507
250000.0,368187.0478142521
113599.99999999999,150186.34065640223
244800.0,256005.33006387175
225000.0,211421.05282126777
186900.0,279005.8334995101
309700.0,351408.5705465217
130600.0,143539.38931470754
342300.0,293386.43311440304
65000.0,82696.41630757204
278900.0,212144.52634389518
168800.0,214060.33698600484
418400.0,357576.3567928033
109000.00000000001,149441.55644759606
160100.0,173949.58638823088
345000.0,371881.6790033936
418800.0,403694.2049453684
209100.00000000003,202845.87083643384
97500.0,116219.47041853779
500000.99999999994,470367.46958204097
108600.00000000001,80285.88428573497
133300.0,159140.48811739337
50900.0,53221.33119934496
311600.0,353005.67910306435
365500.0,370467.6768171713
175000.0,218160.58713080172
170300.0,146432.2595047164
279500.0,290232.60063273134
125899.99999999999,169326.07659887525
155700.0,168580.28363531156
83300.0,95140.04838456625
156300.0,231737.90545530184
214800.0,273078.10035317374
110300.0,90786.52163518585
165000.0,88776.12004346035
349500.0,357390.7927300963
500000.99999999994,504133.0248630053
125699.99999999999,114268.61116564983
193100.0,208337.35112500095
500000.99999999994,502718.03026642825
199600.0,244917.22553783585
500000.99999999994,416837.6397950258
163400.0,193706.01673007396
137500.0,123938.35880093052
121500.00000000001,140063.09158123724
381200.0,374741.42285147234
111900.0,142863.2865787627
57999.99999999999,69949.22054025304
63800.0,102786.48137478688
363200.0,358614.4600700885
206400.0,187111.47963712085
370800.0,310806.0524810531
81800.0,97673.58756156715
271500.0,257516.0794519254
197000.0,217085.7171200155
73400.0,92289.37934176133
301700.0,379651.2172904399
119600.0,130717.92283470237
258100.0,227204.6167950049
17500.0,288906.1199182086
145700.0,157159.27416788216
102000.0,103432.56386136971
400000.0,389769.3545466942
99200.0,97883.40770757738
485400.0,385216.36359033716
477100.0,463781.4822932545
66900.0,51933.35111586129
375400.0,439057.2866726549
169600.0,190112.1364411011
247600.0,269648.6686867622
164700.0,157212.7344751455
309400.0,327193.6675749344
185300.0,178338.63066053588
230200.0,243172.81032028896
156100.0,157860.4825703711
302500.0,321332.8514803596
97800.0,96155.08598011438
251300.0,310920.8474273724
281300.0,281308.8786135197
153100.0,120276.82513814769
355600.0,406516.5690855367
101299.99999999999,108052.25443573414
266000.0,216428.11745585568
160700.0,145024.9345307566
305800.0,301929.43267714017
147500.0,142360.6340162334
186300.0,175843.7311249268
162600.0,184271.72716220754
484700.00000000006,429059.1694878264
175000.0,218218.58993433364
127200.0,129948.1427315452
365100.0,308399.8715583009
236500.00000000003,174672.09426623338
214000.0,210566.16431867005
225800.0,282315.3136393827
128899.99999999999,128585.05212143844
73500.0,162904.99664144756
114700.0,165030.47336954752
175000.0,172351.64576629156
318100.0,213834.09121670228
331200.0,321004.3355218789
192500.0,252159.32053708067
159500.0,143127.9544489734
162700.0,163355.57089906547
67300.0,102913.37534014769
212900.0,174985.42359606014
140600.0,145109.99261490695
186500.0,155513.21056443718
393200.0,439129.61095067975
55300.00000000001,73050.59373278977
409800.0,400122.74645269994
191800.0,207987.78638565497
99500.0,117316.10895007387
175000.0,188117.24092337053
158000.0,141380.30300386786
106900.0,118125.24149600946
277200.0,211655.18629073864
326700.0,286441.8661891491
96000.0,63002.98871883941
431799.99999999994,476652.37840227206
172200.0,195836.63501957658
112500.0,125631.8998828113
225000.0,110778.75373374745
259500.00000000003,264356.1152732533
291500.0,316827.23619357374
50400.0,54336.06845930519
150000.0,264164.2519079738
224600.0,250552.71545728066
130600.0,144965.14744348126
69700.0,96817.10798959131
353000.0,290017.6471533803
231199.99999999997,259604.3213135214
205100.00000000003,178064.24179763283
398100.0,390010.7041618863
141300.0,160075.0861757805
173300.0,154500.96895651298
127899.99999999999,117883.64495020737
289500.0,231629.36760415198
95900.0,112381.02396489154
133400.0,163409.851403955
146800.0,161255.13908352642
181300.0,204235.15367190313
54600.00000000001,81269.5677277703
55500.00000000001,54376.04696976059
150000.0,169060.97515157296
102800.0,90205.86236252569
93300.0,96136.22531290294
123100.00000000001,150210.61776413026
231800.0,138673.06567014373
159500.0,163596.0905754369
108300.0,81989.65235059103
43100.0,53788.24100367615
105600.0,78803.01351040452
168300.0,164060.5064628307
28299.999999999996,141629.3086206108
282900.0,264678.2716564822
234300.0,204591.60139192973
212500.0,114239.48483751548
205600.0,217424.49535972695
150000.0,190537.84732618005
193000.0,188830.9038778006
14999.000000000002,221845.5855650502
170000.0,156007.63525762226
168300.0,146251.52935203147
93500.0,121257.53178641648
191800.0,242619.57078024888
181500.0,218107.26492799018
195400.0,204655.39699809148
121900.00000000001,167149.10797714538
142600.0,162611.34688298486
158300.0,131515.816734567
165300.0,127672.86064764697
155000.0,145680.22165607437
92100.0,104195.18355122657
68100.0,59908.64869605752
276300.0,265328.7434001996
335200.0,395111.2961089089
121100.00000000001,110651.49444617899
177100.0,132833.8190257377
187500.0,188568.9334305432
192000.0,205304.26042055243
301200.0,262294.2041848825
159100.0,153705.87064146952
500000.99999999994,514266.27891899005
273700.0,253210.97321611203
233900.0,251296.58307864226
500000.99999999994,273914.7283531412
222800.00000000003,260881.26421884113
140200.0,143803.72230130513
159800.0,154151.1369338541
118800.0,125455.59988712639
500000.99999999994,392169.7051403356
105500.0,134145.90078124043
217800.0,199087.26363881957
187500.0,226378.17123883913
287300.0,338595.1055475306
131000.0,161637.851427149
55800.00000000001,64856.27015509174
161900.0,180083.60241739603
253600.0,197737.4122297368
155000.0,152316.1726268193
311500.0,324856.86243669334
87800.0,86841.98477608922
105800.0,85118.01698033082
137000.0,168891.2257823345
156300.0,161850.90501395133
154700.0,147813.88060080272
167400.0,159403.8389158667
457800.00000000006,430448.12102080754
500000.99999999994,411990.3466810827
188300.0,235520.78829545548
442900.0,330077.58015273884
500000.99999999994,472369.1511525966
500000.99999999994,502976.6348775891
187500.0,202581.86861370306
57399.99999999999,54230.777653174235
387500.0,222522.44926043064
272000.0,284750.3255710957
167600.0,116179.97709510419
403700.0,332213.83938664466
191700.0,135339.03146810035
500000.99999999994,350996.32615816826
187100.0,186713.9115784761
96400.0,140588.3251262368
92400.0,104776.61443242167
213899.99999999997,193340.50974635253
155000.0,186484.2018355528
133000.0,164396.49113725108
275000.0,173964.50949795314
238499.99999999997,215263.96457044763
158300.0,132784.2572242527
70500.0,71393.0209372988
222300.0,173163.14524682783
411900.0,424873.4060312655
185100.0,200496.09368398087
500000.99999999994,323618.214275844
139800.0,151628.29007235754
178100.0,182688.36200841854
159300.0,205071.60707348498
125000.0,109001.13466207296
197100.0,225422.9254370431
64000.0,81526.1335117866
194600.0,194399.43442817696
162500.0,123334.17781514098
84400.0,50430.46494848239
61300.0,110044.80424784965
368200.0,391358.10964525084
122100.00000000001,145259.09184175098
86100.0,151288.33762290757
209900.00000000003,215993.94474018758
170800.0,156805.17509827163
175000.0,183873.15062237298
126600.0,126769.4281673828
282200.0,289161.4279949508
207700.0,226876.00320026223
104200.0,167366.44085140878
214299.99999999997,353258.25048959826
80300.0,69514.75087450448
273100.0,189048.60005615233
237500.0,205183.69637751384
73800.0,121710.98490768354
184400.0,181321.99144057633
342000.0,333490.0262090014
129700.0,124786.76667778935
224000.00000000003,278109.5673503101
156900.0,133938.049178269
394900.0,296138.325235615
157700.0,179582.6338674512
119900.0,105231.3840176212
316900.0,345024.17201299284
212500.0,261623.6773798337
68300.0,74808.12922346397
165100.0,156862.35218483573
93600.0,96595.14622486896
88800.0,97254.76696287887
184700.0,189215.57753191312
327100.0,333899.73309108266
134300.0,115589.43317539548
500000.99999999994,324581.6824745223
162100.0,168261.86437577268
500000.99999999994,506923.921521892
229199.99999999997,235123.54479432633
112500.0,111557.21312734275
354200.0,271166.9691938683
362100.0,367805.58490681305
162500.0,101070.94340812595
100499.99999999999,126851.33745207846
67700.0,75206.74856683718
57099.99999999999,50285.524313435315
164800.0,232444.9191070944
204199.99999999997,216637.18750737145
342400.0,333605.800752698
181500.0,134938.4921424363
304500.0,316260.9025157431
235300.00000000003,234923.36697230666
105300.0,136389.2947543841
291400.0,309492.10485147557
159600.0,184840.39758130876
111800.00000000001,99777.96663110898
119600.0,132427.57090662725
329700.0,185018.8246257305
136700.0,165406.5069153611
101400.0,86963.85045829197
118600.0,103072.72881654667
133300.0,124642.12561571006
52500.0,59491.14597707639
234600.0,248412.9898878177
75000.0,105261.5100715373
176300.0,175800.71436361712
346800.0,306951.7602712515
251799.99999999997,257070.13260158073
54200.00000000001,54889.77090431452
67500.0,139445.8792974308
142500.0,163373.03920467355
101600.0,111346.1555033283
227300.0,305462.6528984303
337200.0,415822.51252969913
118800.0,204275.94002985663
67500.0,93359.77873362828
202000.0,228360.515403715
94200.0,101384.08013807352
96200.0,86402.74978696843
225000.0,255556.01115256108
258700.00000000003,237878.454558915
103099.99999999999,103825.68131280133
117200.0,125904.74156065987
164800.0,152795.6526278385
144000.0,151031.77810928112
500000.99999999994,454642.6888511332
155400.0,141686.92778751862
114700.0,116131.32893250717
123100.00000000001,147489.85179547497
226799.99999999997,173159.12251305426
180400.0,155584.73387475483
310900.0,401792.9931015204
148800.0,159820.32626564256
84700.0,102049.78166451151
63700.0,80001.12297920395
262000.0,243016.5984674259
438100.0,425616.3574939187
226500.0,212523.58812630124
87600.0,103206.70824563071
345500.0,375675.1276843891
140100.0,119223.92732387091
366700.0,344040.8294745957
270800.0,263733.27737043134
168800.0,201067.12339341323
293800.0,401404.46471359686
251799.99999999997,269879.80065425806
85100.0,91136.7915697937
267500.0,315817.31381200615
140900.0,153485.87069724884
285500.0,175888.44998330265
151300.0,116481.00520049225
225000.0,290932.0962948615
44600.0,61384.722128291665
450000.0,263797.8567467522
229300.00000000003,254840.7745874829
225000.0,52637.33088119319
138000.0,184866.18702746058
96900.0,79252.19501442606
161200.0,217450.58643479765
144300.0,131433.8598933054
450000.0,376902.52044555306
122500.00000000001,142325.07280556814
248700.0,247944.028190855
134200.0,138372.127233904
348100.0,379885.4135122267
78300.0,104552.95790029521
107800.0,90009.30329287515
146900.0,149247.77410021305
188300.0,185954.28168596677
162500.0,144841.76868804253
58600.0,59200.942679238346
183700.0,159654.57790959545
180400.0,185835.2025777001
175000.0,140696.48231372217
137200.0,200366.2265121164
110000.00000000001,247277.73188954208
233400.0,237346.97791183548
128299.99999999999,123817.37777575069
350000.0,196625.24674175703
155200.0,164159.19552839047
256700.00000000003,275131.3148624297
85900.0,94527.98060700479
73200.0,77101.38743597848
258300.00000000003,244402.89563210492
62800.0,88160.06376639976
484999.99999999994,354180.2175501276
124000.0,127399.39517299112
158500.0,179880.9874723705
97300.0,120708.24116059368
186700.0,192343.55206788937
344100.0,374267.44785217644
166700.0,148296.45397836796
108900.0,117048.09298267086
482900.0,474698.12014433776
204400.0,274298.70845425606
230700.0,231823.98568294826
53000.0,71749.22513885617
178500.0,153712.60554527107
500000.99999999994,389741.5851126217
500000.99999999994,412615.40329502354
84900.0,70135.6785270088
500000.99999999994,400745.6826750599
246800.0,257958.6739828009
156300.0,154934.87122154556
234600.0,182017.26523705418
48800.0,70855.14148926297
145800.0,165493.02459274174
271500.0,280336.26281343604
500000.99999999994,436024.2234908882
87500.0,131719.47731079938
69100.0,50934.72435887337
139300.0,138382.67646153495
273400.0,260149.11916139245
229700.00000000003,205050.20502405352
68200.0,72412.90938214638
114300.0,129542.65680965783
159900.0,232135.0255630381
116599.99999999999,112327.63158090963
209900.00000000003,203697.57702535787
68900.0,63994.66881489426
101400.0,108540.26447426568
214000.0,215117.18387354896
355300.0,335272.52847602265
90300.0,141250.45109306468
159300.0,165299.40634547215
63900.0,68751.96804563893
218200.0,224077.55976764936
253600.0,261577.91418853196
81300.0,112103.60746872891
188600.0,200937.95819637168
165400.0,234687.48645124238
106300.0,131677.20139716894
210100.0,209397.7032147843
147600.0,149149.2389857197
112500.0,270045.5329859476
175000.0,155789.19368076324
156600.0,174270.31623281032
117300.0,148928.3050208559
229199.99999999997,192645.74017439462
350000.0,179503.7189647119
171900.0,198256.4491563057
199300.0,190071.75075507798
251600.0,292046.64447662653
300000.0,338736.9193308304
158900.0,162762.57296385674
216800.00000000003,231390.08175357082
198000.0,217231.56280413555
356100.0,420975.0885695953
192300.0,238378.74021018876
314500.0,271164.05055383965
50000.0,69745.63794078863
162500.0,172522.7335811073
167100.0,162434.39120841038
138800.0,122539.90575147963
147600.0,166990.26665376854
238499.99999999997,214243.12969664493
110700.0,142113.97836341764
333800.0,336071.9193767819
192100.0,198202.90661934196
294000.0,229821.2678411664
154500.0,148127.63115263393
151900.0,156003.05630565094
500000.99999999994,510307.76074056263
322900.0,259636.02647069131
165600.0,243822.76500784265
221200.00000000003,192021.80069241094
170400.0,172721.80218185662
198700.0,210152.25439896272
162500.0,145864.87118890954
411200.0,409961.5400466114
335500.0,332881.6533080056
149100.0,129577.16126330441
381500.0,438010.9180371352
183900.0,196854.9742396469
91200.0,126301.90163941126
411500.0,428360.4041738936
220299.99999999997,246422.6348358831
158100.0,156686.2571142088
69600.0,78831.91769335394
270500.0,290660.7443332516
261600.0,264438.56499298173
389500.0,316961.0668136636
75000.0,115796.86356267282
177600.0,197156.74355124275
170400.0,131833.1875101261
154200.0,147732.2212662657
131900.0,143044.42220332482
44400.0,61114.27686020154
145000.0,142706.05951440698
224100.0,281174.27780122677
187500.0,210419.7643502572
192900.0,215620.97485330954
88600.0,94767.42112450437
183900.0,167995.039106479
225000.0,260226.93361908826
182800.0,135713.83507848284
137600.0,159359.24101791813
265300.0,251370.47563694767
36600.0,53241.564401752184
125499.99999999999,163005.58507298227
138600.0,156986.2713225379
487100.00000000006,378095.8973754754
178600.0,177985.740934435
134500.0,158950.7463023334
306700.0,345042.1388167834
115799.99999999999,160738.31181915296
91400.0,153654.09177559556
210900.0,194883.32319699498
259200.0,272248.19393523654
347300.0,356675.14873602724
168400.0,192238.3946578844
150900.0,152851.71983108472
113500.0,122057.23138775899
302600.0,302296.0262136611
423299.99999999994,318380.4016365587
492199.99999999994,448201.7618915181
190600.0,189917.66296031265
245000.00000000003,174627.04313795993
55700.00000000001,84345.15022220879
84000.0,113510.25493416337
275000.0,291556.97016179515
189600.0,181100.67004115277
275900.0,239758.7999992676
319800.0,347339.0508240611
291700.0,271420.9556113859
67900.0,72990.03909506205
189000.0,186889.3446192213
90000.0,113624.4728911776
335000.0,371284.10186396004
176700.0,157936.22515904543
98500.0,118708.64051325922
200599.99999999997,203790.9937203784
60200.0,66491.03089329362
191900.0,192223.79594327701
191100.0,219019.55771398862
337300.0,319623.0316393219
225000.0,349273.9626556109
290600.0,246565.9061762109
121500.00000000001,126229.2619353958
293200.0,338882.0716533572
107000.0,120109.15038832318
266400.0,208322.25580748764
76900.0,100029.69587158639
220299.99999999997,152469.71485004944
101099.99999999999,114473.89940881223
474600.00000000006,400647.09256015543
65300.0,81290.41136398034
113700.0,121293.77824022842
214200.0,219053.1704786472
216699.99999999997,216755.28316513114
198400.0,189021.48691278347
212200.0,205408.53333097143
222700.0,414344.0861799585
265900.0,206934.75122098776
37500.0,79658.61442233577
265000.0,255699.81129628164
108700.0,115251.35101408711
46700.0,52235.349889763165
187500.0,213398.45665412766
61600.0,66066.31907231532
343000.0,356371.3460592188
166000.0,208061.8613364015
500000.99999999994,314175.88990611496
137500.0,184189.9285495283
90600.0,85037.63736527767
77000.0,75503.60166710855
148100.0,157739.5682005018
91600.0,131276.48868190986
150900.0,190699.59264889348
155100.0,152822.82856830346
89200.0,97002.98463209346
215400.0,191454.7200270415
55100.00000000001,76905.79934060696
197400.0,192545.79889089667
154400.0,167222.09080117664
141700.0,162988.33949196132
98400.0,88256.52152127642
152600.0,148954.00468618693
109600.00000000001,129619.64833870372
171300.0,183079.20496180258
104099.99999999999,101349.2666312116
153900.0,160439.65887705024
270000.0,263530.08649936167
286500.0,284212.2287801341
335000.0,282941.80587934
137700.0,148321.8239832331
231999.99999999997,230421.7333339277
393800.0,374082.96161276713
70300.0,75722.27145500453
141700.0,142592.92734353113
156300.0,156011.95590153246
450000.0,376818.40138069156
199800.0,175005.44825759923
95300.0,119566.64148240506
86900.0,134650.7425289446
187500.0,151734.53360521153
221800.0,237090.4493159434
58800.0,80263.42852048881
134400.0,184557.2518671262
238600.0,221127.7968335967
160900.0,181988.82359038276
136400.0,197190.51224736945
144000.0,153162.04290115138
159300.0,172567.8399910206
155300.0,163158.72071199142
142600.0,185956.34763154847
120700.00000000001,120416.27266249148
126200.0,178509.5333374571
213400.0,200667.25621455812
116900.0,135889.13977113445
185800.0,160086.8475284537
356000.0,409757.08463723795
150000.0,130454.32621236952
88900.0,94164.4623885457
259100.00000000003,284947.2127639031
500000.99999999994,407927.79620768985
127600.0,115735.09791234892
69900.0,91146.92193477765
137000.0,205582.30139947394
273700.0,281443.66881000856
92000.0,101039.51294993043
118300.0,155950.10286049327
410799.99999999994,471395.85952481907
100499.99999999999,107076.60298440946
492900.0,389195.3732569727
118500.0,118665.90546373924
113500.0,118072.21575295551
89900.0,157434.42806925732
500000.99999999994,439441.568524073
500000.99999999994,503676.6703422607
146300.0,287442.0894435478
113500.0,110611.34108158729
275000.0,242863.544659269
102499.99999999999,102474.963644442
147100.0,170848.1253260176
225000.0,186783.28515178204
139400.0,153574.46229481636
175800.0,169135.2468238479
56999.99999999999,78870.81541145063
269600.0,172846.7879032935
272900.0,249410.49608484015
76200.0,80542.36659366239
484100.0,425062.248454854
180600.0,155663.64332778155
238000.0,213791.26345322997
137500.0,115167.25542789247
186300.0,149137.2822642669
192900.0,238841.73315391567
84500.0,68169.55038240559
107600.0,147690.4885791113
55500.00000000001,72133.14806031728
265300.0,231059.7974384607
388300.0,390363.76003849955
482700.0,405638.00930146175
198100.0,223784.38896470144
92700.0,66158.99580662111
346200.0,389370.61702574784
38800.0,71588.86942544508
56699.99999999999,62157.69796686095
123700.00000000001,197805.8266255591
93800.0,81963.80129554514
93200.0,112656.82655692448
44000.0,67235.39140025302
69200.0,107561.92611934322
301800.0,285262.5360021345
254199.99999999997,212362.93541858016
209800.0,244615.17607628042
184500.0,192198.86010511257
73400.0,91210.72152842356
339000.0,346537.2712327042
93100.0,100541.66872670717
202300.0,202895.84634826882
133300.0,77477.6302924654
270700.0,274831.71197969146
240200.0,327939.9313038606
139300.0,142064.91763271965
56999.99999999999,69162.25336695355
170700.0,131332.75970859927
119200.0,130637.37396069056
177300.0,160439.63461791482
289600.0,321200.28457982704
297600.0,288421.45455243456
109900.0,132833.38738707823
147500.0,161011.73309795407
78700.0,90342.2113039616
160300.0,174550.5942105572
77700.0,106560.02292318824
473500.00000000006,489140.6070839862
500000.99999999994,466089.39362725895
133100.0,139711.99450432727
93500.0,72262.62289218824
280100.0,260938.35291331334
256700.00000000003,242799.11148521843
288000.0,253616.96741913783
161100.0,152387.8125370116
137000.0,175912.5889585943
62000.0,98054.16899414583
443800.0,454526.2233757695
68300.0,73389.20820464731
262100.0,259728.1437072838
109400.00000000001,120456.16470421696
409300.0,371995.16654504184
175200.0,183434.0930752323
147700.0,188256.10875983263
287500.0,208004.13943349078
93200.0,122181.51501565102
93800.0,150672.9797784408
172400.0,160479.02066623198
318600.0,341306.3082160567
185200.0,166946.23418148537
65200.0,72674.35224879581
179700.0,131788.49681405223
159200.0,149281.8391511409
151900.0,185934.75324882954
71700.0,121072.07079932952
245200.0,158071.038630095
228300.0,364513.1004398014
196400.0,192585.32747330202
192400.0,174115.44336067268
65900.0,55621.35993125037
282300.0,196383.6800075111
185300.0,193168.21372179798
88600.0,103756.58356057724
67500.0,96258.70633791396
143400.0,99876.43171138
119400.0,114507.24206088635
215800.0,275500.73044321896
257399.99999999997,258685.96348675183
373400.0,289301.8222873343
152300.0,139754.41129086315
245699.99999999997,229811.23776220344
80000.0,83574.0102619498
137200.0,120259.98710286299
266900.0,236617.853940851
395300.0,412286.7303709133
222100.0,218734.5646022867
500000.99999999994,327795.05115526373
500000.99999999994,412136.9101872116
232900.00000000003,229014.26701090083
259700.0,326561.27906940633
215700.0,201667.4837742611
243200.0,220215.23737093006
221400.0,189942.8711077641
112500.0,113563.0364742588
388500.0,241786.36662720834
409999.99999999994,386615.6499000542
163000.0,192763.12348165218
500000.0,457538.43129077647
231300.00000000003,252658.33858946638
76100.0,77499.73123633981
458600.00000000006,336109.76588075474
366300.0,323588.20214997954
296800.0,268382.37245605316
58600.0,55248.288560185116
84800.0,84226.15235211281
117300.0,189669.3369022451
126600.0,127944.95634572282
170800.0,160039.8715739812
149300.0,138391.11621454303
119000.0,125576.55877317728
375000.0,361100.06892830174
284900.0,298666.49993081583
170100.0,128093.48008854208
500000.99999999994,370143.2727029823
98700.0,130179.47232473464
60800.0,65624.69682409383
142800.0,122236.04333408944
223900.0,222804.0001166185
137500.0,199017.8669495357
297800.0,332353.1358100683
112700.0,123201.74822307852
113300.0,92840.48351748266
121400.0,138951.679141255
248400.0,252082.20161896193
407800.00000000006,411199.17555229366
356600.0,378066.63607519574
106300.0,95720.92577962282
121400.0,121031.31772928018
240899.99999999997,195587.4798673433
247100.0,188445.54735325655
137900.0,104375.01123480448
86300.0,82588.49829300058
500000.99999999994,416890.00265653763
216299.99999999997,231368.19603388297
305600.0,363695.0492340604
158300.0,178138.03285415642
452100.0,452587.0617909223
95000.0,137014.19497879996
105700.0,92516.14516248635
84600.0,87047.19376914094
240099.99999999997,196585.49282654814
162500.0,142133.13838907483
96600.0,108108.05467589785
92200.0,79083.1140831501
228200.0,198666.676448319
113700.0,144479.5939171106
69000.0,74993.26796732051
500000.99999999994,448731.75064310955
225000.0,234877.46095078913
174000.0,154901.80155000256
500000.99999999994,515654.3340794368
252999.99999999997,286368.11188942357
277600.0,361403.07332062913
285200.0,282931.73811212246
90300.0,108860.82345176865
189900.0,224265.13625651796
316600.0,303001.8257393498
301900.0,294344.2062509966
93100.0,93017.48535450344
94200.0,99994.3690973888
213800.0,214227.0899874933
187500.0,168660.1533602434
500000.99999999994,434254.976342905
325700.0,328887.3602971693
300000.0,238603.9319287223
143900.0,161835.8592454009
500000.99999999994,501388.6662534314
264100.0,276990.64754438313
62300.0,92568.92256292005
138800.0,127473.96134446672
105400.0,128047.60440238418
63500.0,62987.92529183271
500000.99999999994,222474.12826574367
97800.0,103847.46959243776
127400.0,136173.5869334479
135300.0,156986.94244838998
156100.0,143578.31280466818
446800.0,440870.4875897546
65000.0,89049.82050047569
151800.0,153635.7897768011
192200.0,180676.3162268959
153100.0,215895.806911444
165800.0,183769.7092500277
254199.99999999997,245586.61251202374
234200.0,273659.7822072024
112500.0,96899.71723718774
118700.0,128011.08706891903
240899.99999999997,245572.7991329848
283300.0,350300.5938847933
450000.0,114566.78670433036
52100.0,60338.0114094985
55900.00000000001,70889.18474071144
88100.0,114792.75891901809
248900.0,235300.69052140068
68600.0,120919.17014366141
156300.0,171451.6652953062
272700.0,336185.8901095163
340400.0,362365.40692638943
218800.00000000003,206824.33498696738
70100.0,72764.30924608419
500000.99999999994,352300.68460117065
162500.0,218963.09885464434
111800.00000000001,107597.5800259829
110200.00000000001,127519.67157361216
74200.0,56924.513165200246
103200.0,112893.62975023547
172100.0,202009.8394239751
132000.0,121077.39578944612
166300.0,124811.70771557745
107300.0,86261.85741771404
107900.0,102561.19797713756
94600.0,111054.20728076619
66100.0,110297.09630561744
158200.0,155994.45606340122
95800.0,82375.70221190593
117000.0,115561.67197370986
170900.0,183167.3530438201
92900.0,100666.30599916162
162500.0,149072.86632139192
193800.0,161607.35556229865
134600.0,108307.60146900016
123100.00000000001,67845.91763737568
115700.0,132270.22314792938
83500.0,108706.5591987857
62200.0,60592.17395005501
74400.0,88221.54255097444
180100.0,165748.41093584485
195800.0,207590.5980596888
500000.99999999994,481635.23708288185
144300.0,159018.42589190017
125400.0,96857.40777881953
80800.0,90968.12142379252
65900.0,70822.34022616345
157900.0,178282.28104170237
500000.99999999994,273489.49175727565
180800.0,235237.33836903863
236200.0,270119.27839438594
103000.0,116955.21871228502
216900.0,181230.7667845276
383300.0,303896.9992512903
500000.99999999994,317636.6434212785
83500.0,90836.55394652158
214400.0,211356.16831959243
100000.0,99422.46380349006
78800.0,87624.80976153538
97600.0,111860.90021430614
178400.0,218496.20454248303
287100.0,314240.84822323953
270100.0,327411.20038639347
185500.0,198057.66307902677
90600.0,135809.72246711925
213600.0,187787.49680007226
124300.00000000001,123132.59458705159
204999.99999999997,105746.87159744238
256700.00000000003,264442.08577573654
392700.0,426093.2576675204
133300.0,133623.34702484388
187100.0,161845.53303558956
255399.99999999997,293596.8705941417
347400.0,317349.04239347874
171700.0,158748.73548661917
112500.0,183988.3776240009
82600.0,73989.91724096813
48600.0,51435.85739755138
134100.0,189479.1938295911
225800.0,205284.9965787047
500000.99999999994,497273.7525889215
470000.0,482931.84599986416
225800.0,243862.29752196578
158000.0,214499.91376382916
117100.0,128327.80337790897
416300.0,434739.86218893604
120800.0,109232.33596913122
226300.0,233858.38310723045
122200.0,136526.9079143196
100000.0,108546.49705987358
229500.0,202758.23646169892
195800.0,87578.73308686128
85000.0,167231.617347112
264700.0,200487.8733524713
455500.0,462804.01723321964
176000.0,166254.30175369894
81100.0,86909.48448622532
166400.0,183985.2530769433
82600.0,85304.41634158701
272200.0,208991.44003505458
271100.0,315987.2436043626
239400.0,244795.15417829467
171800.0,179948.8050133006
121800.0,99165.62687397074
173600.0,174991.74805581532
239299.99999999997,254884.2888348911
58800.0,77425.02984323313
287500.0,243754.5517421802
70700.0,109950.50023060256
181700.0,176577.83612206503
113700.0,124863.01829627158
224100.0,241352.41127638097
351300.0,421748.7272721653
301300.0,332136.98794504686
80700.0,155342.91656822123
152600.0,159382.52451707667
237400.0,257145.14213116065
179400.0,176782.42121057725
500000.99999999994,522920.3217536149
170200.0,208633.91559428078
165300.0,158565.34345834714
225900.0,223551.90488836818
159700.0,146047.47352058254
363500.0,398293.4993588257
132100.0,125334.36684274954
376800.0,437027.350647884
96900.0,80822.74032772126
316200.0,411213.45344571484
323800.0,335797.377235602
387500.0,411487.62135971274
149100.0,153573.142295055
500000.99999999994,503644.09842733626
225000.0,136850.35028080447
178800.0,191891.22787498243
87500.0,122995.23513640353
130100.0,115811.084852488
500000.99999999994,440081.1210751867
349000.0,300460.25028247497
73000.0,79329.93180944765
244700.0,301840.7758633834
275400.0,249782.18437994207
246200.00000000003,294976.16929058125
236200.0,196226.4616287688
232200.0,296212.54917622113
53300.0,56128.307379950995
163100.0,121194.0669167947
72400.0,82605.95201532716
234500.00000000003,197950.76452705346
150000.0,181190.32939428804
116100.0,124854.18934934762
181300.0,188151.41724167124
121000.0,157569.30713463298
88700.0,100443.05597892213
182500.0,187837.67611581946
197400.0,227499.2159894174
128099.99999999999,137360.7536831026
76500.0,92993.54440451128
300000.0,314847.53492765117
500000.99999999994,461132.54301608837
160300.0,156344.35080046867
335600.0,351540.2063601032
157600.0,155014.07783329018
190600.0,224001.58391618016
180800.0,183804.844076996
104200.0,134485.59125822355
111800.00000000001,128676.7295160064
194100.0,177892.08111252866
253799.99999999997,347930.9329612976
129500.0,225006.31650824542
117600.0,160318.69223382155
339800.0,335172.75156845717
342900.0,295028.9098375542
195500.0,200484.94129463338
83800.0,79827.5837079234
94200.0,117700.25224794942
140600.0,119065.50340699466
160900.0,215797.59484948564
169300.0,180946.79168075172
275900.0,257108.8469362491
146200.0,161362.03351387833
202300.0,185863.66593495896
154000.0,133424.80818783995
135500.0,134905.67872738108
235900.0,225807.1174953222
128800.0,130073.97382749965
249600.0,199717.67284729847
300000.0,298847.7452388857
134100.0,175116.033613535
308600.0,371055.17836613127
350000.0,351077.0731833527
110800.00000000001,122782.59942233398
190800.0,206628.24987657715
108800.00000000001,88227.18809608849
144400.0,149637.6253934374
162900.0,165426.81608061393
163900.0,176639.9712555791
98000.0,96550.33495987668
132700.0,141869.29898827994
283100.0,270458.3535414102
407200.0,383905.9588078216
248200.00000000003,259240.13519785536
64500.0,80668.64323348402
500000.99999999994,337061.49745122617
194400.0,286521.13480347494
137500.0,163743.63535315913
127299.99999999999,122011.19081216319
85300.0,101000.83518215947
194900.0,194698.13191859858
221099.99999999997,260265.89022677988
192200.0,192005.53669486093
404500.0,347669.2239813296
73500.0,81052.88400974742
233700.00000000003,219553.15523138025
118800.0,108512.47742270236
70000.0,99791.74863416146
182800.0,161024.2345929057
500000.99999999994,456977.1774312629
157700.0,203314.55336022095
247900.0,236024.72719875307
500000.99999999994,440462.9398302626
357900.0,317412.2074069915
56899.99999999999,61863.296631338766
302400.0,330620.85285016266
125400.0,146051.23870418474
386400.0,328191.9621466165
175600.0,137473.39891336515
110500.0,125468.81500762913
386700.0,462945.0317166771
137500.0,147799.7955750386
228700.0,244715.85762813783
149400.0,194145.0907009345
73700.0,65902.89040732985
500000.99999999994,412583.2805084857
132100.0,118826.51097932391
86500.0,105013.43719218008
417900.0,353513.6785685128
172600.0,153304.3554183496
99700.0,91233.59843200476
72500.0,102512.3268720959
180800.0,189446.2075682735
308400.0,260968.3601457557
288300.0,281946.5891315948
302200.0,319181.0250369203
288800.0,384990.3504110737
100000.0,149688.09307225197
233000.0,207491.85099894844
136900.0,155619.52902622044
209400.0,247497.2273609488
246600.00000000003,283875.8492581711
65200.0,127447.42231103161
491200.0,355437.0486712418
356700.0,317773.96028945356
164300.0,198482.63438280873
88200.0,88765.49402397012
155900.0,144415.43218752288
191700.0,174879.7430516825
84400.0,160450.89544137308
190100.0,245452.1791460151
112500.0,89039.92202786695
115199.99999999999,179575.8423939582
174600.0,187953.14890207036
113500.0,132060.92990467697
152400.0,216357.6617826584
250300.0,237321.43358676694
183700.0,177100.28654354412
500000.99999999994,357313.6165875346
310900.0,314035.75401364337
230600.0,192683.36451550483
68500.0,104013.8034604473
267400.0,273298.7148338002
145300.0,171815.78192835193
282000.0,279700.45574203914
282100.0,143403.17277044157
189800.0,191414.5485999037
254400.0,229651.03343827522
161700.0,176626.78593402926
188800.0,177803.83817582196
500000.99999999994,403566.65275031823
94400.0,87874.80474519431
342800.0,293290.3589044958
191500.0,274562.9513876217
209600.0,229544.06921338715
235000.0,196915.00568109576
231400.0,344796.23698219046
130200.0,182216.4893043419
208199.99999999997,185802.25622956557
500000.99999999994,506099.4673027808
168600.0,191224.66771674858
228100.0,192094.70676632193
126899.99999999999,176598.6977373664
135500.0,147360.25189672151
156700.0,169240.7464127383
208599.99999999997,202569.1934479157
436700.0,249391.46182662784
71000.0,54298.45817949221
88800.0,87516.51232821123
341600.0,344789.8853086772
120200.0,111673.4589662715
148200.0,149324.59826120952
500000.99999999994,457921.24216279626
375000.0,229718.34310238302
137500.0,147820.0894034294
64800.0,109018.49427491949
231800.0,262444.6193928251
160700.0,155443.31053713968
250999.99999999997,224722.41186210178
142500.0,174176.01466209174
176500.0,179883.47278596362
177100.0,223340.02512832056
311800.0,341876.6879156887
84600.0,111259.79761080552
122600.0,113589.50290726195
198200.0,213134.36998785686
500000.0,458897.48120151466
279800.0,292427.0132123286
195000.0,203133.8202407844
202800.0,173899.7844407207
354100.0,357189.53487156983
259500.00000000003,256763.993309341
500000.99999999994,356512.4778428191
272400.0,292678.1252086554
183900.0,159980.05051690608
285800.0,259061.03374055005
225000.0,210731.20358574262
292600.0,254418.69085112165
55200.00000000001,50418.16622265201
262000.0,209091.15426962948
158900.0,147497.00624862156
172100.0,194098.6427869236
191700.0,192818.62504515564
225000.0,224684.29508063637
108300.0,115386.1816249996
113599.99999999999,96794.46355638957
100000.0,130297.22683357068
191700.0,202575.32990598326
117200.0,105280.32954256836
110600.00000000001,98506.03243319072
80200.0,96770.90381312602
98100.0,152917.6068871176
253799.99999999997,235771.76159554502
48100.0,53450.3457862341
192800.0,150087.18068400052
132800.0,115434.96478300652
196300.0,178551.88811560313
320800.0,277129.51459845615
319400.0,339439.9274799208
203700.0,278673.1643002987
207100.00000000003,234814.66192275268
79900.0,95463.97420284468
500000.99999999994,463138.07425922336
330000.0,232659.04035515897
139000.0,143012.52203024013
187500.0,193694.41482265445
448299.99999999994,275600.131908123
176300.0,185152.09718163265
175900.0,108059.53878191448
104200.0,144679.20855706948
162200.0,173337.36033980796
166800.0,178510.93091376673
161200.0,150079.37569047624
153100.0,156889.84196848772
156900.0,105897.01984269542
158100.0,177141.19677260396
76900.0,83034.12645686978
165400.0,161153.4672394976
73500.0,169722.5986767257
118400.0,110928.97534781208
142400.0,165206.31018756467
280300.0,290011.40488473256
107200.0,140140.95707196425
183300.0,176627.34134683444
98800.0,66015.4201239509
234500.00000000003,200675.10064704256
143500.0,153737.57473333177
108000.0,141005.4774267648
97800.0,91070.93835684487
70500.0,95995.91832658295
225900.0,166898.92598175618
239800.0,241903.8625602164
136400.0,186715.41036530703
180600.0,165294.9165306379
239600.0,226393.65057598407
265700.0,257987.24536232694
204199.99999999997,183479.0168328975
122500.00000000001,159007.3056122877
204000.0,264969.7440387442
195300.0,181154.95940371332
215800.0,216570.5919773932
500000.99999999994,478637.3117017573
75800.0,72709.75851722588
265400.0,309076.04704167676
273700.0,358724.47198293946
116399.99999999999,115033.20936656029
59400.0,75392.75381768525
137000.0,101626.789181952
119200.0,77449.13819324145
244200.00000000003,275511.23370182246
170000.0,168829.83360145593
280300.0,385072.80738709186
285000.0,354476.4739447872
102600.0,160677.54421265455
120500.0,107313.13716267838
361600.0,423471.2412756942
455300.0,450371.526378513
213400.0,241715.76792980917
158000.0,199660.3700239773
217000.0,204841.70789555687
63700.0,68656.050088456
244300.0,293922.8513407618
151100.0,177214.12175065815
110800.00000000001,104561.57859299127
433800.0,458523.06564201874
72900.0,88757.5531573156
108500.0,143607.4699808273
452600.0,425847.98362520145
467600.0,456271.94112226943
263300.0,248080.57561816424
266800.0,178262.1934023576
500000.99999999994,504723.7803035789
72300.0,61804.838223557126
151500.0,176984.37354895758
