y_true,y_pred
47700.0,103987.77119205352
45800.0,109212.56601683736
500000.99999999994,353718.2248229169
218600.0,240019.82018341933
278000.0,167465.98992070506
158700.0,214918.2229021005
198200.0,222560.6854406787
157500.0,170123.1093952223
340000.0,242510.6629309662
446600.0,464752.08464274934
123200.0,112528.54581024883
253900.00000000003,176378.37129396453
215099.99999999997,164740.5388893733
220500.0,171227.21797335174
219800.0,227138.66981124986
136200.0,169767.6296747471
178400.0,216992.88426288174
187500.0,198172.6829180055
139800.0,168555.75804204113
137500.0,92638.90477923748
425000.0,348618.3157877253
405600.0,310896.2350938741
138800.0,218690.67916776557
500000.99999999994,349530.70593091706
162100.0,195245.6978781881
51400.0,89547.75337326566
151300.0,175947.21036204253
94800.0,163594.69440979126
204100.0,161127.23541603566
361500.0,345699.85495977313
85100.0,134811.10706170605
138400.0,128292.16841046927
137500.0,217285.4239808996
465000.00000000006,420659.34578140534
271800.0,188267.11346389962
239400.0,222701.22884558263
340900.0,236953.6064835091
150400.0,166976.72446890868
128099.99999999999,138699.54971386248
156000.0,164754.70143110614
258100.0,289052.42786175554
90500.0,165250.023921653
71300.0,133421.73185123454
219700.0,228305.286376866
151000.0,169775.18439683918
290100.0,154933.6887728601
142000.0,168272.07872003186
291500.0,172569.5781598998
255399.99999999997,207446.84462216825
98100.0,163164.3866092567
251900.0,223518.97388513165
162100.0,192618.13701998242
129400.0,164477.58886113932
89400.0,92196.22574350625
150500.0,164865.8021971431
133800.0,240017.4693560157
80400.0,105779.14367761927
211100.00000000003,210390.02566922057
255600.0,229703.3638032159
214500.0,249213.2213626354
500000.99999999994,348618.3157877253
202100.0,146321.12922068447
81500.0,118398.36991044275
98800.0,131432.9940336541
281900.0,292351.08478094795
184600.0,170463.88805589257
254700.00000000003,128328.98262821186
143100.0,180165.77829238298
162500.0,160188.02484919727
142600.0,164112.6473347843
85900.0,158702.10917811468
186900.0,204034.45501244636
71300.0,165596.84318622568
174400.0,187365.54140666922
225000.0,164893.6689516509
146500.0,180591.05593511366
405000.0,347275.1178049575
189600.0,176272.53088584632
164400.0,186851.09386963586
337500.0,180140.54462901258
72500.0,103310.85699179082
143800.0,172361.86863607875
160000.0,159662.411109425
118100.0,159902.63548147114
374000.0,396576.7321950054
202700.0,222343.16409541958
96600.0,106909.68782389892
65800.0,115613.2608999801
167400.0,169377.39116902542
179800.0,167412.84989760307
96700.0,146309.9359827062
266100.0,310896.2350938741
91100.0,106108.9897107377
49800.0,104824.44637880097
90700.0,136531.34519867058
115799.99999999999,123562.71300580373
278600.0,316831.33376941725
250000.0,182821.30398794333
85000.0,205664.74236474387
177000.0,191154.93400547688
99700.0,178554.03035473832
357600.0,468309.3033729861
475000.0,300604.97162290313
273600.0,289052.42786175554
182400.0,173799.53894240584
157800.0,167876.04791703253
193800.0,169756.18852633235
333600.0,247326.27075313992
264600.0,227004.1084903919
58399.99999999999,92638.90477923748
173400.0,152628.91757874386
214800.0,229162.1419799567
200000.0,326152.1286632888
422800.0,389089.32159675745
93600.0,219990.5951578481
122200.0,166569.58209164598
167600.0,164893.6689516509
303600.0,262443.6420192691
269300.0,225879.56512906725
264400.0,215400.7115593661
191000.0,158924.31914974452
153800.0,165798.4336009684
275500.0,271393.1158917729
208800.0,145062.82609425567
142300.0,130224.62275241523
63500.0,130307.36432071417
95800.0,106108.9897107377
231700.00000000003,187013.94858908094
221500.0,267052.75739591604
89500.0,285930.9785651246
225999.99999999997,358128.46260232164
500000.99999999994,487432.28143746906
270200.0,229856.23373644706
59600.0,96005.1999484938
193300.0,191747.35275509462
133600.0,164477.58886113932
161900.0,244574.63251450856
357500.0,289492.4100973771
276500.0,203750.14864140603
410700.0,260621.07983990482
375000.0,199964.48105056168
135200.0,122363.9780040557
167200.0,161723.46943301105
252000.0,153165.13846081845
308400.0,401638.9439698346
172100.0,146887.07652170607
500000.99999999994,360656.6483377674
193800.0,107280.66595905146
105200.0,92638.90477923748
90800.0,155658.4941096274
168800.0,163387.14910423945
162100.0,165623.06113962774
161200.0,195103.57699759572
137500.0,161024.35893225318
289300.0,348147.12605787
278700.0,281105.5127091762
161700.0,229800.5938324923
231000.0,230177.3517994765
87500.0,92638.90477923748
95700.0,127609.88749504896
240600.0,271459.3531683631
214100.0,171892.21917984184
428599.99999999994,396131.57846050157
125000.0,135613.2314278555
76400.0,106909.68782389892
263800.0,279131.9698726701
120400.0,150005.5698767284
109100.0,118160.18550276727
170600.0,168717.2795717067
257399.99999999997,244052.3694578305
320000.0,331128.89544358436
289600.0,228070.55000939735
307300.0,308429.1265215306
325500.0,292807.6817282492
58399.99999999999,106909.68782389892
48500.0,93680.28559054955
216699.99999999997,106909.68782389892
97900.0,122363.9780040557
158600.0,215797.01544961092
69000.0,91651.71959591703
322300.0,319715.2220657867
467699.99999999994,312162.3657585552
163000.0,213365.91283261546
287100.0,231761.2828639265
54600.00000000001,88544.35781338727
90400.0,149503.84110700607
155500.0,169052.93307231425
175000.0,195705.1451011384
411200.0,420486.0066789557
332100.0,310896.2350938741
141200.0,188615.8748426686
247100.0,244479.86359133318
153000.0,144655.89284805628
155000.0,171176.13650238523
390800.0,160809.4484295501
90000.0,111498.27575615572
196700.0,181713.10730225072
68200.0,138288.4012663951
500000.99999999994,486699.902443994
92100.0,162988.90241782664
297900.0,206512.48436447815
500000.99999999994,472755.7841498598
332300.0,291798.99918788555
171100.0,219501.0556347173
152100.0,195103.57699759572
231999.99999999997,131432.9940336541
127099.99999999999,189301.1439194613
87500.0,92638.90477923748
203399.99999999997,196173.19512183274
228600.0,131358.59465969296
116700.0,149456.94838578274
416700.0,487115.8285564149
227599.99999999997,226804.37162820584
267900.0,296334.75184701144
97200.0,109992.9776014179
137500.0,130362.07061371101
198800.0,163153.06438547428
68600.0,88544.35781338727
352500.0,310896.2350938741
103800.0,134711.19046919153
107800.0,109963.65261770022
131700.0,196413.43998465437
271300.0,315996.1441290658
97300.0,211212.8920000665
95000.0,107168.57879934851
67500.0,124570.7162210763
326100.0,230202.0859158851
65600.0,121632.28820589911
225599.99999999997,209675.73889634662
263800.0,268010.1274995271
348300.0,239630.42974260112
325000.0,171227.21797335174
108800.00000000001,128292.16841046927
400000.0,286593.4753487361
138400.0,128676.4148760736
61000.0,89827.94310927186
453099.99999999994,408120.37088987103
500000.99999999994,487299.33149993315
120200.0,151400.93338228416
329200.0,225683.8764961524
196300.0,230656.67948409254
150000.0,122363.9780040557
152000.0,165587.45040468615
169900.0,145728.22526844175
137500.0,182773.9130023823
283000.0,229171.0592899984
404500.0,275447.76348161796
193500.0,274838.8138031561
205100.00000000003,377528.554511805
145600.0,199953.93306583597
225000.0,117618.16563720089
215899.99999999997,168939.42039306983
158500.0,171657.05845195425
124700.00000000001,160696.9276155011
65400.0,116603.22456943747
280200.0,225388.9570314779
180500.0,149123.10670984045
105400.0,170255.083123024
100000.0,143614.7070670169
166300.0,172619.49234776653
158000.0,204599.85805914237
243800.00000000003,266084.64615033055
362900.0,389838.41661347105
201900.0,193170.66284369625
52600.0,111548.40561200831
500000.99999999994,338995.90298013284
112000.00000000001,161505.41335847325
225000.0,200468.45391201836
439900.0,365995.3456289363
88300.0,170454.1485832827
500000.99999999994,487299.33149993315
276800.0,203075.37827327952
179200.0,171227.21797335174
199700.0,169419.77928065314
132000.0,143236.39422590242
61300.0,167889.93303961062
171900.0,241423.42070247928
123800.0,159577.49959124633
135300.0,112968.87254299982
137100.0,239961.54238110155
129299.99999999999,167137.85577648922
227900.0,240186.24885884774
94400.0,145748.79277750422
103499.99999999999,133654.74034329614
320800.0,347746.79487391555
125000.0,431751.0472156233
332400.0,331531.0197133536
159100.0,203331.5212423614
236900.00000000003,281053.3099451434
461599.99999999994,458360.2006870793
156900.0,164893.6689516509
148200.0,129616.68631929126
166500.0,171095.77477336902
196900.0,182734.4260690368
167800.0,163692.8783470566
126699.99999999999,115900.24786136976
500000.99999999994,348618.3157877253
57899.99999999999,92638.90477923748
238000.0,220690.2557213525
142000.0,213124.82305734197
86900.0,127312.5721491983
56000.00000000001,105978.67877226927
500000.99999999994,453786.57472377777
112400.00000000001,125132.10127279045
63600.0,147953.46638785885
431300.0,437257.73019055143
265900.0,178614.1556582278
57999.99999999999,115693.53254434334
194100.0,366757.44393081183
142800.0,171227.21797335174
178700.0,163651.75188190606
187500.0,160022.88222099206
225000.0,236944.33265958197
313000.0,215797.01544961092
500000.99999999994,487299.33149993315
153600.0,169052.93307231425
62300.0,109231.96281954365
194500.0,225090.42590973777
163900.0,196420.74754137718
398800.0,405833.8127610205
204100.0,198336.22313970616
199300.0,197085.73826931007
176700.0,173878.58718181416
500000.99999999994,483663.1330341798
248900.0,219901.98178328318
150000.0,163651.75188190606
231700.00000000003,219385.13254043233
57999.99999999999,113404.07757629745
126000.0,166982.78781498357
163300.0,154953.9614727487
113399.99999999999,116221.37292486588
300000.0,157031.19926753416
310900.0,319481.1798276838
218800.00000000003,170123.1093952223
70400.0,110296.87570522579
237699.99999999997,282153.5985812208
118800.0,106108.9897107377
73100.0,113210.29268488027
75000.0,132450.43925615665
450699.99999999994,439639.14243409684
240200.0,270169.8121153102
65800.0,106108.9897107377
64700.0,93680.28559054955
175100.0,208451.7799746605
223700.0,172262.49982517023
96300.0,128570.91200441314
405100.0,316832.74629884196
376800.0,285536.8192854161
500000.99999999994,484532.3984235104
350000.0,256928.3151941362
162500.0,158701.44642002432
177300.0,154905.4192011934
98400.0,155366.4433911989
138800.0,95746.26656176722
175000.0,196173.19512183274
260900.0,131123.83732757697
104700.0,89827.94310927186
159500.0,229364.3345576684
295900.0,244283.56774750247
137500.0,347746.79487391555
500000.99999999994,398085.2216830603
227000.0,222701.22884558263
263900.0,170992.97957345023
160400.0,171476.13908933025
142000.0,153554.6850348276
162500.0,172344.46502126384
230399.99999999997,165323.5094302534
500000.99999999994,428971.05549321725
217700.0,231761.2828639265
183000.0,201292.4157423549
245800.00000000003,171227.21797335174
129200.0,117749.74819839401
60400.0,88544.35781338727
67500.0,123682.76944333984
295200.0,254071.40107100047
192600.0,223153.28069341532
150600.0,171227.21797335174
125699.99999999999,195294.40257432233
63400.0,93922.49007512206
151300.0,196604.26556138098
245600.0,303932.1724881001
500000.99999999994,474036.71975841286
165500.0,172870.0581577319
113500.0,164477.58886113932
322200.0,240139.84558285575
362500.0,348618.3157877253
69600.0,92353.33201837481
156100.0,164857.57845259036
87500.0,129306.81543907295
193100.0,231790.29452790171
218000.00000000003,211959.0898915298
101800.0,127609.88749504896
129099.99999999999,128292.16841046927
156300.0,114058.19958355039
183200.0,195294.40257432233
148100.0,164004.01986525083
500000.99999999994,487432.28143746906
222100.0,327466.3088852628
167600.0,205766.7210819007
184500.0,170792.20228568275
370000.0,353718.2248229169
239400.0,177172.6053774727
166700.0,169775.18439683918
233300.00000000003,168113.44122908867
240000.0,225568.0973345499
91300.0,92353.33201837481
483500.0,470749.28690232924
150500.0,171227.21797335174
99500.0,173795.0207226295
240200.0,160250.49275691557
95500.0,130040.74603951917
500000.99999999994,485282.97774296964
251600.0,202417.5963722227
120800.0,129100.15652973762
135700.0,193762.95575210222
225400.0,197085.73826931007
500000.99999999994,348618.3157877253
85100.0,162861.37329877802
500000.99999999994,320742.80802916904
164800.0,164101.16473013113
111600.00000000001,178734.29118650392
161000.0,177681.83201396608
213700.0,219501.0556347173
116500.0,115384.1068156071
350000.0,396962.52334641264
159900.0,175406.3426803211
438300.0,312099.37840518873
171100.0,199728.03207618103
271100.0,263406.9934096163
500000.99999999994,192111.11527873485
68000.0,134401.91128656437
191700.0,173841.06327694503
255900.00000000003,268096.67039012635
112500.0,163300.4338963248
182200.0,166276.3470961537
347600.0,346363.357146594
332000.0,304126.54740335135
110900.0,114664.90322152246
211900.00000000003,171227.21797335174
262500.0,229014.74035231772
237900.0,181713.10730225072
90000.0,165647.67995470387
427200.0,310896.2350938741
370500.0,325729.79977052525
116300.0,134347.31727172722
170800.0,163651.75188190606
285500.0,327041.7709997031
111500.0,268591.7602706415
83200.0,170463.88805589257
248200.00000000003,213632.17565371122
395500.0,304599.7244142683
218299.99999999997,174773.8448325694
500000.99999999994,439925.3987794333
88900.0,117162.2109889926
181000.0,129863.60576666737
280900.0,348867.9235840599
345300.0,234123.85305772666
181000.0,196173.19512183274
192200.0,226240.43639307254
78100.0,92638.90477923748
75000.0,92638.90477923748
433300.0,439008.9630766587
160100.0,172162.4332887227
109200.00000000001,121277.00326648535
96200.0,167032.62684166088
191400.0,195541.95499386676
360000.0,285529.6837138796
185600.0,226521.70557814575
118800.0,124800.52692012861
122700.00000000001,108430.43736725998
206300.00000000003,219024.97735080958
195600.0,195103.57699759572
75600.0,126646.19969106736
104299.99999999999,158642.08202290852
385900.0,348618.3157877253
113900.0,126704.14833094802
79400.0,139862.8846814634
81300.0,143702.35693021643
129200.0,167157.23789091376
73500.0,106909.68782389892
175900.0,219204.25773104915
142400.0,171227.21797335174
234100.00000000003,148352.2467830228
286700.0,307678.025344566
92500.0,117398.40991699196
170100.0,168636.85298180263
161800.0,133163.33900377463
225300.0,232571.9668986964
170600.0,164196.79707301923
319400.0,239737.14822204932
95800.0,164893.6689516509
73400.0,106479.96784589025
93600.0,175410.31453915976
51700.0,108521.32957558353
358700.0,236908.58332354986
64700.0,88544.35781338727
344200.0,287965.404749946
314000.0,295658.79462164873
185700.0,175947.21036204253
279300.0,247649.0062864206
119400.0,195282.70435823704
280400.0,259645.58052558248
187100.0,196206.94572179965
83800.0,106909.68782389892
309300.0,173125.27084287893
229199.99999999997,291711.01090391015
245000.00000000003,162048.34133149666
227599.99999999997,333522.979665184
500000.99999999994,357058.7213821283
320800.0,227310.40938777765
147300.0,159763.7161780578
162300.0,221694.4795890121
265900.0,293947.2073745
500000.99999999994,453296.11974366265
189100.0,222221.30410697573
316400.0,351095.5500208219
181900.0,164997.56692159805
261500.00000000003,344395.8784981966
69000.0,105779.14367761927
181300.0,106909.68782389892
293000.0,244645.86830544018
111100.0,195568.69905619495
218299.99999999997,242961.70783258553
147200.0,154887.72163677355
243800.00000000003,127962.32237735084
223000.0,197085.73826931007
137500.0,155723.25078857213
60600.0,106909.68782389892
275000.0,182699.62333862408
350000.0,164097.39795095785
171200.0,164973.20574404052
83500.0,111622.70133574233
225000.0,270587.28436449455
165600.0,153569.64637486613
152000.0,171227.21797335174
192000.0,132297.74316451338
254199.99999999997,284864.2362479411
150000.0,110026.68780219014
212500.0,226227.49316446352
80400.0,106909.68782389892
206500.0,230177.3517994765
331100.0,298700.8433832256
201399.99999999997,246099.6501094047
188400.0,214885.0823408653
195400.0,235157.3482837303
442500.0,408655.89726880455
152700.0,223100.09665448617
500000.99999999994,487299.33149993315
239800.0,314677.19012495206
159400.0,117162.2109889926
91800.0,164477.58886113932
240899.99999999997,217791.7435435093
136400.0,164477.58886113932
103600.0,117288.69988552402
132500.0,168286.4125976556
292900.0,230969.8667493371
62800.0,150528.96176028243
112100.0,132935.17839569863
89100.0,164893.6689516509
120700.00000000001,123562.71300580373
471400.00000000006,319769.9397750423
314700.0,310896.2350938741
226399.99999999997,235208.2516099981
409700.00000000006,310024.71418006433
149000.0,144407.51073571944
171700.0,423032.49582141364
235500.0,352376.10034519574
322800.0,281350.7173702711
244499.99999999997,221513.92851645552
162200.0,164477.58886113932
340900.0,356246.21474710887
57399.99999999999,88544.35781338727
198900.0,172439.8733622763
109700.0,131873.58337343435
137500.0,158048.2278965317
85700.0,225348.7006169531
98300.0,112971.22484598005
178200.0,169775.18439683918
137500.0,128328.98262821186
275000.0,212256.3697109735
381500.0,328044.39079133957
500000.99999999994,464554.01310185017
500000.99999999994,475732.2621834272
179200.0,201638.15036425632
204500.0,165928.95080346943
394100.0,426575.6449253295
184400.0,163671.3242515286
174000.0,130660.54492198484
80700.0,115957.59698377672
189600.0,229843.01581761858
60000.0,108876.6778801299
126600.0,156851.03505778813
262500.0,228124.56529629874
139200.0,135751.36545876524
51300.0,88544.35781338727
229199.99999999997,279648.7476091081
101099.99999999999,225879.56512906725
97700.0,109212.56601683736
158300.0,150688.27285251324
349100.0,388017.3452479683
85500.0,232729.88347723015
214100.0,247032.06906278973
227100.0,228031.16399687302
155700.0,124041.55275962903
66800.0,104762.07266213135
207300.0,228569.04905230942
222800.00000000003,209307.6767393188
354500.0,239851.26480005126
340500.0,310896.2350938741
52900.0,92353.33201837481
140600.0,183212.2638340518
150800.0,164399.1595118391
56100.00000000001,88544.35781338727
259600.0,276789.99528528197
318900.0,310896.2350938741
148400.0,223658.8072219047
289900.0,219735.3989475218
161800.0,242894.27254961748
254999.99999999997,139830.21998304685
87500.0,172164.19826236376
245000.00000000003,303932.1724881001
305000.0,205122.01923771246
215000.0,313744.39390232466
249000.00000000003,310024.71418006433
500000.99999999994,487299.33149993315
320000.0,150499.75592539887
174000.0,196173.19512183274
292500.0,248231.88131556683
500000.99999999994,464434.12274928833
289900.0,337993.84576245
438400.00000000006,342196.9739431198
182000.0,172497.06026635866
170500.0,189301.1439194613
69200.0,111130.95905501848
95600.0,106108.9897107377
272800.0,325266.8178859394
81300.0,223523.95972534118
272400.0,202152.57667526146
152600.0,115334.01444575549
55900.00000000001,97351.91829108086
213499.99999999997,222757.0336868042
331300.0,206377.96198382217
201799.99999999997,195103.57699759572
57099.99999999999,103861.17630884127
331800.0,348618.3157877253
365900.0,196173.19512183274
127499.99999999999,114058.19958355039
111800.00000000001,164893.6689516509
353700.0,228612.5328436937
229300.00000000003,225044.67676448534
87500.0,144246.8583998331
237500.0,229906.53023776208
113300.0,129046.53097944795
112500.0,123376.34786105347
138500.0,111498.27575615572
307400.0,347746.79487391555
100899.99999999999,147886.74670488422
97800.0,106909.68782389892
176700.0,168997.74738613475
218000.00000000003,229906.53023776208
290600.0,218088.0825729553
157700.0,194165.8304700644
348000.0,382868.9205178329
67200.0,92638.90477923748
260400.0,171891.66205786675
123600.0,219990.5951578481
67500.0,88544.35781338727
130700.0,163705.62920063792
66000.0,110718.66202888645
166600.0,231156.3088126425
225599.99999999997,196604.26556138098
257100.00000000003,174928.47422470312
500000.99999999994,472356.9306619992
113900.0,151852.21990370983
91000.0,158798.61105454373
217400.0,231627.6512090753
96000.0,120901.99427893812
129200.0,166277.28739326273
350200.0,326908.1850967498
442100.0,472034.9460937136
222900.0,128492.99424363904
81300.0,109321.06193461912
160600.0,165596.84318622568
500000.99999999994,294870.9644093765
341200.0,341464.28313814313
287900.0,285991.9615011061
344700.0,370381.41000437655
180000.0,196173.19512183274
167800.0,265660.9192784035
55000.00000000001,106108.9897107377
50800.0,88544.35781338727
142600.0,174239.1584886335
235800.0,194629.41184638944
112700.0,162310.32981160274
210200.0,193756.35144196532
210700.00000000003,92638.90477923748
65400.0,94602.81271431423
162500.0,204997.9770452415
150300.0,201433.30294614736
500000.99999999994,390326.2389382413
101400.0,129447.22547426063
221800.0,292667.187503104
260300.00000000003,195760.1283937203
178800.0,178625.65781518654
170400.0,152336.86936096085
319400.0,350919.480220169
190600.0,165323.5094302534
184100.0,165512.87071295778
191100.0,166329.9608701242
149600.0,208891.7758492395
500000.99999999994,430942.4126517031
183400.0,181713.10730225072
444100.0,410750.4895021923
242700.0,177214.6448901209
76200.0,113904.69762915373
132900.0,160696.9276155011
409800.0,310896.2350938741
112500.0,114058.19958355039
376600.0,289455.86576472264
50500.0,134709.22219555615
500000.99999999994,352594.2638142346
209500.00000000003,166853.1920174259
77800.0,128206.30839467309
299700.0,286804.83987432875
375000.0,196173.19512183274
156500.0,138566.245774135
240000.0,236804.11842268836
77200.0,116540.77435488411
98500.0,113067.66402314244
500000.99999999994,290025.7923440762
110400.00000000001,181967.80417703997
86400.0,169717.93427880437
230399.99999999997,167327.56578050778
163900.0,172695.43036427643
500000.99999999994,458071.8998766169
49500.0,92638.90477923748
107400.0,169775.18439683918
362500.0,127597.29283005524
145000.0,164754.70143110614
218500.0,214581.33496700643
130100.0,171227.21797335174
146000.0,169419.77928065314
152500.0,128931.63006817907
457200.0,380206.5222555899
165200.0,197101.70002843242
394700.0,346781.56076179823
144400.0,169775.18439683918
136600.0,124596.56373555202
216400.00000000003,308791.914027779
139000.0,164893.6689516509
103800.0,116326.48163795569
488500.0,332876.7141074396
227100.0,230984.67736438342
238000.0,234221.37331696748
215600.0,346500.2282367824
292300.0,362724.68046040373
145900.0,175485.5760317542
187300.0,173518.4357856239
185400.0,166291.59416026916
280000.0,221506.38610142656
141100.0,165755.04844161836
190900.0,192275.90190090553
262500.0,212036.71116194862
442000.0,323492.4354103332
274800.0,287357.77742109954
85500.0,105779.14367761927
231800.0,248833.750794399
302000.0,277320.96435927664
235800.0,271260.7247414331
72200.0,132961.02487120635
182400.0,171227.21797335174
500000.99999999994,353718.2248229169
78700.0,106909.68782389892
181300.0,173144.2306444342
198000.0,197085.73826931007
199600.0,172262.49982517023
63300.0,109963.65261770022
94000.0,194199.5810700313
186800.0,171227.21797335174
117000.0,169003.69919014152
117800.0,152391.4487539409
121000.0,213886.91443294403
230900.00000000003,171657.05845195425
427299.99999999994,353718.2248229169
128099.99999999999,142632.11618396506
384700.0,310024.71418006433
290400.0,217729.5331961169
91300.0,139708.78757610128
61900.0,91109.5302871489
232200.0,218856.6064000114
129600.0,162861.37329877802
127499.99999999999,122363.9780040557
150500.0,171227.21797335174
187500.0,140673.94356311823
437899.99999999994,473056.8015642422
126499.99999999999,230243.12710517884
453400.0,438397.7249903065
229400.0,197567.29815416463
364900.0,301396.25329357234
191900.0,218370.37522179593
87500.0,139854.33410102167
30000.0,111417.78360045647
335700.0,230243.12710517884
242099.99999999997,165649.54000238384
173700.0,172529.2794970616
54100.00000000001,88544.35781338727
207799.99999999997,167395.6014212401
112500.0,106108.9897107377
166700.0,194814.62743863987
271800.0,198418.16908912238
141100.0,195294.40257432233
375000.0,134871.95673265346
161600.0,146738.1164864228
159400.0,238588.11542494685
86300.0,115209.1354217715
256300.00000000003,199076.352970123
213200.0,166437.30367102133
254100.0,238113.29189693046
132600.0,195294.40257432233
169300.0,143097.46042159616
347700.0,318844.30293751624
159700.0,170846.85365739051
90900.0,196173.19512183274
290500.0,268216.1289087003
189900.0,228929.83411015492
495600.00000000006,464752.08464274934
333300.0,407249.4201227118
183800.0,169717.93427880437
189000.0,169419.77928065314
157500.0,136097.7774729915
66600.0,88544.35781338727
132400.0,214918.2229021005
156000.0,170306.1945755362
348100.0,182167.14810585196
226399.99999999997,248339.38360297788
74200.0,130948.40179883853
158300.0,214361.08488527246
500000.99999999994,486982.87861887895
165500.0,174734.00647960202
329500.0,310896.2350938741
139600.0,149416.27403037704
152900.0,166437.1119269143
367300.0,267386.6827543685
70000.0,127242.00789064149
97400.0,147682.94685571114
65900.0,117311.89112885455
49300.0,88544.35781338727
154100.0,170123.1093952223
272800.0,194469.02222616706
247100.0,295211.58621164836
268800.0,194813.30571057944
247600.0,170846.85365739051
416800.0,303851.491682785
121600.0,158702.10917811468
171700.0,184906.42799243348
173800.0,230172.71017082394
235600.0,267201.8199443073
260100.0,243899.16323510278
200000.0,179136.93817217395
296600.0,253246.08569580066
374600.0,169775.18439683918
177800.0,225754.4766939942
269500.0,328194.26471877453
62000.0,92196.22574350625
197600.0,169419.77928065314
52700.0,92638.90477923748
191400.0,195103.57699759572
317700.0,243018.5193029917
329400.0,228929.83411015492
330700.0,357873.17046514794
187400.0,223153.28069341532
286500.0,186011.83217586429
500000.99999999994,265978.11107568035
133900.0,212705.38869788873
199800.0,197085.73826931007
45000.0,106108.9897107377
354600.0,299359.5399054824
263800.0,224783.67029483846
278400.0,173148.1551402955
160400.0,145877.15813924393
241299.99999999997,277057.9068265638
208300.00000000003,238909.7810658821
263600.0,248657.1297581344
145000.0,177722.264383706
132500.0,128961.03656876109
183800.0,143864.87578836695
81100.0,114447.23417697253
176500.0,165596.84318622568
255500.00000000003,198345.89223311137
166100.0,176270.4086339759
102000.0,194690.5102694833
86100.0,179305.35097181602
100600.0,125366.77855688245
500000.0,262914.09875469207
209900.00000000003,259587.8634647796
52500.0,114365.97905239223
262900.0,157732.35504693788
158800.0,233316.48888088213
209500.00000000003,143592.02283614938
350000.0,164069.43001965975
217099.99999999997,209647.80964209654
141400.0,164893.6689516509
93400.0,125132.10127279045
198200.0,168386.31896080903
187200.0,150457.18443354242
185300.0,106909.68782389892
500000.99999999994,476492.9295831893
281300.0,227138.66981124986
103600.0,148205.0461152593
287900.0,286245.6025401172
208300.00000000003,169637.79984493562
175000.0,315875.54477110086
132700.0,106909.68782389892
172000.0,149461.1673030594
500000.99999999994,472432.55356107897
64000.0,106108.9897107377
227900.0,205760.60048246448
63100.0,92027.3981596014
84100.0,106108.9897107377
339200.0,287451.94666134025
156300.0,123002.5156159452
383600.0,310024.71418006433
137100.0,169775.18439683918
56799.99999999999,92353.33201837481
70000.0,116000.83687746117
96300.0,92638.90477923748
92600.0,249877.00950232917
359100.0,306418.68725495995
158700.0,171227.21797335174
500000.99999999994,348618.3157877253
114599.99999999999,165558.67015814103
410200.00000000006,386942.44629312033
281900.0,152642.69828109414
101699.99999999999,136687.53066607442
169300.0,191064.477375731
207799.99999999997,220043.50114994842
327200.0,272340.2295256922
277900.0,177304.503201231
111400.00000000001,122605.90738025698
80600.0,106909.68782389892
207500.00000000003,284704.15947202896
275300.0,255722.33004277796
421000.0,366003.6171541794
128800.0,220748.48653293482
313900.0,311731.42473422555
67600.0,164893.6689516509
64400.0,116136.21158007457
153900.0,165187.7688278422
130700.0,153715.12733542034
238499.99999999997,231113.95282382666
379600.0,408436.8039691134
146500.0,180427.99372000995
150300.0,191819.93521196698
80300.0,160768.94379608028
293300.0,150124.51529873017
288000.0,329072.53750155284
144100.0,195775.96245917687
127000.0,164477.58886113932
152100.0,209082.8358268114
156800.0,128838.04884836762
104900.0,160440.80201800173
500000.99999999994,487299.33149993315
134400.0,164477.58886113932
500000.99999999994,486683.47885387985
272800.0,294113.57957960555
151600.0,124800.66306664783
362600.0,240770.0006622394
169200.0,195314.10385800476
140400.0,169707.0293047107
43700.0,104433.71130006638
136000.0,257143.4650538518
264400.0,254561.3962918241
152200.0,291353.4356060754
137500.0,170604.82491641177
214699.99999999997,149509.03282586197
170900.0,171227.21797335174
236200.0,205901.6194281805
297800.0,177689.56906083587
88500.0,144311.69248690738
127600.0,113395.02925918717
80200.0,114058.19958355039
306000.0,255800.35589430403
436400.0,247114.16358860824
238899.99999999997,219627.4196192037
231700.00000000003,315068.5761579723
122900.00000000001,140849.8786188984
218200.0,228929.83411015492
397000.0,487299.33149993315
260300.00000000003,142836.79235648774
435700.0,356283.6853559065
164000.0,195507.76270591884
440500.0,337304.26997505024
85400.0,158642.08202290852
101899.99999999999,164477.58886113932
159400.0,227489.35617434568
190300.0,285157.19850274094
100000.0,147311.96852188642
139600.0,160455.21477812753
500000.99999999994,486982.87861887895
154500.0,195277.43461621527
170500.0,171227.21797335174
110600.00000000001,134892.5370030939
191200.0,310896.2350938741
287200.0,430767.2578082809
150100.0,169957.2161293803
238300.0,230243.12710517884
154200.0,159662.411109425
280500.0,173839.34879500992
161900.0,196173.19512183274
265600.0,317640.93715749984
122700.00000000001,183355.11334532633
231199.99999999997,216569.33714892578
319100.0,181194.53841177162
231300.00000000003,223100.09665448617
500000.99999999994,474469.73947564006
121200.0,155880.7811365846
222500.0,180733.28716906867
450000.0,288503.16327856114
102099.99999999999,139429.72343533693
201200.0,177383.78566337435
104200.0,125237.83809331944
500000.99999999994,487299.33149993315
132000.0,97774.83255639974
221099.99999999997,200832.72561334644
151600.0,195137.32759756263
146900.0,125698.11237436079
151200.0,194224.7844500853
165100.0,181713.10730225072
213600.0,233050.1678026405
213499.99999999997,193932.42743329864
500000.99999999994,425457.43373447366
438000.0,373808.79360278725
183800.0,194814.62743863987
350000.0,219973.99417523757
159300.0,172120.53961498142
129099.99999999999,125132.10127279045
76600.0,88544.35781338727
225000.0,132750.5100731285
230799.99999999997,179001.87666649238
431799.99999999994,455749.38941149146
191000.0,330357.7589104239
84700.0,106909.68782389892
152500.0,157304.76785125467
67600.0,92638.90477923748
198200.0,171227.21797335174
306300.0,203669.55478501448
122100.00000000001,163600.85272593153
276100.0,271459.3531683631
103000.0,120485.30181079572
409100.0,256021.7377770695
135200.0,163445.5973361345
121600.0,228909.89484986317
182800.0,151949.4542142155
227999.99999999997,229348.10770864572
110000.00000000001,116000.83687746117
111200.00000000001,122605.90738025698
84700.0,88544.35781338727
447300.0,395192.58237374783
88300.0,105567.1431794895
87100.0,106909.68782389892
187500.0,164694.37626404708
146900.0,160901.47714951233
103099.99999999999,111095.99551222101
343700.0,392386.0104316664
98200.0,130887.38486379645
262500.0,166033.4149242016
77400.0,114300.12895975164
135100.0,164981.2851082023
134700.0,170275.38139872457
231300.00000000003,138566.245774135
158600.0,158205.0089786157
101600.0,114125.60754370212
122000.0,165570.8883385973
380000.0,372311.4227436486
189400.0,142906.72908310528
440000.00000000006,301977.96443861
70000.0,109231.96281954365
70000.0,106909.68782389892
333500.0,242961.70783258553
101800.0,123977.270400932
500000.99999999994,487299.33149993315
360500.0,311731.42473422555
169500.0,229638.15305389487
205600.0,141592.52360856603
166300.0,165596.84318622568
32500.0,104014.54251482153
362700.0,290519.7020404995
174500.0,145764.51365753173
197600.0,169419.77928065314
183000.0,195636.69004854935
158300.0,147534.72272366626
100200.0,165570.8883385973
87500.0,136533.22231417854
461100.0,212707.62727303352
190200.0,325290.3927547748
232300.0,248884.39071195803
221600.00000000003,212540.57258625232
226900.0,230094.5830067738
224200.0,216068.81388339613
119800.0,128292.16841046927
78200.0,114058.19958355039
165100.0,153765.01054126275
213899.99999999997,460739.1753874373
69700.0,146226.93826646576
105800.0,127609.88749504896
75000.0,152282.8196082056
91700.0,164893.6689516509
269500.0,287333.4082799566
68200.0,92027.3981596014
165800.0,170811.13788284012
154600.0,193935.83489112946
472700.00000000006,359667.58852137113
345900.0,345967.002139351
230700.0,265805.96558429295
300000.0,178510.19107063624
249400.00000000003,214803.85295939582
435700.0,315996.1441290658
225800.0,283532.8507215014
175000.0,139429.72343533693
178400.0,127280.04146193052
276000.0,171715.27198877506
115900.0,117642.72325026717
214299.99999999997,227258.43288779602
118300.0,101871.6742159922
500000.99999999994,213825.87011908233
152100.0,195103.57699759572
140400.0,128396.39058836356
222600.0,217936.95432807886
444500.0,337304.26997505024
500000.0,354823.87288149504
163300.0,160696.9276155011
193800.0,216097.27285776372
90500.0,114300.12895975164
115199.99999999999,106909.68782389892
147000.0,197009.4612629522
273900.0,255376.39290409663
190900.0,192345.3811975651
74800.0,92638.90477923748
500000.99999999994,175080.80330229466
118500.0,144822.6017222095
500000.99999999994,106108.9897107377
55000.00000000001,167425.44027680883
58399.99999999999,104613.54099605833
95800.0,131248.129201056
99200.0,154381.24006044888
167400.0,215400.7115593661
70500.0,165180.76309571406
67500.0,121277.00326648535
75700.0,114089.46769202886
183000.0,170379.61109247868
500000.99999999994,487299.33149993315
97300.0,128328.98262821186
229999.99999999997,297161.8434449828
82900.0,123683.76842032924
52200.0,88544.35781338727
114799.99999999999,150865.2860861596
88000.0,194629.41184638944
224200.0,229340.25938777244
150000.0,164754.70143110614
341700.0,366926.19089097425
181700.0,230346.5578532939
140600.0,178443.1340435453
72700.0,107619.64211384479
210900.0,190379.69891262666
97700.0,118074.01012466937
109700.0,115147.72975467237
165600.0,212262.7558882879
230600.0,165928.95080346943
163800.0,186841.97430118622
95800.0,107629.73925409876
48100.0,124429.1172266936
44400.0,88544.35781338727
237900.0,228612.5328436937
284800.0,325382.3543677638
164800.0,110615.08228058224
200000.0,163651.75188190606
77800.0,110271.69240266817
186000.0,171227.21797335174
169700.0,165596.84318622568
418800.0,204206.00120589818
73300.0,146379.13743946236
87000.0,118795.60879034367
168200.0,173299.8986363344
154300.0,194394.6690202599
225000.0,378108.9406950628
333000.0,300371.8006671998
225900.0,287972.7764995642
138100.0,165142.5900676294
112700.0,125132.10127279045
231599.99999999997,296103.70721538516
419100.0,218023.7592409602
221099.99999999997,173573.1236283487
155400.0,194023.50983893895
151700.0,180531.95828010803
248900.0,232045.1572419488
153200.0,117935.07750485063
126499.99999999999,150586.78979220698
240000.0,350754.26647528243
186100.0,157649.66505748982
500000.99999999994,396224.254003958
181600.0,164754.70143110614
178100.0,230098.97325061203
69200.0,123822.58146636635
66800.0,94159.65432259852
500000.99999999994,486653.531545363
181300.0,255999.94254783474
396400.0,445398.65663732216
187500.0,225696.85200230216
297900.0,250291.97584323346
345400.0,281512.9618369503
245100.0,196173.19512183274
105500.0,165180.76309571406
101099.99999999999,126164.48526362973
141700.0,214512.03910581503
430900.0,395190.06523485837
286300.0,131849.1531483101
112999.99999999999,106108.9897107377
466700.0,431817.9082769841
168600.0,171227.21797335174
360500.0,310896.2350938741
256400.0,255242.72562446422
113900.0,206194.706518887
350400.0,357635.61860093527
209100.00000000003,199571.92710408964
131500.0,210720.7796754632
216699.99999999997,287692.2818808716
101299.99999999999,106108.9897107377
202800.0,166554.30465170133
117600.0,174065.94695890424
292600.0,172606.3586602996
500000.99999999994,486999.9317349341
130300.0,149945.53411365402
92400.0,92353.33201837481
112500.0,148276.76693588943
154200.0,144407.51073571944
104000.0,92638.90477923748
121600.0,165407.97272536295
206300.00000000003,229202.51595379235
108300.0,195508.20439389985
349400.0,310875.4191541802
83300.0,93971.66381537657
245800.00000000003,256862.61508725028
91500.0,166824.93299884527
500000.99999999994,486982.87861887895
500000.99999999994,277227.04719137825
190500.0,170123.1093952223
108300.0,104327.601543812
89600.0,164477.58886113932
500000.99999999994,486982.87861887895
94600.0,160756.9547707073
67500.0,428232.6761433948
177500.0,264833.5139265225
261300.0,279228.3423337436
500000.99999999994,214803.85295939582
168400.0,222104.37024561234
245299.99999999997,221253.5547062695
240000.0,229007.51193309334
156500.0,162382.80866138183
500000.99999999994,228929.83411015492
235600.0,279430.14745319344
185600.0,195508.20439389985
316700.0,163387.14910423945
118800.0,117162.2109889926
248500.0,232559.28955231755
236500.00000000003,230243.12710517884
94600.0,93830.36038067615
176800.0,169052.93307231425
148600.0,168153.538761294
195300.0,166514.5142820438
215899.99999999997,196173.19512183274
126600.0,173030.66510708575
173900.0,165161.78493783926
183000.0,223206.23517417864
74300.0,186211.93489642924
224700.0,195103.57699759572
101600.0,164893.6689516509
391000.0,259140.89162026587
265000.0,171892.21917984184
500000.99999999994,486370.555370478
186500.0,195294.40257432233
78000.0,122363.9780040557
80800.0,164477.58886113932
189600.0,211539.65553207655
199200.0,310896.2350938741
189600.0,174483.84587972288
160000.0,131669.1929616534
375300.0,414326.65789396805
166700.0,139051.40283399215
215600.0,187752.7203298415
228600.0,169775.18439683918
171300.0,114998.126309048
430999.99999999994,359762.0358252744
275100.0,231391.02880779403
276800.0,278907.27429776825
46300.0,88544.35781338727
144000.0,171538.0812532316
94300.0,108193.27311978354
157600.0,145530.2218312302
194500.0,207434.3857699978
351100.0,257913.9564477522
453400.0,320957.52996233455
224600.0,146473.28193892277
155600.0,163991.13189485917
242000.0,466183.9609003221
70000.0,131432.9940336541
71300.0,105779.14367761927
66800.0,107494.78091649372
153100.0,242658.0509507763
137500.0,179733.94462272697
230399.99999999997,257424.78304237814
242200.00000000003,224357.02029874534
301900.0,222063.65933903627
415800.00000000006,284972.3725622226
156500.0,195294.40257432233
78600.0,110017.04960642863
441399.99999999994,401699.535807871
184300.0,164754.70143110614
276500.0,315967.0914583301
232799.99999999997,172262.49982517023
60400.0,124700.90771691536
224100.0,264190.333984244
438999.99999999994,317676.2824027915
123100.00000000001,109963.65261770022
255700.0,299057.04449027334
57599.99999999999,97572.03270303612
199800.0,196413.43998465437
51300.0,88544.35781338727
348200.0,310797.96295444877
362800.0,360896.55542812875
240300.0,222170.68181459102
73600.0,110031.06057785192
172600.0,166437.1119269143
229000.0,230924.9179815505
166300.0,171227.21797335174
83300.0,142906.1483940888
500000.99999999994,464554.01310185017
332900.0,291276.5053574302
54300.00000000001,88544.35781338727
241699.99999999997,310024.71418006433
387500.0,354212.6123250972
136400.0,234867.0325868037
98300.0,241946.56913072575
176000.0,203778.79132613965
63000.0,92638.90477923748
236900.00000000003,165928.95080346943
97200.0,164893.6689516509
220000.00000000003,211404.71467756812
105800.0,208511.401353472
270900.0,208699.18097605073
99400.0,168272.07872003186
166300.0,144647.7351077656
143800.0,169427.84623122815
140600.0,150812.17686544723
330900.0,300656.13493109925
156900.0,239221.54225495193
500000.99999999994,384093.86993225216
162500.0,172675.8293037521
124800.0,211421.96875407425
216100.0,122363.9780040557
171400.0,210338.49854354045
325600.0,267775.2442206188
109800.00000000001,130561.69800718965
276200.0,177670.45972664372
129900.0,134763.75136801184
292300.0,205590.71307202897
341500.0,330111.3532521441
66800.0,107441.98000110415
238800.0,175811.80354943383
77400.0,112971.22484598005
82400.0,127198.33437961846
359900.0,279865.57588140684
465700.0,402843.2540366558
214000.0,217839.35940052316
107100.0,164477.58886113932
157800.0,198369.46439298816
119300.0,160801.6108025877
232900.00000000003,228929.83411015492
179500.0,222789.77120431454
70100.0,116880.09402613038
55000.00000000001,132093.69345843742
65900.0,92638.90477923748
99600.0,131015.8298613986
500000.99999999994,474111.4485616753
164100.0,225388.9570314779
77000.0,139812.85813385784
140300.0,158642.08202290852
172900.0,123350.17651369356
500000.99999999994,249542.33714015468
314300.0,150294.01725175077
500000.99999999994,342548.4053671306
500000.99999999994,486982.87861887895
143000.0,145657.97606448786
280600.0,230315.57638281002
375000.0,226492.30815277263
137500.0,160980.82851789982
337100.0,331010.4055286427
128000.0,207163.45838826586
185400.0,162580.04592368612
63000.0,104623.84024904468
109500.0,179018.25682775286
400000.0,163387.14910423945
151900.0,342035.1437123365
56299.99999999999,114900.7288756408
102499.99999999999,114058.19958355039
225000.0,283111.70458765567
145500.0,134219.605541818
363100.0,235329.66159210802
249000.00000000003,106909.68782389892
415299.99999999994,381716.87517195265
267400.0,232544.6675655568
75000.0,92638.90477923748
250000.0,159115.2108389202
161800.0,135847.7228133124
97500.0,112196.44578982376
111500.0,136525.5155132789
87300.0,111283.04161335375
272900.0,234803.8782559012
124400.0,164477.58886113932
228700.0,332650.3212451655
229500.0,195294.40257432233
162500.0,160905.57216552828
80000.0,137450.2640826885
118800.0,159438.1289209727
244200.00000000003,363699.5500100279
187500.0,172529.2794970616
246000.0,224195.99148871496
102600.0,144140.32080678918
116700.0,102870.3494402341
137500.0,145661.89499844154
171900.0,338744.7446963922
103099.99999999999,135239.00155321346
239100.0,175749.5225596999
194000.0,225879.56512906725
219899.99999999997,164893.6689516509
380000.0,403752.3936942899
155700.0,150841.014391013
89900.0,105296.62808391092
89300.0,196604.26556138098
55000.00000000001,116788.68654795618
49800.0,88544.35781338727
146400.0,130837.57963599698
278000.0,286571.61814230715
288700.0,362506.7928454275
129200.0,164754.70143110614
221600.00000000003,224783.67029483846
85600.0,217004.40592710354
160400.0,164865.8021971431
57599.99999999999,109086.040554799
348500.0,256637.47848293174
199400.0,253329.9911447791
97100.0,146162.22493270994
58099.99999999999,92353.33201837481
301000.0,257225.8856260581
74200.0,111095.99551222101
249400.00000000003,344528.5851246074
267000.0,279212.18138463795
119900.0,132750.5100731285
77700.0,96040.50085880309
143400.0,145948.652011598
61200.0,92638.90477923748
206800.0,172870.0581577319
328200.0,324475.4991150511
360600.0,263786.19279547315
107800.0,139403.29509048568
51500.0,88544.35781338727
67500.0,127722.01880123118
184100.0,168232.43800753838
200000.0,185571.37190776903
354000.0,173295.54600993186
393800.0,231974.68689256164
132100.0,169775.18439683918
306500.0,280376.5277962634
134900.0,141345.23819955022
319300.0,322674.54856651893
303900.0,242088.00141873662
350000.0,166119.6711253152
231199.99999999997,242165.25831035097
131300.0,168673.31682158212
120800.0,164477.58886113932
135200.0,121277.00326648535
68900.0,113449.68039318657
425000.0,164893.6689516509
160500.0,136087.87632888526
151000.0,151738.61805529584
349500.0,462418.52950195206
60200.0,88544.35781338727
396400.0,310896.2350938741
278500.0,342548.4053671306
239299.99999999997,215989.4153413795
224900.0,167272.6263768791
91300.0,154840.8296514266
111400.00000000001,168505.13533818012
150800.0,106909.68782389892
64700.0,92365.69128544822
358800.0,302178.0360241935
232799.99999999997,195103.57699759572
54400.00000000001,88544.35781338727
98200.0,118137.28324936696
225800.0,175578.02769469816
116100.0,165596.84318622568
196400.0,157048.08934107903
123200.0,106909.68782389892
156400.0,245909.14044120332
166800.0,170846.85365739051
215899.99999999997,202470.44216795455
117300.0,138437.94884282627
243200.0,143133.18599021036
72900.0,164893.6689516509
191700.0,206920.49118684576
60000.0,231252.1846187144
195400.0,195508.20439389985
111600.00000000001,152996.25656298397
268500.0,172262.49982517023
260000.0,210457.75794169586
89400.0,116102.27257358117
235200.0,403419.4125847253
386100.0,307678.025344566
187500.0,159662.411109425
223400.0,228388.753266723
120300.0,169028.60998165997
135800.0,156070.05863851815
307400.0,313744.39390232466
326800.0,205965.17490112764
70300.0,130909.73780137999
68200.0,90860.80060585197
114599.99999999999,130611.94392715588
177200.0,197691.3508805804
81900.0,143693.94718491164
90600.0,166558.11039435535
56799.99999999999,114365.97905239223
323800.0,237993.66810312486
244400.0,164477.58886113932
144300.0,149988.21671732212
164200.0,160348.39729581354
237600.0,265571.60726297495
243000.00000000003,279459.1659268497
83300.0,109963.65261770022
87500.0,144133.26238241652
131700.0,202521.983815288
47000.0,94159.65432259852
195300.0,131277.734646988
184100.0,198455.7839355666
128800.0,163594.69440979126
118200.0,95746.26656176722
212800.0,170846.85365739051
141300.0,117162.2109889926
227100.0,165962.59608629873
80800.0,154542.17263350674
201300.0,218428.11875083926
183300.0,206860.7372154981
155000.0,167996.4016658716
143800.0,172175.44519405492
137500.0,229101.82571938605
280100.0,193316.97777371857
245900.0,242306.57985841818
243600.0,204039.83543034285
103000.0,170430.77356687892
103800.0,119401.77393272631
235900.0,215991.5818066018
161900.0,231245.99655729363
394400.0,348618.3157877253
145800.0,105496.88701862024
184800.0,221253.5547062695
242300.0,172262.49982517023
335500.0,172262.49982517023
165500.0,165142.5900676294
204800.0,427076.1201616422
159700.0,196023.51487872127
169100.0,271051.315229432
478599.99999999994,167784.0189501907
258900.0,232823.43471097964
324000.0,260742.20625173402
103099.99999999999,110017.04960642863
138100.0,310896.2350938741
91600.0,142279.7466630065
228900.00000000003,346633.3613024322
138800.0,134164.51000776922
252199.99999999997,227628.96503868393
420300.00000000006,359163.06925156293
243600.0,220178.27438647486
142100.0,195453.9906498771
67500.0,88544.35781338727
92800.0,131745.14770758513
190800.0,239301.1880846368
223900.0,173036.20902494673
143400.0,171227.21797335174
132700.0,109689.38373365904
99000.0,127609.88749504896
67700.0,105779.14367761927
227400.0,262325.4540753835
228600.0,241140.60568105488
135800.0,169775.18439683918
362100.0,346804.202360501
281300.0,315996.1441290658
500000.99999999994,486982.87861887895
90600.0,164368.46202216716
66300.0,95746.26656176722
150200.0,170421.54329417596
170300.0,164754.70143110614
99300.0,88544.35781338727
322900.0,348618.3157877253
213200.0,166661.87480559756
217000.0,209879.8592314401
267900.0,223494.1096114241
206300.00000000003,150587.38323589173
376800.0,278563.75982123497
87500.0,119435.65496258499
304700.0,237112.00491722903
460200.00000000006,310896.2350938741
128499.99999999999,109383.70331656003
284600.0,358310.8917206331
119600.0,143282.58866495165
208599.99999999997,171219.46486412044
117500.0,213440.79108878865
66900.0,90065.1073567483
204800.0,169378.90134045682
74600.0,174521.76757085155
109100.0,123902.68551450933
114300.0,164754.70143110614
308300.0,209425.51054793134
112999.99999999999,191572.05129680902
91700.0,109231.96281954365
134200.0,131432.9940336541
425000.0,231976.33562795445
53900.0,88544.35781338727
310600.0,235465.68250545903
241699.99999999997,348618.3157877253
226799.99999999997,178154.3597440148
100800.0,196173.19512183274
238000.0,152590.7788961105
245500.0,178817.46583988375
156500.0,195103.57699759572
115599.99999999999,158702.10917811468
66400.0,113451.60553913823
58800.0,88544.35781338727
223600.00000000003,220245.2831142677
169300.0,170363.17094577488
166700.0,128942.8777854154
225000.0,230243.12710517884
72600.0,105779.14367761927
160300.0,194629.41184638944
147500.0,157316.3358141987
91200.0,171906.3991462105
208300.00000000003,142755.41158282963
335300.0,243816.4099407751
57999.99999999999,106348.15700251581
226500.0,191483.6438337825
345200.0,425828.61856428004
106800.0,164413.00742642066
500000.99999999994,127280.04146193052
275000.0,244370.73356486554
95800.0,110758.9172970716
97200.0,162623.56462896382
155000.0,167101.92168530732
400000.0,374763.12527355767
500000.99999999994,229372.706034223
304300.0,228612.5328436937
359200.0,393373.17468400666
144700.0,175753.89138448014
352800.0,318992.3000574738
355600.0,356516.4736644099
99100.0,160696.9276155011
250400.0,213095.3267804369
105600.0,168272.07872003186
500000.99999999994,446713.43036825187
162000.0,164963.6331507358
272200.0,286845.8983048493
245900.0,298545.80971351085
183300.0,166086.42500937133
220699.99999999997,287451.59957372776
161000.0,217203.92210587225
303900.0,338705.30239031604
266200.0,218856.6064000114
90100.0,109103.17824073164
87500.0,210959.1393316115
209400.0,183529.6161993203
188700.0,249389.07961727463
101400.0,140947.37869303557
387500.0,353470.3908360532
359100.0,277189.81925696705
327300.0,233458.2238749488
279200.0,221183.2126554834
233599.99999999997,226585.90509167043
163500.0,243940.10028937022
124200.0,230515.67908812634
450000.0,345400.10603841714
111900.0,164477.58886113932
90800.0,122363.9780040557
120600.0,171227.21797335174
483800.0,454014.1647227271
366700.0,310024.71418006433
200999.99999999997,127242.00789064149
333600.0,236347.2083313404
362500.0,275154.62138694426
170100.0,170017.037583373
246700.0,198894.46295092173
161200.0,183595.10585771076
147000.0,161021.03944813673
117900.0,181713.10730225072
111300.0,114664.90322152246
266500.0,215543.56902257376
113500.0,164893.6689516509
329100.0,212705.1678634851
500000.99999999994,353718.2248229169
236500.00000000003,171227.21797335174
122200.0,157659.07674041207
81900.0,116774.63667981362
386400.0,354251.2207131964
184800.0,171227.21797335174
160700.0,228390.07080819196
101600.0,130317.25655938545
424000.0,454014.1647227271
262500.0,211078.35853388172
369400.0,310896.2350938741
115100.0,172131.9826226692
281700.0,171227.21797335174
98100.0,126550.92632788369
131100.0,131123.83732757697
251799.99999999997,165219.23220184929
232700.0,225000.77258155684
139200.0,159775.56405801783
71500.0,106909.68782389892
340500.0,353332.88710991
270800.0,187230.10556915394
155600.0,172890.84271292837
89200.0,113840.53053900047
167000.0,195103.57699759572
103099.99999999999,144981.46348638393
180500.0,170846.85365739051
51200.0,95336.53092379088
204599.99999999997,200428.0982170423
387200.0,226756.77263507416
162500.0,127597.29283005524
120400.0,165570.8883385973
139700.0,181917.9768278072
98200.0,92638.90477923748
269400.0,238560.51016292904
269100.0,309286.77771895705
500000.99999999994,312108.63721792627
49600.0,106909.68782389892
57999.99999999999,114514.53254356436
65900.0,92638.90477923748
175400.0,220498.84038325347
391800.0,371373.92148869304
280800.0,193582.91411909516
90700.0,164489.7311051632
500000.99999999994,487299.33149993315
92300.0,131039.14595755219
227100.0,226804.37162820584
162500.0,162777.05850728555
290900.0,311095.3511366108
183100.0,171227.21797335174
283200.0,293964.0691193949
177400.0,319535.35524662153
238700.0,290298.6381428356
321300.0,206255.71427851907
261500.00000000003,239166.26946369934
99300.0,128292.16841046927
226100.0,223153.28069341532
51700.0,104824.44637880097
156900.0,164477.58886113932
160900.0,193935.83489112946
222400.00000000003,310896.2350938741
305200.0,278884.7005340341
138800.0,164517.32384478714
230700.0,198156.47293917963
94300.0,112226.8453013907
97200.0,116331.15442353328
382100.0,321771.8304377836
193200.0,310815.5706127021
209500.00000000003,188622.74829619474
231400.0,165989.08995866426
89300.0,132522.06268310326
196100.0,176243.02890118826
113500.0,109103.17824073164
178400.0,236974.82522807864
406500.00000000006,243005.95321895686
228200.0,161314.6398320237
234800.0,174065.94695890424
231300.00000000003,168688.15881054345
500000.99999999994,373713.00712416513
184100.0,171846.41973465864
213700.0,238700.54652364177
500000.99999999994,461654.91961478983
169200.0,164754.70143110614
232399.99999999997,241904.77911377072
351700.0,368466.89692836476
234600.0,171227.21797335174
112500.0,213412.58167240222
145200.0,166853.1920174259
87200.0,93922.49007512206
53500.0,151365.96740766845
43800.0,88544.35781338727
94200.0,127242.00789064149
218800.00000000003,162198.91598509654
191900.0,224873.3278129771
132200.0,342548.4053671306
46800.0,88544.35781338727
149700.0,205143.94400847235
126299.99999999999,141885.13793945732
255900.00000000003,217197.44421880253
94500.0,143614.7070670169
237100.0,268352.24450175965
500000.99999999994,353718.2248229169
87500.0,133049.5347540456
126600.0,158702.10917811468
245100.0,221524.0592140591
157400.0,204165.6541398185
78400.0,106909.68782389892
218100.0,182167.14810585196
350000.0,234803.8782559012
198400.0,161876.87202624054
143900.0,153757.2218087693
337900.0,358310.8917206331
76300.0,125514.11764283452
160100.0,220585.22754168432
130600.0,157522.6141567594
112500.0,120202.22549767439
329200.0,247235.77766476813
233300.00000000003,129315.18113784972
99200.0,117969.57037424779
197900.0,171227.21797335174
204100.0,230818.96987589076
350000.0,345400.10603841714
62100.0,91651.71959591703
140400.0,106909.68782389892
152100.0,211959.0898915298
130500.0,103550.06230924572
195100.0,301089.39317006303
199500.0,239011.88789511521
137500.0,133049.5347540456
275000.0,172262.49982517023
122900.00000000001,133654.74034329614
109000.00000000001,231455.62771236882
121700.00000000001,105779.14367761927
302000.0,350650.4619236468
241699.99999999997,215090.29851623464
153200.0,196173.19512183274
169300.0,361495.52200184023
358500.0,402994.0389361244
175000.0,225684.95557376608
112500.0,122605.90738025698
376000.0,363298.6271030422
118800.0,112528.54581024883
401000.0,375136.6694463292
107900.0,112971.22484598005
339700.0,276095.8579615051
158000.0,171657.05845195425
468800.0,348618.3157877253
63100.0,92638.90477923748
184600.0,171227.21797335174
189700.0,239020.18731533788
190900.0,234472.8343967959
67500.0,149445.72333681514
85300.0,106909.68782389892
173600.0,194814.62743863987
129700.0,123477.28150975207
181000.0,336200.8264837662
500000.99999999994,486136.6435379729
376200.0,435132.3882170389
243000.00000000003,265315.66945655784
148200.0,176990.19781182893
238099.99999999997,231053.7151558301
450000.0,319769.9397750423
240000.0,208362.12320738574
500000.99999999994,145661.89499844154
274100.0,268756.5311620537
190100.0,226610.56362683524
268400.0,230778.9027933972
349300.0,216461.75700415322
275700.0,185507.90545682557
182800.0,237807.80349784574
500000.99999999994,482703.3492380689
213200.0,229263.51846394845
179500.0,194814.62743863987
138500.0,143614.7070670169
181300.0,161568.58651809103
340500.0,314359.1615257567
225000.0,136525.5155132789
68300.0,135041.74216658334
237900.0,212987.43439965724
149700.0,164754.70143110614
125800.0,145907.32892603733
87600.0,297240.79514043476
125000.0,157522.6141567594
168800.0,130561.69800718965
135000.0,181713.10730225072
86300.0,139038.98835660232
64900.0,114326.44856346255
106300.0,171892.21917984184
285700.0,275904.48900151206
272400.0,228612.5328436937
217700.0,228879.77726483703
91800.0,125366.77855688245
163000.0,166853.1920174259
195100.0,220498.84038325347
32500.0,134916.74293093686
275300.0,164245.9850092884
136900.0,197483.0581088914
194100.0,171227.21797335174
230200.0,248990.46463233672
143600.0,169871.84752752003
39600.0,126846.65818713777
59800.0,106909.68782389892
210700.00000000003,196638.31718043197
156300.0,92638.90477923748
215600.0,194777.81552243663
177500.0,188342.47484915235
218900.0,310896.2350938741
128400.0,168636.85298180263
190600.0,162064.2498109858
398300.0,348618.3157877253
367100.0,182734.20102573337
122500.00000000001,263878.16434539075
376100.0,155613.7180545079
157600.0,145063.610790115
178100.0,188246.97771808808
72400.0,105779.14367761927
287600.0,216923.5156532904
175000.0,143359.14235456623
280800.0,224041.7356018832
160500.0,193473.8489059813
158600.0,145586.81976973749
144300.0,223591.01743743103
136300.0,144547.15670378727
218200.0,216068.81388339613
466399.99999999994,397454.7352417381
386100.0,471805.0441465357
251200.0,251155.02227689762
190400.0,124761.50094612018
223100.0,224195.99148871496
361000.0,231089.13911684972
275000.0,180238.204398768
70800.0,163931.54962168605
459999.99999999994,283250.98863930476
67500.0,126809.75486782787
225000.0,172674.19920175787
176100.0,185957.00084983767
52400.0,88544.35781338727
167600.0,172711.31122960272
99700.0,160601.60508868354
88900.0,113210.29268488027
223700.0,203271.55963273768
180500.0,172131.9826226692
93200.0,140556.64361430096
173800.0,149603.27147078564
490800.00000000006,457118.99142414634
104200.0,142279.7466630065
276100.0,169052.93307231425
254700.00000000003,205590.71307202897
212300.00000000003,223496.58202439986
87500.0,129959.28455257829
94200.0,165250.023921653
163500.0,195110.97173124395
500000.99999999994,171549.26655515633
125000.0,196228.965852208
182300.0,197338.02781790163
111700.0,142141.93610919834
146000.0,172833.77710487085
500000.99999999994,465711.3861502109
320500.0,243988.05270005573
48000.0,104824.44637880097
168800.0,228225.7477213249
67500.0,116880.1704094346
173100.0,161505.41335847325
150000.0,107405.40395764097
329200.0,247752.36192443164
141000.0,116029.90813455624
378000.0,363872.3061985193
80200.0,88544.35781338727
203300.0,195296.77614908802
394900.0,397335.86365904065
84500.0,164893.6689516509
327300.0,236908.58332354986
201200.0,228252.1946891838
162500.0,203581.9743057062
266000.0,296791.38897564006
221200.00000000003,193380.6630493836
176500.0,169777.43605296058
206300.00000000003,185876.235453808
500000.99999999994,370733.5811192806
186700.0,167272.6263768791
112500.0,220389.09351745975
90500.0,105779.14367761927
190800.0,181713.10730225072
198800.0,164477.58886113932
165600.0,221961.27057985787
500000.99999999994,420833.4249276244
145700.0,172529.2794970616
91300.0,118696.61294969742
140400.0,149537.02628216412
191700.0,215335.32358411097
61100.0,122315.02466484632
153000.0,138566.245774135
85500.0,111708.73900953408
164500.0,194718.47845761225
386200.0,402001.671383465
341300.0,355807.72983889125
246400.0,204958.1119621856
121800.0,165180.76309571406
132500.0,221773.59370352692
98000.0,131595.95595368528
241400.00000000003,192556.69791432758
171300.0,210842.44016563537
120100.0,158771.7455211344
500000.99999999994,486999.9317349341
192700.0,195146.76113292977
232799.99999999997,145785.09839095996
191800.0,197550.5483448121
196300.0,170861.9807786978
293900.0,259645.44023349945
84600.0,106909.68782389892
500000.99999999994,456175.47163866356
500000.99999999994,436701.25553956884
107300.0,143033.3951554859
150000.0,199334.57648307708
204199.99999999997,153709.73616175237
268300.0,228612.5328436937
103499.99999999999,159245.66390722035
161500.0,163765.3110888479
222400.00000000003,220166.3285799955
166900.0,152033.95259590333
229199.99999999997,230243.12710517884
205900.00000000003,160629.87904335518
95500.0,88544.35781338727
162500.0,208261.74430617745
240700.0,232933.00132138678
82800.0,111323.82483995026
230200.0,220711.530714832
185900.0,158315.41782546192
105800.0,128292.16841046927
118800.0,149132.0756621459
194400.0,230569.83402616056
183300.0,159400.4833243478
292500.0,162813.1164619164
144200.0,163651.75188190606
500000.99999999994,255221.4367625564
134200.0,198810.39498677145
52800.0,104433.71130006638
188700.0,169775.18439683918
204000.0,239340.96313053192
179500.0,163768.96041453336
98900.0,135239.00155321346
279900.0,170788.1106017124
327700.0,311731.42473422555
208000.0,167490.93556620704
208300.00000000003,224997.6877898953
112500.0,273278.1965664912
234700.0,298557.6552021308
214500.0,195759.52463292153
338500.0,351268.53809865384
500000.99999999994,487299.33149993315
284100.0,219735.3989475218
500000.99999999994,393431.27542569325
181300.0,165783.26420149748
125000.0,126728.71455042991
412500.0,201587.98026568242
112500.0,161467.21287318403
90300.0,100842.85699329666
96000.0,163594.69440979126
142500.0,192788.5384240301
266300.0,256097.52085849832
165000.0,156744.20674295127
118000.0,169707.0293047107
156400.0,168104.77593131608
426800.0,452743.38132350036
308600.0,251155.02227689762
239200.0,143693.94718491164
109400.00000000001,195294.40257432233
66600.0,105779.14367761927
368500.0,327571.10675344366
330500.0,309086.8492533068
273600.0,196295.97066382962
500000.99999999994,487299.33149993315
321100.0,334590.37096468604
242600.00000000003,164262.27088569134
231900.0,310896.2350938741
151400.0,176157.36326188815
227800.0,250415.7037779135
380000.0,342764.58892637683
95200.0,238759.32039702067
193900.0,170846.85365739051
260700.00000000003,169775.18439683918
191000.0,147153.91653640254
64900.0,105779.14367761927
128299.99999999999,129900.03559797286
189800.0,277820.96594314324
183300.0,157363.01015825503
151800.0,92638.90477923748
257300.0,195294.40257432233
137500.0,88544.35781338727
125000.0,110608.39107473334
218100.0,171227.21797335174
168100.0,164893.6689516509
231800.0,217181.61456964657
149000.0,194629.41184638944
170300.0,216886.09214135737
391300.0,245417.31899385044
282300.0,310896.2350938741
500000.99999999994,426277.92635957693
135400.0,157540.48846662327
328400.0,172587.596112798
350000.0,166612.0387491436
182300.0,168654.7274932703
500000.99999999994,486999.9317349341
192000.0,164831.50044307054
240800.0,251195.95277329694
175000.0,167489.52239957862
126400.0,143072.55033170903
125899.99999999999,147745.73229387705
194700.0,224783.67029483846
341800.0,379970.5299310921
211900.00000000003,165512.87071295778
137500.0,104607.93386814972
270600.0,347746.79487391555
172300.0,166216.0449475326
262100.0,181861.6948838322
149100.0,161505.41335847325
339100.0,174461.04906302158
248600.00000000003,175535.40403217907
128699.99999999999,200829.01214298335
343900.0,218734.22640823774
175000.0,167506.8771344622
287500.0,195265.2913659689
143600.0,126252.46272046305
346200.0,225879.56512906725
232200.0,264049.69968775247
200000.0,193095.74080670907
241500.0,233541.55851648943
67500.0,108472.13035734095
191700.0,163705.62920063792
178300.0,232784.74608775575
178200.0,197691.3508805804
133200.0,169775.18439683918
273800.0,272128.4665050612
152200.0,214113.44180925866
187100.0,219501.0556347173
137500.0,159662.411109425
110400.00000000001,126000.76407139609
240600.0,162387.96102231627
162500.0,158315.41782546192
83800.0,116171.99239331987
265600.0,220498.84038325347
211500.00000000003,197992.23420753505
173400.0,288484.20151324366
310000.0,200595.3001472687
99500.0,167937.62758336923
191400.0,195103.57699759572
220100.0,164893.6689516509
167300.0,183355.11334532633
65000.0,109963.65261770022
141800.0,195760.1283937203
290600.0,310896.2350938741
319200.0,310652.66312909895
118800.0,128328.98262821186
200000.0,213111.59611338988
219499.99999999997,172097.64879874597
289400.0,295989.17357245414
116399.99999999999,128292.16841046927
162300.0,172870.0581577319
114100.0,152175.63935581874
71300.0,136108.95760384796
190500.0,172870.0581577319
197300.0,168307.90822869763
72200.0,96447.87898422503
103299.99999999999,166083.13838000593
143000.0,163594.69440979126
244899.99999999997,223904.87774732802
500000.99999999994,386205.9893795339
183300.0,161764.59589816158
86100.0,118231.67352103174
218400.00000000003,280670.4456812904
110800.00000000001,138095.08887255678
211300.0,169957.2161293803
338800.0,325906.59178334894
123100.00000000001,159072.38982344308
269500.0,165113.28167396833
321400.0,178227.97257522936
81900.0,164893.6689516509
500000.99999999994,486490.3297881193
304600.0,348618.3157877253
72900.0,105804.81739383584
158000.0,164865.8021971431
62200.0,92638.90477923748
116300.0,104891.77224573342
314100.0,164477.58886113932
362500.0,271459.3531683631
500000.99999999994,459911.67483493604
74100.0,126044.45954741843
150000.0,163534.71231868898
270000.0,213926.10481187247
120800.0,147293.63763653647
250000.0,269517.8237561927
72200.0,129742.79404248841
375000.0,312225.3837245822
239600.0,219449.13714396904
183300.0,230924.14354651395
161200.0,196173.19512183274
250999.99999999997,170119.14777257387
45500.0,107086.05412565802
178100.0,117338.26525144148
258900.0,295394.905847369
145800.0,149286.02235842368
84700.0,103430.3476924245
216699.99999999997,164865.8021971431
130400.0,156611.53168036626
158500.0,161127.23541603566
117800.0,115286.32746938955
215000.0,198849.71418957293
268600.0,237540.08126999103
100000.0,128246.9988405165
332700.0,442148.16519513144
186700.0,171227.21797335174
53000.0,88544.35781338727
149700.0,161830.40965061044
345800.0,193047.89156783654
124500.00000000001,161451.34724867129
475800.0,477850.83742731233
500000.99999999994,325649.43837311736
500000.99999999994,486982.87861887895
175900.0,192556.69791432758
183300.0,310896.2350938741
253100.0,354159.47652920475
117800.0,168636.85298180263
143500.0,195294.40257432233
500000.99999999994,261771.6215863269
142300.0,142773.71983678036
121000.0,164754.70143110614
268800.0,254253.27848958113
330200.0,338379.0496846749
121800.0,161024.35893225318
416899.99999999994,310226.87025534024
266700.0,316790.2539059823
189400.0,166942.00554443078
443600.0,263113.5022255452
163000.0,165434.73343665848
382500.0,293631.2577287055
106300.0,154554.6817189595
57799.99999999999,107097.85574170576
57499.99999999999,107405.40395764097
238000.0,278734.7210873941
218900.0,230243.12710517884
118600.0,134750.60090639172
309100.0,332426.7837219033
213200.0,172262.49982517023
180200.0,171227.21797335174
470800.0,302962.14841968333
337200.0,164477.58886113932
95300.0,122363.9780040557
103899.99999999999,131432.9940336541
500000.99999999994,196173.19512183274
215000.0,209769.64955588378
189400.0,211959.0898915298
171400.0,144148.68999315627
357000.0,215704.50665402279
196200.0,188933.8978358214
98500.0,133797.75466552473
178800.0,170840.76714783482
226600.0,219735.3989475218
171400.0,174093.71943732485
271400.0,210223.53137100372
216800.00000000003,296609.9740150526
67900.0,110017.04960642863
171300.0,195294.40257432233
110900.0,128292.16841046927
332500.0,259645.58052558248
150000.0,167324.1271963471
173400.0,277494.5074568137
237500.0,221559.4792210976
65800.0,109963.65261770022
173100.0,195508.20439389985
321200.0,204264.7617640258
265000.0,348618.3157877253
87500.0,102728.82815616163
210300.00000000003,220831.26465609926
247800.00000000003,310896.2350938741
375700.0,370400.88075354847
113700.0,112528.54581024883
500000.99999999994,372434.51648287976
45600.0,88544.35781338727
130600.0,116809.14651377258
198600.0,229556.8883867836
436700.0,348618.3157877253
92600.0,158642.08202290852
150000.0,186053.58206796236
359900.0,251654.31888040903
500000.99999999994,473360.8692422162
93800.0,168307.90822869763
383300.0,422757.8665398372
191700.0,195541.95499386676
267200.0,231303.89093930408
280200.0,165558.67015814103
52100.0,98972.9352409298
110200.00000000001,138415.73933917106
164600.0,169775.18439683918
324800.0,331815.04589186603
122700.00000000001,196604.26556138098
216699.99999999997,211993.0471582099
73600.0,165247.44212651448
254100.0,180126.8652619606
187500.0,164636.17119806696
166000.0,268814.30039597047
157900.0,210978.27873612766
193800.0,171227.21797335174
140800.0,168307.90822869763
95300.0,129863.60576666737
227000.0,279948.0482030939
265600.0,172134.70634822827
90200.0,125921.45697440727
183200.0,157586.8611175486
184600.0,169775.18439683918
162500.0,181552.5866200424
125000.0,178666.47875826503
97200.0,143074.75641037946
355300.0,243746.55618665004
136200.0,155464.5806639813
125000.0,161705.68010689595
305600.0,290519.7020404995
176600.0,148656.08161066452
348600.0,266847.28532405547
299200.0,272301.9359670175
72100.0,226677.66847158773
109500.0,169052.93307231425
281100.0,310896.2350938741
156300.0,210384.54822933956
234200.0,225879.56512906725
59700.0,114303.82294459255
250000.0,290236.7251133934
203300.0,181042.5738320562
173100.0,216211.3198998017
300300.0,282153.5985812208
238000.0,171499.1699077111
179000.0,171227.21797335174
166000.0,208261.74430617745
160700.0,169775.18439683918
147500.0,139847.71872136602
192100.0,156680.7292428347
56399.99999999999,111248.86094552185
304800.0,348618.3157877253
439799.99999999994,331189.28433400055
137500.0,163867.56084383148
137500.0,132319.31807077726
134600.0,128292.16841046927
262500.0,211221.08785915503
83400.0,143693.94718491164
113500.0,163902.40965102823
71400.0,164893.6689516509
204500.0,198215.53907274504
282400.0,313478.20763940463
145700.0,179813.78232821292
264700.0,275988.9420595252
275000.0,118632.86339232836
171600.0,153279.2117015213
216699.99999999997,221179.6894633685
180700.0,201123.75039193328
212500.0,110282.41397020915
167700.0,252654.2249274601
42500.0,88544.35781338727
238400.0,310024.71418006433
144000.0,92638.90477923748
43600.0,88544.35781338727
363500.0,246636.4192779023
186200.0,301091.2680188135
67500.0,106108.9897107377
159600.0,251335.1054416931
195600.0,161998.4268047874
154800.0,222588.4385454031
450699.99999999994,414023.8880405535
69900.0,92638.90477923748
132200.0,165180.76309571406
328000.0,391426.2393691539
272800.0,203775.53887190763
66300.0,133858.09671754367
129299.99999999999,162127.26819439608
77100.0,154519.57860678626
155500.0,176852.99489584434
126000.0,143025.96196882598
240300.0,165717.02142888244
133000.0,127609.88749504896
94900.0,157186.16580106597
203900.00000000003,301091.2680188135
61000.0,117578.83529551318
139200.0,135698.14279898294
229199.99999999997,156308.29432143446
260600.0,331193.91904199665
251100.0,170449.94860504166
327600.0,210597.45151492793
167900.0,176272.53088584632
212000.0,211418.59683452605
233300.00000000003,196173.19512183274
255399.99999999997,239881.35406879126
67500.0,106909.68782389892
162000.0,288908.7885908069
117200.0,102060.37137887179
109700.0,158642.08202290852
275000.0,129863.60576666737
111800.00000000001,122586.89971328102
166000.0,173383.45885189425
92700.0,110205.58199390149
186000.0,172870.0581577319
97300.0,132961.02487120635
241299.99999999997,328559.1423217589
258500.0,216326.55245644186
138200.0,208242.44592217365
196100.0,225879.56512906725
419200.0,432379.79612423177
138800.0,133654.74034329614
376600.0,438944.4107205778
165100.0,171715.27198877506
181800.0,137958.5543471641
211800.0,166356.67585960703
112500.0,184821.38498377605
144300.0,169707.0293047107
222000.00000000003,234922.01874324103
53600.0,116451.91511654913
130800.0,186786.14628210381
227599.99999999997,246976.18917584282
275000.0,233067.3186275145
191900.0,169155.55696554325
64100.0,105779.14367761927
68100.0,122605.90738025698
255200.0,170802.9115265656
244099.99999999997,270523.91724575066
337000.0,307678.025344566
208300.00000000003,147339.44506183136
500000.99999999994,451611.5045840655
172100.0,245765.23686876165
128899.99999999999,111498.27575615572
144900.0,92638.90477923748
72000.0,102551.87013953592
142900.0,180174.69930452007
436100.0,310896.2350938741
204199.99999999997,168771.47179133323
195700.0,234228.6040756021
90500.0,120969.70792358294
236100.00000000003,169904.6316673914
186900.0,164893.6689516509
162500.0,212038.10837838176
112500.0,165558.67015814103
57999.99999999999,88544.35781338727
307400.0,351016.66670740716
353800.0,348618.3157877253
290900.0,278293.6760075263
358600.0,243807.7198442564
246200.00000000003,263105.7303661553
72100.0,194859.79107885913
107500.0,161400.10185007588
78600.0,114451.11913028274
187600.0,172529.2794970616
97900.0,129825.67138763139
186600.0,240960.98494490664
196900.0,219550.41380881556
111500.0,164893.6689516509
156300.0,195453.9906498771
218200.0,233821.4971089056
293500.0,471581.93325253495
59000.0,114664.90322152246
162800.0,145742.8675856266
102899.99999999999,139429.72343533693
54300.00000000001,140499.28932772423
166300.0,164477.58886113932
152500.0,161180.06636712365
142600.0,154933.6887728601
150000.0,162949.88682161487
84400.0,92638.90477923748
210000.0,160188.02484919727
137500.0,170901.52986398007
350000.0,315996.1441290658
171900.0,147810.91915955005
143100.0,153976.21031859753
452299.99999999994,354391.9905339045
176000.0,195294.40257432233
112700.0,162801.34614357183
68400.0,109963.65261770022
190700.0,168959.4730324628
331800.0,421450.2007297072
184000.0,229523.309701773
162500.0,121632.90654081089
129400.0,168365.54908705395
172800.0,133324.10339556087
191100.0,195294.40257432233
294900.0,292682.47982749454
188600.0,165123.9096750317
63800.0,146591.26455956415
466099.99999999994,446899.0037037315
186800.0,159533.53758733897
139300.0,170958.41323759314
330300.0,206802.0029337192
284800.0,304599.7244142683
198800.0,165798.4336009684
69300.0,109231.96281954365
145500.0,162777.05850728555
166200.0,171227.21797335174
273800.0,219735.3989475218
149000.0,164893.6689516509
215400.0,197691.3508805804
287800.0,358445.8226334466
406300.0,230456.6754136525
160300.0,148094.9711768987
240000.0,314902.37231417286
60900.0,110610.60162701081
142300.0,148205.0461152593
84800.0,151659.87222783075
205399.99999999997,195294.40257432233
396800.0,316831.33376941725
135400.0,141793.7353740339
115399.99999999999,194665.30688942928
162500.0,210708.07788855332
425000.0,225679.0180916375
114300.0,116495.89621682148
500000.99999999994,478001.0006831767
500000.99999999994,466425.30632044555
48700.0,88544.35781338727
294700.0,300935.5340614104
300500.0,184927.49940266748
343200.0,175905.68467750744
92000.0,110555.69357506972
278100.0,314417.25802185247
380900.0,435338.1659964182
339800.0,259023.8768960349
96800.0,134434.36700936683
270000.0,162387.96102231627
190000.0,229497.76621098016
181300.0,135819.40888668946
100600.0,163224.41376446286
170800.0,122264.8164725209
152700.0,135865.91311472046
353600.0,178541.30242688092
200000.0,205974.4947887968
213400.0,231004.77870068385
153100.0,128328.98262821186
379700.0,174209.62944033832
275000.0,262643.0874100293
78600.0,228168.72834064683
188300.0,249218.23972653094
138000.0,194224.7844500853
500000.99999999994,464041.3968048187
197400.0,171227.21797335174
244600.00000000003,230243.12710517884
165300.0,173518.71912250906
300400.0,297595.0365614616
88200.0,158642.08202290852
500000.99999999994,474694.948537322
163100.0,125311.82026317065
191900.0,196173.19512183274
355300.0,287034.26475713326
430300.0,308638.1373446093
42700.0,88544.35781338727
378100.0,361502.9145724792
264000.0,213510.16979073058
111900.0,172529.2794970616
224500.0,154933.6887728601
125000.0,164893.6689516509
64100.0,111095.99551222101
88400.0,137089.81538828005
389200.0,285770.3547164821
193800.0,106909.68782389892
500000.99999999994,348618.3157877253
187500.0,358877.93634131213
210300.00000000003,229686.8840993945
212800.0,217006.24142172502
177500.0,176165.97558210482
181300.0,116102.27257358117
159500.0,195508.20439389985
177500.0,161813.98378722992
116100.0,139932.70140540416
500000.99999999994,348618.3157877253
162500.0,159334.04096031107
135500.0,154251.40785743977
99600.0,125232.1480422385
118500.0,167353.06846031194
156900.0,165884.78057458397
147200.0,164004.01986525083
85800.0,125826.76484261312
500000.99999999994,233260.05161354854
170900.0,211073.1400701881
257900.00000000003,320386.49111684883
164300.0,164893.6689516509
438900.0,271501.9111753027
98000.0,166216.0449475326
288700.0,271459.3531683631
203200.0,231680.79559768122
283600.0,234352.95640641102
162500.0,236908.58332354986
95300.0,106909.68782389892
161700.0,197350.7819865188
187500.0,162542.84235902366
158000.0,169882.86745443597
456100.0,226773.1684500189
102899.99999999999,225348.7006169531
165400.0,195095.12080255724
54400.00000000001,104824.44637880097
147200.0,161180.06636712365
95000.0,127609.88749504896
143000.0,325290.3927547748
97200.0,165405.9388451439
112900.0,164477.58886113932
173300.0,235711.85361737412
393100.0,281105.5127091762
63000.0,106108.9897107377
297300.0,248833.750794399
242099.99999999997,151139.46534896272
293900.0,318732.5246958286
113100.0,143111.1241383222
137200.0,140947.37869303557
297100.0,154251.40785743977
243500.0,202110.08137037713
98800.0,106909.68782389892
244800.0,230243.12710517884
327800.0,351744.8648928214
437500.0,315996.1441290658
163500.0,110718.66202888645
102400.0,152996.25656298397
112200.00000000001,158642.08202290852
165900.0,285791.2956175494
250000.0,310896.2350938741
158100.0,171227.21797335174
87500.0,150779.61233879178
135000.0,166827.7120920404
79500.0,194905.85449761283
162100.0,114300.12895975164
228399.99999999997,153144.39958521893
140600.0,149945.53411365402
71300.0,176331.6994113471
266300.0,271459.3531683631
81300.0,106909.68782389892
185000.0,227147.6729591904
329300.0,344873.9601477626
168800.0,160455.21477812753
110400.00000000001,170846.85365739051
500000.99999999994,348618.3157877253
85700.0,211946.43800378402
63300.0,88544.35781338727
500000.99999999994,481807.79759412503
183800.0,187922.22784488357
150700.0,161656.51026506937
242899.99999999997,227485.56455257616
326700.0,251195.95277329694
220400.00000000003,205766.7210819007
240700.0,213180.66719845682
500000.99999999994,477524.28206222504
98400.0,106909.68782389892
166900.0,172322.05965844434
205399.99999999997,227614.74809515759
90100.0,139038.98835660232
189800.0,195294.40257432233
162500.0,106108.9897107377
333700.0,233363.3391747967
85100.0,133267.01140464665
134400.0,127609.88749504896
144600.0,162927.28784180418
215000.0,151880.87532341536
97500.0,126886.65958609518
210000.0,297950.67247021163
312000.0,291276.5053574302
300000.0,193512.41658518714
202400.0,196173.19512183274
254100.0,359139.87330539234
115999.99999999999,247904.5931870803
167000.0,168688.15881054345
396900.0,354159.47652920475
227000.0,164477.58886113932
500000.99999999994,346173.6687724568
500000.99999999994,472764.6645400658
199000.0,153757.2218087693
369100.0,451777.5449610297
22500.0,130653.90746684646
95700.0,120972.4684368291
365900.0,447368.6359012078
215800.0,204958.1119621856
205500.00000000003,171227.21797335174
500000.99999999994,373653.92707712593
250800.0,198166.8343766108
363600.0,373570.1689054447
294200.0,286931.22498583945
171400.0,164893.6689516509
261300.0,197085.73826931007
114900.0,106770.38780576369
258400.0,170846.85365739051
106300.0,107280.66595905146
98900.0,135122.6734161441
242000.0,195294.40257432233
146100.0,160805.0922141214
154600.0,222214.6831005008
197500.0,199433.17206019987
289600.0,241456.44108850908
325700.0,249213.2213626354
53300.0,88802.2186467206
87800.0,114058.19958355039
178300.0,178270.574282042
197100.0,218053.87545227836
123400.0,167711.60146680876
292900.0,281088.3183436013
109800.00000000001,149603.27147078564
124200.0,200801.34750126477
57299.99999999999,108770.37503786277
404699.99999999994,340036.27665840805
187500.0,209363.67679166343
63700.0,106909.68782389892
101200.0,195294.40257432233
500000.0,382378.3479042188
45500.0,92638.90477923748
463500.0,347692.434276649
181300.0,273924.495309776
307400.0,180053.53867957133
371800.0,402769.9044829854
56000.00000000001,116988.00701458799
289300.0,196173.19512183274
128200.0,166216.0449475326
271400.0,199739.20387938118
182100.0,196173.19512183274
219400.0,220498.84038325347
78400.0,168954.8865992054
96100.0,108025.12002328335
394700.0,359667.58852137113
222500.0,219735.3989475218
87500.0,226622.6282308426
137500.0,179880.31900219354
246099.99999999997,204237.74659465218
175700.0,171227.21797335174
164100.0,171227.21797335174
132800.0,164477.58886113932
129200.0,107001.44854637084
224100.0,169419.77928065314
103899.99999999999,96447.87898422503
112799.99999999999,163996.92733590907
243800.00000000003,206764.47915717025
88600.0,108861.17282939977
186100.0,284005.736029131
186100.0,165142.5900676294
160900.0,168474.06103575905
149200.0,128942.8777854154
76400.0,106909.68782389892
500000.99999999994,354159.47652920475
95600.0,153086.0624801443
237500.0,230708.6321019631
418300.0,329745.7721300884
197500.0,310896.2350938741
66400.0,122364.07187438017
269000.0,338572.60466990306
219000.0,341972.2978967061
156900.0,195294.40257432233
134200.0,181713.10730225072
204199.99999999997,209301.52573563743
218800.00000000003,302011.5557858789
181800.0,276809.050760954
168500.0,171227.21797335174
299200.0,284531.9060616962
166000.0,156925.17180731424
193500.0,169775.18439683918
212500.0,155396.41415023577
386200.0,235634.54432821416
268400.0,169775.18439683918
128099.99999999999,171227.21797335174
271200.0,232459.0126428339
88400.0,160601.60508868354
101499.99999999999,119307.5120479833
495500.0,354466.9838862058
167300.0,127280.04146193052
141300.0,191620.78359970314
500000.99999999994,487299.33149993315
321300.0,318574.28769433807
82100.0,119335.7623046411
92900.0,159662.411109425
168000.0,191154.93400547688
135000.0,167080.42012177527
243100.0,166976.72446890868
157100.0,310024.71418006433
97900.0,89827.94310927186
177700.0,171227.21797335174
131800.0,161127.23541603566
268800.0,275736.41958734137
314300.0,161424.48916560216
183600.0,204558.64320461097
100000.0,118250.61041381203
232200.0,219143.75703670914
138100.0,195294.40257432233
162500.0,159040.26941445805
457300.00000000006,266065.8124245989
139200.0,194224.7844500853
244499.99999999997,188056.31676916554
61600.0,88915.33594853981
237000.0,174059.27499325085
112500.0,155575.1205627759
122300.00000000001,169351.33484322525
500000.99999999994,233133.31854819498
110100.0,169447.03077007347
300900.0,261952.73064130772
167500.0,170430.77356687892
246400.0,310896.2350938741
279300.0,353506.2581658529
413999.99999999994,300247.4558288699
58700.0,88544.35781338727
294900.0,353289.8545128955
365200.0,269337.8656153593
368300.0,312262.3414129603
239200.0,147836.19745182284
121400.0,171813.12200056628
215000.0,242684.63054913993
113900.0,194630.95252866362
236400.0,168367.46806197174
171700.0,201342.578191548
248500.0,310896.2350938741
58199.99999999999,106909.68782389892
67800.0,104433.71130006638
75700.0,95746.26656176722
178000.0,169957.2161293803
60400.0,106108.9897107377
226100.0,282884.46565550636
179500.0,173052.08989027306
158200.0,197483.0581088914
278600.0,301592.0361698499
480800.0,325967.0881824259
192300.0,162852.140654455
141700.0,117578.3701036486
330800.0,333273.6513807436
100000.0,129519.49178323234
103200.0,150311.89707100645
53500.0,88544.35781338727
185700.0,161577.9258736383
192900.0,164754.70143110614
256000.0,333522.979665184
138500.0,156851.03505778813
69600.0,121735.84011242437
246800.0,265054.84123548475
265900.0,292865.43149588146
162500.0,139429.72343533693
322700.0,307385.80263627204
148900.0,172162.4332887227
429000.0,449283.9529196583
500000.99999999994,462378.75900262495
254100.0,286485.8769873725
328100.0,239976.2783797942
169100.0,168643.46740390937
255399.99999999997,239018.119174748
76400.0,99945.82348582007
151400.0,228015.67424372342
311100.0,271459.3531683631
187500.0,152759.80838749322
213200.0,169419.77928065314
208300.00000000003,162405.75034843138
202800.0,230818.96987589076
90100.0,271872.6604989297
92400.0,131787.877545414
136500.0,127467.27240237706
92200.0,88544.35781338727
79400.0,90860.80060585197
95500.0,116495.89621682148
249200.0,196173.19512183274
111700.0,169888.2369146851
190600.0,135393.47138461185
191800.0,182167.14810585196
500000.99999999994,357058.7213821283
50800.0,111286.20715897849
163500.0,116733.66704594284
368900.0,347648.31440232217
56999.99999999999,105978.67877226927
75000.0,142391.2921584039
229000.0,220937.08362223775
340900.0,345106.3578757071
276600.0,203192.109913274
188400.0,237657.47523408313
73900.0,92638.90477923748
150000.0,294947.0656518076
147100.0,152266.1191456074
186300.0,144784.50115397302
234900.00000000003,211649.2297954034
122500.00000000001,178295.8316176581
398900.0,247492.40778847862
250000.0,339762.0333585109
113599.99999999999,165512.87071295778
244800.0,221956.00827277402
225000.0,155892.85380293822
186900.0,261314.96911094128
309700.0,315763.4000653867
130600.0,194224.7844500853
342300.0,212568.94614051926
65000.0,108918.99334465119
278900.0,181713.10730225072
168800.0,181833.34541969918
418400.0,392981.01269735
109000.00000000001,195294.40257432233
160100.0,160749.4244738666
345000.0,302285.89360108034
418800.0,339677.4417006437
209100.00000000003,164893.6689516509
97500.0,137191.19281294174
500000.99999999994,483281.3021249224
108600.00000000001,92638.90477923748
133300.0,158389.48033514278
50900.0,88544.35781338727
311600.0,274331.5779915127
365500.0,316601.35319765535
175000.0,143522.09804577593
170300.0,134711.19046919153
279500.0,266514.8646064558
125899.99999999999,166856.54628636752
155700.0,195760.1283937203
83300.0,108710.37512339483
156300.0,247012.36534187154
214800.0,272926.89377033064
110300.0,113067.66402314244
165000.0,128328.98262821186
349500.0,278397.2438520779
500000.99999999994,487299.33149993315
125699.99999999999,111416.33058983102
193100.0,224034.70668035597
500000.99999999994,487299.33149993315
199600.0,214808.39669769426
500000.99999999994,310896.2350938741
163400.0,211714.37145944167
137500.0,139429.72343533693
121500.00000000001,169369.94333384704
381200.0,310896.2350938741
111900.0,175251.82329213765
57999.99999999999,104623.84024904468
63800.0,117162.2109889926
363200.0,268881.6484133369
206400.0,129475.28462731495
370800.0,226518.5199886065
81800.0,112620.27418131309
271500.0,172262.49982517023
197000.0,197691.3508805804
73400.0,158519.96761280874
301700.0,348618.3157877253
119600.0,199666.99244753423
258100.0,222701.22884558263
17500.0,230630.68124700207
145700.0,169775.18439683918
102000.0,106909.68782389892
400000.0,348618.3157877253
99200.0,169775.18439683918
485400.0,402385.3220758755
477100.0,468891.0804462487
66900.0,88544.35781338727
375400.0,473941.2081977107
169600.0,215445.05146990015
247600.0,236686.13298712976
164700.0,163686.93954987646
309400.0,348618.3157877253
185300.0,213549.95002675508
230200.0,249221.26085214078
156100.0,164077.74866895063
302500.0,302876.53362286364
97800.0,165142.5900676294
251300.0,310896.2350938741
281300.0,197603.01181752692
153100.0,123188.67581568274
355600.0,353718.2248229169
101299.99999999999,124780.6197893307
266000.0,213124.82305734197
160700.0,183177.52094841615
305800.0,193300.41793540271
147500.0,164477.58886113932
186300.0,171227.21797335174
162600.0,138344.76351532646
484700.00000000006,423392.1908288843
175000.0,215541.15061587843
127200.0,169957.2161293803
365100.0,352211.8860581555
236500.00000000003,221162.8330453449
214000.0,239129.20294832546
225800.0,244479.86359133318
128899.99999999999,171445.0652461256
73500.0,220117.1979568055
114700.0,170463.88805589257
175000.0,158254.5303652094
318100.0,171227.21797335174
331200.0,205922.8206892727
192500.0,220977.6224239592
159500.0,149870.04622922157
162700.0,173518.71912250906
67300.0,163871.5224664799
212900.0,219735.3989475218
140600.0,145832.43671670204
186500.0,166437.1119269143
393200.0,366520.330904744
55300.00000000001,92638.90477923748
409800.0,281017.7213246607
191800.0,171227.21797335174
99500.0,161127.23541603566
175000.0,168577.62827213347
158000.0,181496.7635522646
106900.0,146162.22493270994
277200.0,177596.9174012108
326700.0,195078.3736175417
96000.0,89827.94310927186
431799.99999999994,486982.87861887895
172200.0,166358.87255309892
112500.0,150853.9973991944
225000.0,136800.5735504472
259500.00000000003,233658.016174698
291500.0,243977.46867369048
50400.0,88544.35781338727
150000.0,229574.2233152078
224600.0,230243.12710517884
130600.0,168977.60625237002
69700.0,164893.6689516509
353000.0,250071.53871466377
231199.99999999997,266147.11391608464
205100.00000000003,194165.8304700644
398100.0,363698.8182358803
141300.0,172711.31122960272
173300.0,201294.38132370773
127899.99999999999,117162.2109889926
289500.0,191035.14584049382
95900.0,152085.90638039357
133400.0,194025.54490226464
146800.0,171227.21797335174
181300.0,225649.84540704315
54600.00000000001,107629.73925409876
55500.00000000001,88544.35781338727
150000.0,171227.21797335174
102800.0,93922.49007512206
93300.0,116061.18003781453
123100.00000000001,195294.40257432233
231800.0,125132.10127279045
159500.0,170463.88805589257
108300.0,130348.8468456698
43100.0,88544.35781338727
105600.0,149722.83337742425
168300.0,169440.4358338317
28299.999999999996,114394.08772025787
282900.0,287071.96014027507
234300.0,194629.41184638944
212500.0,128328.98262821186
205600.0,162785.8205288309
150000.0,230243.12710517884
193000.0,168307.90822869763
14999.000000000002,232172.23423705797
170000.0,151490.6564097319
168300.0,194629.41184638944
93500.0,163164.3866092567
191800.0,220322.72628445821
181500.0,197483.0581088914
195400.0,202867.75665285625
121900.00000000001,203969.75129507945
142600.0,169775.18439683918
158300.0,161734.96810914407
165300.0,145132.36232471556
155000.0,160595.51816699066
92100.0,118541.78114282269
68100.0,106108.9897107377
276300.0,232559.28955231755
335200.0,431006.3581503544
121100.00000000001,151124.98899025147
177100.0,160756.9547707073
187500.0,187023.99518660444
192000.0,223523.95972534118
301200.0,259140.89162026587
159100.0,193287.03792255398
500000.99999999994,487299.33149993315
273700.0,172870.0581577319
233900.0,220842.141714238
500000.99999999994,170759.99041666425
222800.00000000003,238598.14585647397
140200.0,164477.58886113932
159800.0,164754.70143110614
118800.0,145657.97606448786
500000.99999999994,310896.2350938741
105500.0,219990.5951578481
217800.0,166640.56000734278
187500.0,169073.90761091202
287300.0,352654.4667851471
131000.0,234209.7652003402
55800.00000000001,92638.90477923748
161900.0,196173.19512183274
253600.0,205974.4947887968
155000.0,171264.6364089212
311500.0,306333.55387751776
87800.0,103737.16678059127
105800.0,132669.1529551042
137000.0,171231.6660560955
156300.0,164754.70143110614
154700.0,171240.59752736863
167400.0,163523.59746809676
457800.00000000006,292427.4827900873
500000.99999999994,341453.07815823285
188300.0,369187.2336284447
442900.0,348618.3157877253
500000.99999999994,486832.85238153
500000.99999999994,409143.7177289274
187500.0,130511.46819498317
57399.99999999999,88544.35781338727
387500.0,182796.73047059908
272000.0,297595.0365614616
167600.0,126704.14833094802
403700.0,290940.3946453608
191700.0,143614.7070670169
500000.99999999994,253434.4681057343
187100.0,195508.20439389985
96400.0,166309.2092455195
92400.0,109963.65261770022
213899.99999999997,170171.63876537047
155000.0,279012.1429797239
133000.0,170607.77411682875
275000.0,159662.411109425
238499.99999999997,172220.31159142315
158300.0,154429.4704767439
70500.0,106909.68782389892
222300.0,194165.8304700644
411900.0,353251.0612730181
185100.0,164216.9932341093
500000.99999999994,310896.2350938741
139800.0,163058.83857930714
178100.0,117162.2109889926
159300.0,180209.03631041237
125000.0,149917.59890358255
197100.0,257902.27651777034
64000.0,117001.83071163755
194600.0,171227.21797335174
162500.0,128838.04884836762
84400.0,88544.35781338727
61300.0,106508.21271981916
368200.0,350988.8109615336
122100.00000000001,166437.1119269143
86100.0,175759.32955149098
209900.00000000003,256717.14023053017
170800.0,166976.72446890868
175000.0,170455.06113247163
126600.0,136130.6769978403
282200.0,310896.2350938741
207700.0,195508.20439389985
104200.0,177984.27190366463
214299.99999999997,348618.3157877253
80300.0,114088.89220928015
273100.0,195294.40257432233
237500.0,197245.32634486485
73800.0,132450.43925615665
184400.0,134793.88700450267
342000.0,207849.27154007938
129700.0,119187.58651739893
224000.00000000003,265506.82206146955
156900.0,168147.7236851141
394900.0,265191.43148776476
157700.0,217006.24142172502
119900.0,163224.41376446286
316900.0,264242.40999749553
212500.0,242961.70783258553
68300.0,107436.0009056554
165100.0,188434.27874204278
93600.0,134711.19046919153
88800.0,117578.3701036486
184700.0,176272.53088584632
327100.0,358445.8226334466
134300.0,140673.94356311823
500000.99999999994,168307.90822869763
162100.0,219501.0556347173
500000.99999999994,486699.902443994
229199.99999999997,177993.95424054866
112500.0,134401.91128656437
354200.0,197257.86862273488
362100.0,244479.86359133318
162500.0,95746.26656176722
100499.99999999999,154214.3327213737
67700.0,106108.9897107377
57099.99999999999,88544.35781338727
164800.0,245419.40781535942
204199.99999999997,172262.04379955636
342400.0,302962.14841968333
181500.0,145530.2218312302
304500.0,232513.6255333723
235300.00000000003,228612.5328436937
105300.0,300275.2283481383
291400.0,310024.71418006433
159600.0,171227.21797335174
111800.00000000001,106108.9897107377
119600.0,173508.05602810296
329700.0,224926.98998648298
136700.0,176042.1583483504
101400.0,106909.68782389892
118600.0,92638.90477923748
133300.0,150016.8060307885
52500.0,106342.10163649965
234600.0,230177.3517994765
75000.0,106909.68782389892
176300.0,194165.8304700644
346800.0,249657.57777581573
251799.99999999997,281707.2209872125
54200.00000000001,88544.35781338727
67500.0,195103.57699759572
142500.0,205160.3938082858
101600.0,142560.71308100194
227300.0,303028.8928135411
337200.0,285198.11703430105
118800.0,145371.81664674752
67500.0,116540.77435488411
202000.0,228929.83411015492
94200.0,116061.18003781453
96200.0,111095.99551222101
225000.0,209288.7606239123
258700.00000000003,164893.6689516509
103099.99999999999,124695.54029782867
117200.0,139429.72343533693
164800.0,160455.26846274085
144000.0,165142.5900676294
500000.99999999994,431232.02391980926
155400.0,159763.7161780578
114700.0,131412.6673029047
123100.00000000001,172131.9826226692
226799.99999999997,212398.24291986597
180400.0,160601.60508868354
310900.0,357603.808099198
148800.0,173030.66510708575
84700.0,209859.7370198185
63700.0,107810.9057146541
262000.0,224328.48904015854
438100.0,423370.3920831234
226500.0,176272.53088584632
87600.0,106108.9897107377
345500.0,353090.08074180497
140100.0,117405.12027876517
366700.0,259048.87529198214
270800.0,284947.9995604868
168800.0,196173.19512183274
293800.0,348618.3157877253
251799.99999999997,275904.48900151206
85100.0,108859.34763967112
267500.0,272158.9634195506
140900.0,171227.21797335174
285500.0,163949.47921147867
151300.0,131432.9940336541
225000.0,214102.12481376345
44600.0,88544.35781338727
450000.0,179737.25974746243
229300.00000000003,345094.23669333296
225000.0,88544.35781338727
138000.0,170586.91258281172
96900.0,109963.65261770022
161200.0,143460.18196621691
144300.0,163168.19235191072
450000.0,205974.4947887968
122500.00000000001,106909.68782389892
248700.0,220842.141714238
134200.0,160696.9276155011
348100.0,380104.02514434943
78300.0,159072.38982344308
107800.0,105779.14367761927
146900.0,165044.73123435595
188300.0,131614.6617667133
162500.0,137917.87995711653
58600.0,106108.9897107377
183700.0,148623.04851798038
180400.0,134067.3783106305
175000.0,140474.71697858872
137200.0,282407.648877459
110000.00000000001,265323.8100542577
233400.0,242741.02905331814
128299.99999999999,117162.2109889926
350000.0,196185.20378873986
155200.0,161138.46181328234
256700.00000000003,305213.09542008897
85900.0,128541.21649670506
73200.0,106108.9897107377
258300.00000000003,211993.0471582099
62800.0,133772.14475572464
484999.99999999994,276523.8426816876
124000.0,150080.2283723294
158500.0,195294.40257432233
97300.0,144140.32080678918
186700.0,196173.19512183274
344100.0,326168.8648236453
166700.0,176934.22255590267
108900.0,111912.90393476229
482900.0,347746.79487391555
204400.0,294876.0613385897
230700.0,172529.2794970616
53000.0,114998.13038520841
178500.0,148560.69703657855
500000.99999999994,327194.3717191969
500000.99999999994,418111.2384652905
84900.0,110541.19765102994
500000.99999999994,310896.2350938741
246800.0,265315.66945655784
156300.0,163979.87417264958
234600.0,173229.79473809642
48800.0,125375.97943735943
145800.0,165798.4336009684
271500.0,197085.73826931007
500000.99999999994,348618.3157877253
87500.0,169775.18439683918
69100.0,88544.35781338727
139300.0,165180.76309571406
273400.0,347394.0577075524
229700.00000000003,237619.59839887253
68200.0,108193.27311978354
114300.0,128607.86599958151
159900.0,279852.7243959778
116599.99999999999,165142.5900676294
209900.00000000003,195294.40257432233
68900.0,106909.68782389892
101400.0,165596.84318622568
214000.0,228929.83411015492
355300.0,343530.57069069386
90300.0,170764.28121342626
159300.0,171227.21797335174
63900.0,121016.4495371015
218200.0,262624.14620483504
253600.0,339512.11611662613
81300.0,139429.72343533693
188600.0,217197.44421880253
165400.0,207451.46624194484
106300.0,161218.9024627616
210100.0,225583.60068766505
147600.0,171227.21797335174
112500.0,230853.6386834817
175000.0,170788.1106017124
156600.0,168688.15881054345
117300.0,167653.96884980242
229199.99999999997,161705.68010689595
350000.0,185365.91959167703
171900.0,203966.6277939627
199300.0,150612.27351470047
251600.0,358388.76374509075
300000.0,238254.2377045022
158900.0,160188.02484919727
216800.00000000003,247823.04228905
198000.0,264805.0149632043
356100.0,393579.1279286418
192300.0,209585.98781449065
314500.0,191819.93521196698
50000.0,106108.9897107377
162500.0,171846.41973465864
167100.0,159635.07410533738
138800.0,165926.3680590725
147600.0,171227.21797335174
238499.99999999997,196208.06226743213
110700.0,161928.71752342218
333800.0,327866.13971033087
192100.0,184660.9886471845
294000.0,196604.26556138098
154500.0,161505.41335847325
151900.0,171227.21797335174
500000.99999999994,475815.19198016205
322900.0,223153.28069341532
165600.0,205661.4516852973
221200.00000000003,164893.6689516509
170400.0,171227.21797335174
198700.0,266713.8474150463
162500.0,152229.39101989733
411200.0,331078.7388270738
335500.0,289729.643544952
149100.0,168937.07992652195
381500.0,348618.3157877253
183900.0,167196.13135040787
91200.0,223975.70565306966
411500.0,396526.2917695714
220299.99999999997,219735.3989475218
158100.0,171227.21797335174
69600.0,92638.90477923748
270500.0,303128.82384789677
261600.0,282040.5076845866
389500.0,387366.17070943274
75000.0,108193.27311978354
177600.0,198156.47293917963
170400.0,118690.2418265449
154200.0,173030.66510708575
131900.0,163534.71231868898
44400.0,106909.68782389892
145000.0,163651.75188190606
224100.0,282967.3436036238
187500.0,228759.36050638446
192900.0,194057.39671077632
88600.0,127679.91962333066
183900.0,170123.1093952223
225000.0,269304.5965237056
182800.0,205943.3298659208
137600.0,195534.64743714395
265300.0,202420.6772943073
36600.0,98377.30735997415
125499.99999999999,205893.88743022407
138600.0,201474.66843035017
487100.00000000006,348618.3157877253
178600.0,147684.4745865561
134500.0,254429.3283353143
306700.0,345075.2422380578
115799.99999999999,167200.01128199862
91400.0,155366.4433911989
210900.0,199012.30491726057
259200.0,275904.48900151206
347300.0,411868.7024693885
168400.0,225000.77258155684
150900.0,159072.38982344308
113500.0,164477.58886113932
302600.0,284726.1397006933
423299.99999999994,242744.4852532279
492199.99999999994,432029.9442228878
190600.0,173951.53196931272
245000.00000000003,170607.77411682875
55700.00000000001,92638.90477923748
84000.0,203177.38238451228
275000.0,281105.5127091762
189600.0,197970.11353544076
275900.0,222028.52646624815
319800.0,343744.1986348968
291700.0,219569.98106591718
67900.0,93095.25193538502
189000.0,196173.19512183274
90000.0,129742.79404248841
335000.0,315996.1441290658
176700.0,154227.8300928657
98500.0,193935.83489112946
200599.99999999997,172262.49982517023
60200.0,112227.92485511588
191900.0,223523.95972534118
191100.0,169775.18439683918
337300.0,296335.06493859185
225000.0,348618.3157877253
290600.0,192618.13701998242
121500.00000000001,125132.10127279045
293200.0,245082.00972237648
107000.0,140673.94356311823
266400.0,189704.6345498956
76900.0,115592.82272200592
220299.99999999997,194848.37803860678
101099.99999999999,123988.81792850008
474600.00000000006,286605.54435683356
65300.0,105779.14367761927
113700.0,121132.03860957602
214200.0,234877.88778479575
216699.99999999997,234970.25873901573
198400.0,196124.49042569855
212200.0,203918.0158778751
222700.0,353718.2248229169
265900.0,196173.19512183274
37500.0,106909.68782389892
265000.0,211221.08785915503
108700.0,162189.6745781178
46700.0,88544.35781338727
187500.0,237053.23331734524
61600.0,104623.84024904468
343000.0,306214.5451139645
166000.0,170123.1093952223
500000.99999999994,171511.85486388064
137500.0,166853.1920174259
90600.0,109733.72351634737
77000.0,118880.07607640741
148100.0,171227.21797335174
91600.0,183849.53009582867
150900.0,165512.87071295778
155100.0,154933.6887728601
89200.0,121277.00326648535
215400.0,164564.96930564102
55100.00000000001,106909.68782389892
197400.0,170846.85365739051
154400.0,206679.13720516712
141700.0,186876.60107082225
98400.0,116389.76187732341
152600.0,228123.49084027566
109600.00000000001,127609.88749504896
171300.0,129315.18113784972
104099.99999999999,131661.67902214077
153900.0,171908.09391888473
270000.0,293099.26253049285
286500.0,275904.48900151206
335000.0,226610.56362683524
137700.0,142927.47974841928
231999.99999999997,171892.21917984184
393800.0,241031.4060233529
70300.0,109802.72147741295
141700.0,159040.26941445805
156300.0,166516.89752217577
450000.0,187803.9582743497
199800.0,192609.75402233243
95300.0,134219.605541818
86900.0,132831.4865077612
187500.0,164754.70143110614
221800.0,196173.19512183274
58800.0,126469.62554155097
134400.0,146151.21194268845
238600.0,262960.05292962154
160900.0,171227.21797335174
136400.0,321041.8110312731
144000.0,169680.89003035455
159300.0,217647.19791086548
155300.0,150841.014391013
142600.0,231628.0866902793
120700.00000000001,166356.67585960703
126200.0,171227.21797335174
213400.0,208891.7758492395
116900.0,207559.60860544012
185800.0,166976.72446890868
356000.0,399937.29502426187
150000.0,164259.36360285213
88900.0,128328.98262821186
259100.00000000003,193512.41658518714
500000.99999999994,392796.65806466056
127600.0,164477.58886113932
69900.0,92638.90477923748
137000.0,173169.98820004676
273700.0,182568.78062127042
92000.0,126240.85592535589
118300.0,163803.97911309355
410799.99999999994,474238.9396139972
100499.99999999999,164477.58886113932
492900.0,284040.10236879275
118500.0,166437.1119269143
113500.0,168272.07872003186
89900.0,298444.6600360043
500000.99999999994,430899.8672724262
500000.99999999994,487299.33149993315
146300.0,265566.3886480393
113500.0,111803.21939764457
275000.0,193603.33613711433
102499.99999999999,106108.9897107377
147100.0,199950.2195954729
225000.0,231526.34845741396
139400.0,194629.41184638944
175800.0,171227.21797335174
56999.99999999999,118720.81721641893
269600.0,171227.21797335174
272900.0,271459.3531683631
76200.0,153342.96985136447
484100.0,469194.6882800246
180600.0,163880.03112882221
238000.0,223434.88571920694
137500.0,129735.05825137181
186300.0,211421.96875407425
192900.0,230243.12710517884
84500.0,105496.88701862024
107600.0,170742.31115652918
55500.00000000001,108770.37503786277
265300.0,173799.53894240584
388300.0,362724.68046040373
482700.0,361495.52200184023
198100.0,248131.16181645592
92700.0,91018.3733060484
346200.0,350961.61551751813
38800.0,92638.90477923748
56699.99999999999,92638.90477923748
123700.00000000001,196874.38581367902
93800.0,115674.3654917443
93200.0,125853.39602236483
44000.0,108365.22899744668
69200.0,169052.93307231425
301800.0,223539.00762185472
254199.99999999997,160749.4244738666
209800.0,314149.25190841913
184500.0,196604.26556138098
73400.0,96650.30586862305
339000.0,303017.68686345767
93100.0,169775.18439683918
202300.0,220498.84038325347
133300.0,130462.68591254979
270700.0,288651.2564924253
240200.0,287034.26475713326
139300.0,175530.53654923773
56999.99999999999,92638.90477923748
170700.0,161127.23541603566
119200.0,140947.37869303557
177300.0,171227.21797335174
289600.0,232453.9796749286
297600.0,350099.54439006606
109900.0,153771.17878023096
147500.0,208095.3410850223
78700.0,119008.01153476954
160300.0,177654.7406502362
77700.0,117508.00472337219
473500.00000000006,463031.473278952
500000.99999999994,472373.7290217017
133100.0,160696.9276155011
93500.0,110296.87570522579
280100.0,244758.6176982578
256700.00000000003,212830.02186544408
288000.0,265805.96558429295
161100.0,165964.17304427794
137000.0,218856.6064000114
62000.0,114980.03439905266
443800.0,425352.7282367573
68300.0,140329.1385623849
262100.0,265805.96558429295
109400.00000000001,148097.39925072517
409300.0,322416.2282104562
175200.0,171227.21797335174
147700.0,173044.14955149908
287500.0,124544.0265559433
93200.0,131674.1150601609
93800.0,165578.44306068937
172400.0,154933.6887728601
318600.0,231761.2828639265
185200.0,186976.16656583626
65200.0,94921.65023866211
179700.0,159072.38982344308
159200.0,164754.70143110614
151900.0,177702.23603926093
71700.0,144794.08743373753
245200.0,172483.1539338054
228300.0,285694.5068604634
196400.0,145371.85451541434
192400.0,164893.6689516509
65900.0,88544.35781338727
282300.0,213449.340272038
185300.0,169052.93307231425
88600.0,106108.9897107377
67500.0,92638.90477923748
143400.0,92638.90477923748
119400.0,113913.22240863752
215800.0,335250.89238356875
257399.99999999997,271459.3531683631
373400.0,221253.5547062695
152300.0,161656.51026506937
245699.99999999997,231382.49258734751
80000.0,109231.96281954365
137200.0,127504.9056960931
266900.0,268814.30039597047
395300.0,357701.3962732771
222100.0,228612.5328436937
500000.99999999994,221733.42617204916
500000.99999999994,358066.0026334466
232900.00000000003,200428.0982170423
259700.0,248501.39626078185
215700.0,128863.72231950957
243200.0,229637.14759783924
221400.0,194814.62743863987
112500.0,137565.40502269292
388500.0,226933.9861894336
409999.99999999994,313798.50982604094
163000.0,210648.12225624244
500000.0,347746.79487391555
231300.00000000003,141584.95263245792
76100.0,136831.36625412243
458600.00000000006,185220.88131124378
366300.0,351348.7459000711
296800.0,207911.79600359855
58600.0,100309.83328275177
84800.0,106108.9897107377
117300.0,168656.24513138476
126600.0,159072.38982344308
170800.0,173030.66510708575
149300.0,269819.92525659647
119000.0,118524.19528957219
375000.0,196065.40236828287
284900.0,289052.42786175554
170100.0,194629.41184638944
500000.99999999994,292332.57346316613
98700.0,135091.4749848538
60800.0,105779.14367761927
142800.0,144407.51073571944
223900.0,185282.97912314266
137500.0,160870.3057646176
297800.0,246814.90652191438
112700.0,164477.58886113932
113300.0,92638.90477923748
121400.0,198788.1999000238
248400.0,265805.96558429295
407800.00000000006,323261.2772888522
356600.0,297161.8434449828
106300.0,131362.08811511102
121400.0,164477.58886113932
240899.99999999997,175678.44306497168
247100.0,169707.0293047107
137900.0,158178.40033837158
86300.0,104623.84024904468
500000.99999999994,359048.72225903755
216299.99999999997,202516.29925369867
305600.0,314381.32823837694
158300.0,170486.91704555787
452100.0,347746.79487391555
95000.0,145661.89499844154
105700.0,100463.33958653166
84600.0,128034.96264514704
240099.99999999997,195103.57699759572
162500.0,171476.13908933025
96600.0,148704.0562794679
92200.0,96040.50085880309
228200.0,195568.69905619495
113700.0,164893.6689516509
69000.0,90860.80060585197
500000.99999999994,378590.29462919116
225000.0,164088.02580747203
174000.0,167521.54749285764
500000.99999999994,454014.1647227271
252999.99999999997,357219.5773886472
277600.0,396723.36026209174
285200.0,266258.5192247576
90300.0,110718.66202888645
189900.0,171496.32356389516
316600.0,278804.2816849472
301900.0,290108.63963285997
93100.0,116168.39171699986
94200.0,137673.5205178941
213800.0,216281.0138916653
187500.0,169775.18439683918
500000.99999999994,317758.73051305674
325700.0,293798.9247845621
300000.0,235266.25899641647
143900.0,224172.80450157818
500000.99999999994,451809.57612496475
264100.0,290108.63963285997
62300.0,164477.58886113932
138800.0,123749.83978793089
105400.0,151135.21627307532
63500.0,113210.29268488027
500000.99999999994,193935.83489112946
97800.0,102763.47135069416
127400.0,199666.99244753423
135300.0,134793.88700450267
156100.0,137115.66451639342
446800.0,436954.61630345025
65000.0,96447.87898422503
151800.0,164754.70143110614
192200.0,264972.367766465
153100.0,177778.7562258036
165800.0,209345.69874953688
254199.99999999997,339303.1319653991
234200.0,254059.60030506726
112500.0,123471.50858669535
118700.0,199616.8124945177
240899.99999999997,220834.31109914728
283300.0,362724.68046040373
450000.0,99900.97401684197
52100.0,88544.35781338727
55900.00000000001,92196.22574350625
88100.0,98030.26553061313
248900.0,196173.19512183274
68600.0,194315.06716656682
156300.0,164754.70143110614
272700.0,252885.8855796232
340400.0,287766.9535584643
218800.00000000003,163309.24843656132
70100.0,107001.44854637084
500000.99999999994,347209.60815780854
162500.0,226493.11836440166
111800.00000000001,165142.5900676294
110200.00000000001,148560.58122784153
74200.0,88544.35781338727
103200.0,107771.8260342226
172100.0,165558.67015814103
132000.0,164477.58886113932
166300.0,171184.17939194574
107300.0,178327.80800436862
107900.0,106108.9897107377
94600.0,129963.77629400822
66100.0,111095.99551222101
158200.0,170552.94987382478
95800.0,88544.35781338727
117000.0,165180.76309571406
170900.0,172120.02469422552
92900.0,152251.74176688035
162500.0,164754.70143110614
193800.0,149603.27147078564
134600.0,128292.16841046927
123100.00000000001,102471.85432582433
115700.0,176495.23461743232
83500.0,127597.29283005524
62200.0,88544.35781338727
74400.0,109963.65261770022
180100.0,171657.05845195425
195800.0,288406.4470762043
500000.99999999994,487299.33149993315
144300.0,164477.58886113932
125400.0,116389.76187732341
80800.0,144311.69248690738
65900.0,110949.85112733809
157900.0,192321.37370513243
500000.99999999994,301907.52682479355
180800.0,211821.5018456613
236200.0,247764.6953175197
103000.0,130691.91664682941
216900.0,171227.21797335174
383300.0,233458.2238749488
500000.99999999994,193313.00831460848
83500.0,114300.12895975164
214400.0,166048.45380228816
100000.0,148569.8846057702
78800.0,96447.87898422503
97600.0,168636.85298180263
178400.0,174065.94695890424
287100.0,296894.10322302976
270100.0,353002.7033365505
185500.0,223153.28069341532
90600.0,212552.91453799035
213600.0,147281.03523143573
124300.00000000001,123823.14133506813
204999.99999999997,117794.6343803401
256700.00000000003,235099.38095904037
392700.0,431356.6499286762
133300.0,106108.9897107377
187100.0,218691.18851840674
255399.99999999997,311666.32841397723
347400.0,235250.44409585252
171700.0,224902.24729303826
112500.0,205974.4947887968
82600.0,125132.10127279045
48600.0,98972.9352409298
134100.0,243430.6490807833
225800.0,171158.39124704077
500000.99999999994,464752.08464274934
470000.0,384309.9767258108
225800.0,211390.07666632507
158000.0,142866.78769819444
117100.0,133338.69495605573
416300.0,395988.13811675715
120800.0,116719.53195326138
226300.0,220499.3205159416
122200.0,160032.22163526862
100000.0,126941.27230935259
229500.0,150865.2860861596
195800.0,92638.90477923748
85000.0,163005.00725370448
264700.0,181319.43638184536
455500.0,420314.38382107584
176000.0,163982.17734696527
81100.0,103452.80903467754
166400.0,224721.06205856957
82600.0,165596.84318622568
272200.0,213744.64413528226
271100.0,348618.3157877253
239400.0,236064.55268276416
171800.0,196016.12014507304
121800.0,113980.17813268516
173600.0,141103.56002645206
239299.99999999997,256227.71468394194
58800.0,107001.44854637084
287500.0,318392.5263751416
70700.0,102915.62641034929
181700.0,168013.17334353382
113700.0,136181.3541186425
224100.0,225342.380862257
351300.0,401734.58738833875
301300.0,249671.3380088244
80700.0,195689.79443846
152600.0,198776.08089605958
237400.0,233442.94143116949
179400.0,205973.3670547981
500000.99999999994,479077.2647270891
170200.0,199128.08222022236
165300.0,171227.21797335174
225900.0,231586.81421649046
159700.0,146162.37316404638
363500.0,355921.150500941
132100.0,172080.90115170265
376800.0,305784.15483335784
96900.0,106909.68782389892
316200.0,353718.2248229169
323800.0,215187.95484827942
387500.0,285694.5068604634
149100.0,128328.98262821186
500000.99999999994,486982.87861887895
225000.0,182772.81384795601
178800.0,170846.85365739051
87500.0,106909.68782389892
130100.0,193287.03792255398
500000.99999999994,426067.31875628635
349000.0,297490.71298762085
73000.0,108876.6778801299
244700.0,202709.62714091412
275400.0,216068.81388339613
246200.00000000003,216546.31911070517
236200.0,169775.18439683918
232200.0,315455.3269267117
53300.0,110299.54075440766
163100.0,144407.51073571944
72400.0,136759.96935516162
234500.00000000003,174209.62944033832
150000.0,169775.18439683918
116100.0,141733.31442178503
181300.0,181120.26137082
121000.0,150162.9520257294
88700.0,109383.70331656003
182500.0,196173.19512183274
197400.0,231680.49700480714
128099.99999999999,163651.75188190606
76500.0,128570.91200441314
300000.0,289159.5863192654
500000.99999999994,471158.9697494945
160300.0,171227.21797335174
335600.0,340713.7331475368
157600.0,149306.07494179124
190600.0,234025.68064002082
180800.0,225444.4167505461
104200.0,106909.68782389892
111800.00000000001,157781.48999309004
194100.0,173518.4357856239
253799.99999999997,310896.2350938741
129500.0,260904.43839595802
117600.0,167119.6963438715
339800.0,356906.69671439717
342900.0,310896.2350938741
195500.0,172262.49982517023
83800.0,103478.96515373254
94200.0,134793.88700450267
140600.0,130342.44552049268
160900.0,229085.34600728098
169300.0,153785.1801696823
275900.0,251842.35735464483
146200.0,160455.21477812753
202300.0,160721.73841180155
154000.0,135369.79939734592
135500.0,195508.20439389985
235900.0,178041.02370885722
128800.0,125132.10127279045
249600.0,172870.0581577319
300000.0,226376.54929933834
134100.0,238725.1684207993
308600.0,266251.16000902967
350000.0,235208.2516099981
110800.00000000001,158919.77274356407
190800.0,225871.97776370015
108800.00000000001,105779.14367761927
144400.0,218487.2807727583
162900.0,128715.53567610406
163900.0,195775.96245917687
98000.0,106108.9897107377
132700.0,161024.35893225318
283100.0,197992.23420753505
407200.0,289336.3299057569
248200.00000000003,269853.5111031123
64500.0,128328.98262821186
500000.99999999994,264242.40999749553
194400.0,240102.24914672825
137500.0,145008.51299636392
127299.99999999999,128316.57722566728
85300.0,113615.52054781918
194900.0,166694.05610336034
221099.99999999997,191257.4984426804
192200.0,195508.20439389985
404500.0,307678.025344566
73500.0,100396.80967668862
233700.00000000003,165279.25935705547
118800.0,113853.86610512622
70000.0,137843.07549130116
182800.0,194629.41184638944
500000.99999999994,475242.61026725685
157700.0,217852.8074528092
247900.0,309907.9556083914
500000.99999999994,417384.81152519106
357900.0,227364.44341477065
56899.99999999999,104824.44637880097
302400.0,345956.9208880325
125400.0,199670.39048420594
386400.0,225423.03350607568
175600.0,193515.87647274949
110500.0,170811.13788284012
386700.0,449149.755972114
137500.0,228324.86005887095
228700.0,230177.3517994765
149400.0,167425.44027680883
73700.0,109963.65261770022
500000.99999999994,349275.75699343585
132100.0,165712.48651789682
86500.0,146023.73621013635
417900.0,313744.39390232466
172600.0,153342.96985136447
99700.0,92638.90477923748
72500.0,177666.60997990254
180800.0,221899.37776077457
308400.0,231245.99655729363
288300.0,243399.14635743736
302200.0,347746.79487391555
288800.0,390615.28674787516
100000.0,92638.90477923748
233000.0,154371.03631706073
136900.0,194165.8304700644
209400.0,225399.52939958335
246600.00000000003,228536.2219909342
65200.0,153638.61540163483
491200.0,278719.90672222275
356700.0,295666.0228250494
164300.0,170501.39022001316
88200.0,121277.00326648535
155900.0,158642.08202290852
191700.0,196173.19512183274
84400.0,171353.9312868851
190100.0,200006.87476773278
112500.0,111646.31482927148
115199.99999999999,171227.21797335174
174600.0,201027.51029082347
113500.0,114058.19958355039
152400.0,171892.21917984184
250300.0,281222.0931151881
183700.0,176222.61346933208
500000.99999999994,176613.30954651666
310900.0,291245.77802732465
230600.0,223806.77872378557
68500.0,181963.04685391358
267400.0,265433.35072641465
145300.0,171227.21797335174
282000.0,229699.6107537687
282100.0,186011.83217586429
189800.0,199680.68728218097
254400.0,220498.84038325347
161700.0,124060.74753030941
188800.0,125637.15995654216
500000.99999999994,335654.68366886995
94400.0,92638.90477923748
342800.0,197483.0581088914
191500.0,242273.35414921984
209600.0,192431.57377846976
235000.0,199884.32245232246
231400.0,354251.2207131964
130200.0,204732.78328037084
208199.99999999997,166556.67499805125
500000.99999999994,486999.9317349341
168600.0,166178.7965938081
228100.0,176132.93297631416
126899.99999999999,213049.46338242895
135500.0,197085.73826931007
156700.0,218864.99654790948
208599.99999999997,233316.48888088213
436700.0,222668.29716677888
71000.0,111881.012278338
88800.0,92638.90477923748
341600.0,347087.64975840563
120200.0,127609.88749504896
148200.0,155106.091649445
500000.99999999994,351953.6929163555
375000.0,160584.55043193427
137500.0,155010.31430950513
64800.0,96040.50085880309
231800.0,251086.77917428722
160700.0,166962.94309681098
250999.99999999997,236904.0178754215
142500.0,197753.17836118946
176500.0,238681.70265201852
177100.0,225677.43253068134
311800.0,359150.53780013305
84600.0,160696.9276155011
122600.0,117162.2109889926
198200.0,197483.0581088914
500000.0,421661.04337007
279800.0,317917.39957659924
195000.0,196173.19512183274
202800.0,217173.03275965914
354100.0,312172.74290066026
259500.00000000003,289159.9825403152
500000.99999999994,230243.12710517884
272400.0,287333.4082799566
183900.0,164477.58886113932
285800.0,176272.53088584632
225000.0,205122.44224018176
292600.0,232616.52703581328
55200.00000000001,91109.5302871489
262000.0,164893.6689516509
158900.0,212128.96921720653
172100.0,196124.49042569855
191700.0,195727.1705861172
225000.0,182550.60347201387
108300.0,179161.04943080113
113599.99999999999,118728.83630527795
100000.0,124306.61529796643
191700.0,136501.68980210976
117200.0,122970.68164202776
110600.00000000001,113210.29268488027
80200.0,165596.84318622568
98100.0,138835.7705903632
253799.99999999997,178971.14290548343
48100.0,88544.35781338727
192800.0,222610.5372158083
132800.0,106108.9897107377
196300.0,162006.30612477777
320800.0,254927.6037951978
319400.0,275149.2571712795
203700.0,230447.98986890257
207100.00000000003,213384.37584577798
79900.0,95746.26656176722
500000.99999999994,348618.3157877253
330000.0,165558.67015814103
139000.0,156377.49910544013
187500.0,171715.27198877506
448299.99999999994,351078.54118805117
176300.0,165142.5900676294
175900.0,127609.88749504896
104200.0,113326.5097853938
162200.0,164893.6689516509
166800.0,169957.2161293803
161200.0,160067.14355844626
153100.0,166248.01911621273
156900.0,106108.9897107377
158100.0,152598.33739428225
76900.0,104326.78310829788
165400.0,152463.9376750164
73500.0,201516.22757745764
118400.0,195425.21943292345
142400.0,163671.3242515286
280300.0,282813.75916306314
107200.0,160022.54252576144
183300.0,173996.3477998916
98800.0,106909.68782389892
234500.00000000003,149667.38408199887
143500.0,171201.62689881862
108000.0,171742.61116450728
97800.0,88544.35781338727
70500.0,108861.17282939977
225900.0,169957.2161293803
239800.0,176326.63839305541
136400.0,196206.94572179965
180600.0,184821.38498377605
239600.0,196173.19512183274
265700.0,230177.3517994765
204199.99999999997,214885.0823408653
122500.00000000001,168325.44371281486
204000.0,333694.3832578739
195300.0,171227.21797335174
215800.0,153915.61608583212
500000.99999999994,454014.1647227271
75800.0,106616.20550082433
265400.0,320258.08118731104
273700.0,363909.2346513798
116399.99999999999,128292.16841046927
59400.0,92638.90477923748
137000.0,106909.68782389892
119200.0,106909.68782389892
244200.00000000003,259308.60790223704
170000.0,165962.59608629873
280300.0,382363.7781587104
285000.0,344811.9393295763
102600.0,195294.40257432233
120500.0,111095.99551222101
361600.0,353718.2248229169
455300.0,447072.4862002265
213400.0,218051.82530716955
158000.0,209675.73889634662
217000.0,190328.21941397473
63700.0,106108.9897107377
244300.0,282777.64336024894
151100.0,151443.14196353083
110800.00000000001,122605.90738025698
433800.0,461231.0938171627
72900.0,106909.68782389892
108500.0,157336.15175379225
452600.0,444364.0859677309
467600.0,472559.4952130594
263300.0,196604.26556138098
266800.0,115044.3980931883
500000.99999999994,486071.15560547897
72300.0,109963.65261770022
151500.0,171227.21797335174
