y_true,y_pred
47700,55613.11792120058
45800,89978.65768096694
500000.99999999994,490053.3424105167
218600,247614.629413289
278000,234630.16666424656
158700,167176.73431790143
198200,232559.67182353107
157500,161673.78404099582
340000,295406.85874076403
446600,477998.90346709
123200,108444.56248020538
253900.00000000003,222027.7582432212
215099.99999999997,158609.587229411
220500,181701.2952635678
219800,238267.33102084565
136200,163580.50812468174
178400,198874.3632503601
187500,196258.33538226655
139800,139173.34192724893
137500,94029.67187056872
425000,413751.5828641903
405600,392645.9986892181
138800,120023.4579869927
500000.99999999994,404666.8531315258
162100,165372.63783923423
51400,47816.89886579006
151300,213448.67170763278
94800,128456.02645226297
204100,155374.56616615245
361500,382046.35950503167
85100,130461.6886363108
138400,121311.6002053445
137500,199830.68700003557
465000.00000000006,398025.6886082319
271800,236708.36168163476
239400,249024.1878451722
340900,331869.71529553935
150400,144289.66373564897
128099.99999999999,123844.98763952455
156000,129963.08040419334
258100,291736.72909063764
90500,96814.33838912238
71300,104883.36972788977
219700,208293.33082505298
151000,146821.9511639214
290100,206001.18683766402
142000,137610.9737080954
291500,157544.88969822103
255399.99999999997,264243.14784285316
98100,102989.21129006214
251900,242720.3315084885
162100,211009.31083757046
129400,140325.22541073686
89400,67645.80763114517
150500,142832.68573098202
133800,146337.37066407676
80400,76675.40518207393
211100.00000000003,209467.76126571375
255600,211556.72678822803
214500,210250.44281693635
500000.99999999994,374424.0249219066
202100,253853.62932008936
81500,99245.70595827831
98800,94337.3895956897
281900,299754.4681580724
184600,183181.02993119054
254700.00000000003,164497.9989773583
143100,150949.87538072118
162500,193414.66100039385
142600,160221.02109315406
85900,107460.40460030349
186900,216587.71124956608
71300,89087.80287284736
174400,175346.75603404426
225000,180831.25131350564
146500,208894.67238518453
405000,405950.1431597007
189600,214043.6809646678
164400,169119.2339244435
337500,289330.5888033641
72500,77865.46415627627
143800,181055.96482362202
160000,175387.41360528895
118100,179439.3377817986
374000,401440.6873724434
202700,282038.7877120821
96600,94286.56659623611
65800,76672.4853856732
167400,218090.12794940142
179800,191416.6924388722
96700,114318.14360844836
266100,294451.4808117055
91100,102740.03124789835
49800,44600.47023118982
90700,111343.1570249528
115799.99999999999,121968.32519435926
278600,411438.0650597793
250000,145174.12486754867
85000,141799.56362281245
177000,179573.9314116325
99700,150218.80765515767
357600,416966.38881785824
475000,364290.8283495055
273600,264098.4637793168
182400,209457.76242756742
157800,145729.26806959687
193800,241442.5709451766
333600,307549.84767812805
264600,263119.51724347606
58399.99999999999,76994.05913655405
173400,150901.4828868764
214800,222858.41049238347
200000,222294.12643977537
422800,386288.7044130463
93600,130185.48427455097
122200,203201.09869009
167600,166643.06238550934
303600,317619.57242148987
269300,240144.80484996113
264400,205002.50665684475
191000,178734.46824700848
153800,168997.47371930585
275500,311394.8335003835
208800,175721.6675206435
142300,139615.81684341846
63500,84316.26763896452
95800,88077.05442643825
231700.00000000003,235915.90635440397
221500,270686.4825065773
89500,152765.8502605927
225999.99999999997,273619.75843822473
500000.99999999994,472168.6465173168
270200,291884.88481052115
59600,86211.5499077828
193300,197291.91251776333
133600,110646.64890682205
161900,212585.4669307103
357500,329029.2444203392
276500,251935.52513175772
410700,304126.2355859593
375000,274824.1388492113
135200,129354.2126732467
167200,150892.5661965157
252000,250476.9274032202
308400,417039.1067618227
172100,140636.8106956114
500000.99999999994,453457.55772341514
193800,166477.46313052304
105200,104426.97958805771
90800,131871.35419267367
168800,206522.11326117686
162100,131047.00804963858
161200,172994.08344068847
137500,138052.21394216776
289300,272720.7769457025
278700,302764.5675415966
161700,226311.53861075395
231000,244358.66671051632
87500,89003.88732295998
95700,105305.92789208445
240600,177263.90181675676
214100,215110.75654966428
428599.99999999994,404209.84979956725
125000,191119.49185427395
76400,84340.78422142605
263800,278978.8514832956
120400,185716.06567065063
109100,73677.6364467297
170600,226348.63472553322
257399.99999999997,248497.6777231594
320000,332666.7752408752
289600,269118.677161386
307300,291162.47121102776
325500,311994.02892145497
58399.99999999999,70082.21946174202
48500,38435.42812850293
216699.99999999997,87102.1892194778
97900,107572.68344174788
158600,164028.70784619823
69000,62230.09703803344
322300,319135.9983975602
467699.99999999994,349089.71299427515
163000,164038.21456047715
287100,265174.1481679549
54600.00000000001,49278.1954003267
90400,130834.14867486301
155500,164590.51205308462
175000,250284.53171339433
411200,440939.05706834403
332100,272958.16614271264
141200,150237.4350193479
247100,279932.47648235474
153000,146873.77124679918
155000,192361.13686656396
390800,161247.49291094657
90000,84887.4712977747
196700,206970.038525153
68200,84511.70334081573
500000.99999999994,507475.6831978449
92100,120065.82649597885
297900,291009.71974876383
500000.99999999994,501354.12931379786
332300,329411.9218788435
171100,208689.3186348534
152100,170752.19230802872
231999.99999999997,225898.89675993787
127099.99999999999,185057.8854651119
87500,118363.5036788059
203399.99999999997,190842.98286472322
228600,201540.68192184428
116700,112003.0875219685
416700,470496.37794260593
227599.99999999997,206287.26405053015
267900,329653.2783738056
97200,121490.07543462272
137500,145120.84853876612
198800,187241.3236329254
68600,55284.632811120755
352500,287984.1964880771
103800,111982.55091976533
107800,124778.31378844267
131700,160799.6039478028
271300,329764.88068326924
97300,153084.1817766802
95000,73983.37471115969
67500,182023.69185936783
326100,289537.9420975421
65600,61747.65362924366
225599.99999999997,197680.62511289056
263800,313821.9511405499
348300,337285.8698058471
325000,269441.69192304765
108800.00000000001,138981.1352612353
400000,373995.454298026
138400,132531.12019793302
61000,63775.64682434865
453099.99999999994,457774.50124054105
500000.99999999994,511529.74100281595
120200,136255.40414346606
329200,270944.5977627262
196300,198261.2184053368
150000,113657.00258103591
152000,177824.81054634656
169900,147941.99991247468
137500,155420.23645427686
283000,267201.58368093247
404500,277567.51923677244
193500,242942.2402520675
205100.00000000003,292489.4946240491
145600,153638.42244162253
225000,108611.32672112496
215899.99999999997,213220.20470530016
158500,166599.83082987284
124700.00000000001,136235.28082694317
65400,61313.88868961188
280200,231774.64940784598
180500,162588.77166221756
105400,123595.0571306878
100000,139190.85020793014
166300,140167.2906400425
158000,184742.51395384502
243800.00000000003,285118.4002022932
362900,365828.196671495
201900,181468.75593193943
52600,75455.743654463
500000.99999999994,408506.54717141646
112000.00000000001,121906.07652704179
225000,241383.4069800603
439900,434835.0337785676
88300,133293.32372335065
500000.99999999994,517171.60208277387
276800,189501.95272444707
179200,174561.18089114822
199700,177983.14858240512
132000,124769.24673404299
61300,95479.60622868215
171900,212663.89802927332
123800,132306.38231684244
135300,108543.75337837078
137100,185122.88220267562
129299.99999999999,167891.28435156538
227900,219896.4512480186
94400,104749.2648452639
103499.99999999999,139943.65762038593
320800,340918.3526779015
125000,429496.5313894045
332400,314156.07310930867
159100,164803.2192638732
236900.00000000003,244437.5230541734
461599.99999999994,447625.9234051946
156900,160977.4658943204
148200,106157.74639238999
166500,153684.9287935607
196900,221252.27258245694
167800,172833.6884333819
126699.99999999999,80643.44123650166
500000.99999999994,363301.5794703802
57899.99999999999,51656.50394752574
238000,240875.8339382796
142000,167360.31460818043
86900,83892.37229400073
56000.00000000001,72938.69817824921
500000.99999999994,527727.636521843
112400.00000000001,132206.1815781761
63600,89795.68786847022
431300,481339.472679794
265900,232470.39945630217
57999.99999999999,67153.75980310586
194100,262241.71138102474
142800,163756.28061510282
178700,158382.00574942128
187500,225934.52002169445
225000,208490.8550628171
313000,275210.45230249915
500000.99999999994,512487.242838439
153600,146634.8110792668
62300,77270.6437249411
194500,174117.30706966712
163900,165747.04878406765
398800,359195.7784433063
204100,248205.59908033037
199300,220675.15999640521
176700,193035.46725418908
500000.99999999994,491216.5787778112
248900,208366.12380357675
150000,144816.7177701549
231700.00000000003,207688.19608937454
57999.99999999999,98097.59430873163
126000,150887.97737926847
163300,147863.93051916634
113399.99999999999,131178.6320753048
300000,222017.9554682166
310900,341474.8813672342
218800.00000000003,199855.5397079221
70400,77953.25754764973
237699.99999999997,296794.36825242726
118800,116387.40248608644
73100,67295.3160593309
75000,95478.84618823232
450699.99999999994,411641.81879025436
240200,208726.01690726576
65800,67811.37149441944
64700,62463.88146775702
175100,210081.5995406231
223700,218244.19738015198
96300,115850.59315668933
405100,384845.45249802043
376800,335102.6059912784
500000.99999999994,509077.67289763334
350000,255657.89203929534
162500,247594.17794503664
177300,198159.78652477573
98400,105439.25600114834
138800,112726.01102764173
175000,264485.20180193114
260900,191325.90747254787
104700,71652.8770469442
159500,200193.52686365796
295900,308019.4984604587
137500,301591.01547185844
500000.99999999994,432935.493142976
227000,228823.96150429186
263900,189504.4670307437
160400,165623.1110530279
142000,160894.2151776254
162500,161837.49925681853
230399.99999999997,201144.24615190487
500000.99999999994,473616.5086238601
217700,277006.0452150068
183000,198673.50975737278
245800.00000000003,189510.9203906615
129200,135015.96451369743
60400,69196.06874547745
67500,76233.96157159389
295200,303847.8961574862
192600,207108.42055384233
150600,163052.35649816543
125699.99999999999,148274.52693763998
63400,80640.73893786999
151300,159031.26357538239
245600,314980.79046386306
500000.99999999994,463682.9801807852
165500,189293.2679645409
113500,117352.36465278827
322200,372838.3315290266
362500,441882.6490834995
69600,76325.96524648921
156100,151943.2421337473
87500,126653.55884446857
193100,223039.7558317366
218000.00000000003,214957.7603272479
101800,92509.87813813737
129099.99999999999,140375.5690971914
156300,105950.27365407551
183200,163152.22220868658
148100,144012.40842651596
500000.99999999994,508716.2122135579
222100,359501.03135775094
167600,192206.58797365418
184500,209321.46973387137
370000,412514.64134953084
239400,242629.64250101382
166700,158331.6198350297
233300.00000000003,204747.57970777142
240000,240901.57213255795
91300,100270.90934474471
483500,472943.335843713
150500,166518.10974905346
99500,162004.4394879898
240200,211340.2693546356
95500,117124.76486181899
500000.99999999994,507310.08000105515
251600,229023.71248715112
120800,115927.51284215394
135700,124204.47161671985
225400,217671.2128641119
500000.99999999994,444823.23674534704
85100,107461.91583393844
500000.99999999994,412772.50287554
164800,141312.22519882626
111600.00000000001,158377.6624050564
161000,150592.44217155155
213700,182550.47256518013
116500,117239.99096773646
350000,291496.0155446523
159900,193883.87172936666
438300,314942.3786521419
171100,200053.4703142302
271100,294534.3044596453
500000.99999999994,299541.1768705199
68000,98254.31597648688
191700,202700.27892230763
255900.00000000003,270466.7850290113
112500,151114.66727085915
182200,153551.85144616905
347600,317439.86737439025
332000,300257.2859825646
110900,127557.65533030097
211900.00000000003,219091.33838631268
262500,243277.31765419856
237900,226053.45722023977
90000,100003.91555920591
427200,417895.11301591207
370500,383351.40405437676
116300,113632.70064699033
170800,157723.93991525858
285500,320431.4325263742
111500,137452.29423657065
83200,115969.45392402462
248200.00000000003,253075.73571732207
395500,357425.82864511764
218299.99999999997,221894.48116009182
500000.99999999994,487017.92727342877
88900,98384.33501046771
181000,157348.78382050878
280900,356152.3612702207
345300,296815.0286954924
181000,199895.6757069128
192200,229636.02665212704
78100,78610.44802375851
75000,108457.92630854914
433300,424426.98731097905
160100,171797.0108687307
109200.00000000001,140401.90308987533
96200,134352.90330570866
191400,145289.73183558328
360000,157416.59555425413
185600,227505.60458405985
118800,100799.70654871307
122700.00000000001,109291.42985181617
206300.00000000003,190626.71572226135
195600,134333.26014759048
75600,97317.7125490237
104299.99999999999,107284.69107005528
385900,441338.99105766485
113900,127847.13295928435
79400,105191.85036132626
81300,76432.73286330981
129200,205755.07144888883
73500,97463.26040504714
175900,165910.4249710589
142400,166558.9792740362
234100.00000000003,241606.5837922
286700,311287.8306496219
92500,117971.23683350337
170100,170151.26874408463
161800,171070.46726720236
225300,252825.82460110236
170600,154272.08287305065
319400,320696.6541622674
95800,94564.85092752028
73400,86128.43241536123
93600,81685.50782738363
51700,54741.95300124566
358700,386269.9002692658
64700,55225.17945384509
344200,325465.1399175289
314000,361814.1934979207
185700,250318.92312133595
279300,248640.36214557593
119400,197856.96396732322
280400,287429.59732610726
187100,234918.94935819198
83800,82863.56000445037
309300,241570.81205253865
229199.99999999997,294610.02109989803
245000.00000000003,226099.89033853047
227599.99999999997,275067.9376092069
500000.99999999994,477407.5248233721
320800,262323.0996124178
147300,147462.90095729765
162300,186907.98272745582
265900,298423.64511471184
500000.99999999994,483112.8377512788
189100,207112.95961962742
316400,369242.4367572131
181900,170732.6952160907
261500.00000000003,295122.35550230625
69000,64655.58265595643
181300,217120.09939537413
293000,301992.34071046213
111100,129700.33467991633
218299.99999999997,274858.6874517865
147200,142925.49441475965
243800.00000000003,216467.1977960796
223000,215038.28470275353
137500,181928.50414883596
60600,73463.5836119278
275000,155092.95071504117
350000,254776.8024053597
171200,146218.91270302056
83500,114525.82155151427
225000,278106.8332460695
165600,193162.94019474086
152000,172232.0387127362
192000,232491.3023920118
254199.99999999997,290943.6849241666
150000,103292.17806840043
212500,233929.81086796994
80400,74695.83602298104
206500,228857.04987825966
331100,355708.6854203496
201399.99999999997,252490.9898518718
188400,189000.2399645573
195400,194321.49134572418
442500,440077.0786969053
152700,186385.81883089565
500000.99999999994,504285.95536811964
239800,262463.2650075504
159400,117634.90471757117
91800,108667.69644907565
240899.99999999997,252980.42768238558
136400,136929.38135394742
103600,105540.64003158828
132500,150866.60538428262
292900,299129.67664122494
62800,112814.97463437237
112100,116178.65513332556
89100,90647.00258001452
120700.00000000001,143038.07392059124
471400.00000000006,412515.1028787872
314700,376251.30185456906
226399.99999999997,236139.3418843475
409700.00000000006,307734.612852509
149000,117897.55636854486
171700,250717.48817488452
235500,303456.6835480106
322800,303342.98986364465
244499.99999999997,265807.1651983347
162200,176140.74546017087
340900,347438.7972472501
57399.99999999999,47319.685401883864
198900,208319.43022358904
109700,155720.06383999382
137500,113017.43789670175
85700,112807.16614885896
98300,91442.72522671566
178200,174562.09680899512
137500,312647.94439151837
275000,293178.9951347701
381500,320480.0200499946
500000.99999999994,488367.13748137414
500000.99999999994,516480.4729963773
179200,172534.49736736063
204500,200910.88800377768
394100,415240.75053291826
184400,189796.9395870264
174000,144877.66692675184
80700,112747.8438846404
189600,164537.36661548878
60000,84298.92359896153
126600,126053.00419814565
262500,243784.84819094237
139200,147857.17545154627
51300,58660.265495096064
229199.99999999997,256803.3641229465
101099.99999999999,152780.74638709432
97700,94969.91760229839
158300,142984.7460819519
349100,344189.2329361473
85500,128002.90882549695
214100,238277.62899597152
227100,242432.07492921545
155700,143432.9086950712
66800,76803.10704252844
207300,211757.36381819556
222800.00000000003,198170.42071820682
354500,376860.496427959
340500,360329.1529243406
52900,62866.77227815885
140600,180460.12745792372
150800,183974.6980680448
56100.00000000001,70674.3272038245
259600,264084.8691161254
318900,298875.7854268594
148400,219416.28682214994
289900,239037.79133865435
161800,225347.9118012238
254999.99999999997,215391.5048573359
87500,157806.0406442971
245000.00000000003,304156.91018409363
305000,315738.6575523106
215000,301910.6652559064
249000.00000000003,279985.2047978659
500000.99999999994,506941.38776289613
320000,269029.2405970027
174000,193843.5101407443
292500,245464.1961112326
500000.99999999994,484553.00768931035
289900,304096.1720181927
438400.00000000006,352070.4550182885
182000,187195.71072127667
170500,206341.4058284572
69200,82528.28000046143
95600,112673.32746874569
272800,317553.14213112066
81300,172527.6969938773
272400,262736.64316088735
152600,123125.72716527556
55900.00000000001,81327.35441470241
213499.99999999997,210035.68373428297
331300,191004.89830139873
201799.99999999997,191208.7570777265
57099.99999999999,67346.50557536683
331800,390444.62437415123
365900,229378.51922701875
127499.99999999999,99711.13847920907
111800.00000000001,90056.9814660243
353700,288239.7810537476
229300.00000000003,252012.7123728944
87500,94913.7551134926
237500,264117.0894435012
113300,89383.40268367121
112500,106317.88008988168
138500,124141.34871509453
307400,343234.43121730833
100899.99999999999,130043.04982430278
97800,95823.21830997599
176700,195512.85251793827
218000.00000000003,205753.2643430907
290600,257523.73132612728
157700,172622.14366880784
348000,359072.512592622
67200,80482.47720280463
260400,216997.03703023473
123600,127254.62475792396
67500,55017.80621056812
130700,147775.61643576223
66000,71482.9825653857
166600,164444.79304654626
225599.99999999997,202456.66568140013
257100.00000000003,210009.84128273878
500000.99999999994,477676.80377362407
113900,134942.0736363298
91000,121098.31601296419
217400,218273.0048787452
96000,103387.46608699142
129200,137396.80195672455
350200,331940.0555143718
442100,484229.7029139794
222900,145197.68012129155
81300,72475.67281867324
160600,165818.11184479776
500000.99999999994,352691.36912402755
341200,359592.12657939753
287900,299426.3128180487
344700,455200.32871216664
180000,187677.9024167097
167800,170661.41907821415
55000.00000000001,97928.10979913261
50800,50106.72593791606
142600,224938.06013231954
235800,214412.42870137302
112700,130585.99721762382
210200,205013.74803244995
210700.00000000003,102419.86667810268
65400,66954.76788922925
162500,178746.80584245757
150300,172995.0013869692
500000.99999999994,545967.4081670934
101400,117290.91411921957
221800,257425.54152028865
260300.00000000003,255884.66072245318
178800,182540.85621870487
170400,155976.64582072178
319400,341186.8511963804
190600,156407.38406226897
184100,217592.15290637495
191100,190696.06260169513
149600,206769.89423806174
500000.99999999994,465359.7355794926
183400,187962.5270868743
444100,411768.0744693799
242700,255305.47824862812
76200,93560.38521752825
132900,128807.66661615275
409800,270529.67895181605
112500,116207.73964148687
376600,315295.09386884404
50500,109236.46842421782
500000.99999999994,394650.37047862815
209500.00000000003,185995.03900641328
77800,83977.72212268632
299700,290379.59477642144
375000,219381.96973268647
156500,114927.48936874815
240000,265444.45261409035
77200,80366.09251085285
98500,88106.7491531211
500000.99999999994,392497.0414176245
110400.00000000001,174288.69432969892
86400,129924.61596913643
230399.99999999997,211976.11617096426
163900,208353.40190106948
500000.99999999994,484665.7833547855
49500,79257.04129952978
107400,134766.05472471798
362500,175785.58894240335
145000,139038.69169535307
218500,245432.56496092043
130100,152239.31761493423
146000,162571.4918992005
152500,97067.25634855733
457200,460976.33920258045
165200,180179.33161565944
394700,366263.9017055087
144400,147920.50384517136
136600,114903.75998351218
216400.00000000003,195813.4395722608
139000,131204.84979223006
103800,96575.33270190116
488500,395593.00590614765
227100,246680.99687866404
238000,218030.24218568415
215600,305419.2553349888
292300,331494.42230570444
145900,135249.79919777965
187300,215091.57766137857
185400,155091.77648580412
280000,222772.32665976984
141100,127500.91389426419
190900,185515.31919396948
262500,177438.38470171025
442000,427978.39167006314
274800,294070.90052933805
85500,86107.02571749625
231800,257174.74009039756
302000,289209.27430121915
235800,276801.8564802129
72200,101749.92297208839
182400,177202.15111527962
500000.99999999994,472680.5625437819
78700,69908.22490569488
181300,224650.82249524322
198000,215480.31850366073
199600,193472.21076942788
63300,93737.01988016248
94000,107574.76085674185
186800,196678.86479119034
117000,134197.80424972007
117800,123445.4018251258
121000,138600.80827819867
230900.00000000003,215987.78116470407
427299.99999999994,438628.0545464016
128099.99999999999,159967.12204587905
384700,299770.9710215959
290400,284597.8616523425
91300,141186.1077826003
61900,76671.916919873
232200,245897.1955970834
129600,130322.99087259143
127499.99999999999,109369.81667018734
150500,168473.88436828065
187500,124119.1135790465
437899.99999999994,474595.1111000852
126499.99999999999,156661.83832742047
453400,473480.38930412673
229400,223551.3180632703
364900,348872.6916425746
191900,207431.26102820737
87500,187947.2886722852
30000,85761.11163187998
335700,276350.3253220324
242099.99999999997,232125.48813367428
173700,204484.78244211202
54100.00000000001,46258.58143018491
207799.99999999997,221347.00021178753
112500,66043.18581556568
166700,180036.25824087838
271800,273808.1227878928
141100,153255.72100592684
375000,213366.2473874005
161600,139593.53277803998
159400,203625.368392398
86300,99260.31150282956
256300.00000000003,220582.43224224995
213200,220414.8600906826
254100,241938.43384539304
132600,142527.10504933458
169300,202439.11249868714
347700,373014.73962566815
159700,166250.0101531899
90900,183094.28778484557
290500,274015.4973102052
189900,240830.12946297572
495600.00000000006,519753.0188003504
333300,365552.19378849986
183800,175950.30296104198
189000,172696.96703803615
157500,114337.60503326074
66600,60105.51033956712
132400,162670.24333089992
156000,166566.56266213566
348100,290350.7936125166
226399.99999999997,262117.35698514027
74200,100413.38747956675
158300,202077.55800625123
500000.99999999994,516719.46695849526
165500,186106.33304690037
329500,275976.50708661694
139600,155988.9751355946
152900,143900.8170705811
367300,296108.1876389522
70000,85727.41401939238
97400,127482.67069280783
65900,94124.8850787521
49300,47267.14016865625
154100,162341.7452841661
272800,202404.1842941328
247100,271172.7476100424
268800,191655.8296889819
247600,204580.55661942964
416800,368112.2356762183
121600,113418.91617442579
171700,155019.52137618873
173800,243357.04847316898
235600,301990.20106652484
260100,274418.0171763906
200000,221131.47120007483
296600,256023.29744991477
374600,226307.8249940209
177800,203335.8874283638
269500,296141.9213303834
62000,85814.13238359138
197600,193825.9522105566
52700,65329.16199222051
191400,186274.68022250038
317700,325706.14694847225
329400,258144.86746380446
330700,383771.49287470605
187400,215697.69267789213
286500,210712.84963860558
500000.99999999994,201914.33037993268
133900,177948.3719041147
199800,209753.03839428342
45000,81651.5786132725
354600,330780.2899897063
263800,296738.98818585114
278400,216949.91005316077
160400,157777.4261267404
241299.99999999997,261273.84098596414
208300.00000000003,167268.5471107578
263600,281383.0945779168
145000,158312.57379813676
132500,150969.42380669582
183800,197046.21299073406
81100,88675.04420571416
176500,185781.59697782388
255500.00000000003,232898.7986992661
166100,209051.38303863455
102000,141823.4680777785
86100,92139.71286553236
100600,86939.4869346313
500000,396518.0522768642
209900.00000000003,261494.51534349128
52500,64260.039495391495
262900,219125.2186418857
158800,131868.32374626314
209500.00000000003,153472.77525653373
350000,231054.29144709033
217099.99999999997,220109.92998521717
141400,133088.21552358085
93400,99449.0535776161
198200,160726.25618620485
187200,180992.54115293518
185300,156008.1198643304
500000.99999999994,434826.12922158715
281300,196864.95751180078
103600,120418.96709131412
287900,328279.87242842815
208300.00000000003,196430.56288866507
175000,243025.4132503126
132700,113760.93398237554
172000,164572.2508800635
500000.99999999994,462552.28949053213
64000,68678.80872223478
227900,210624.21581602385
63100,63993.18315838257
84100,100705.97599538251
339200,271075.14668583777
156300,98543.13347861374
383600,367885.31525275996
137100,133341.39158848094
56799.99999999999,73056.30182455614
70000,92206.21396470972
96300,70791.17403904568
92600,142608.27803393197
359100,323998.5621525443
158700,174397.32342357433
500000.99999999994,468649.5958486146
114599.99999999999,186176.98879641297
410200.00000000006,371491.840467225
281900,227127.2864945209
101699.99999999999,96713.68660633745
169300,191933.84873024834
207799.99999999997,194098.33638609236
327200,371158.9671537483
277900,269652.72987646627
111400.00000000001,106519.5946573492
80600,96487.3310872389
207500.00000000003,230720.15558593607
275300,237016.58563911484
421000,362975.09570573375
128800,147752.3345061236
313900,322286.31150626316
67600,88236.48163621289
64400,76510.06972709257
153900,142696.84533326954
130700,136912.2894142648
238499.99999999997,293185.32817026606
379600,415798.0732066564
146500,180547.72136992973
150300,189421.33216265673
80300,156672.42712935677
293300,133483.79714358383
288000,299374.9187973489
144100,187453.88160234687
127000,133113.40214202652
152100,197904.45953368163
156800,137903.42955772483
104900,107581.61793427191
500000.99999999994,512775.49243292154
134400,144885.6326645895
500000.99999999994,507415.61080235115
272800,304438.6316277702
151600,82071.89957768544
362600,326116.8809773943
169200,209398.50504785753
140400,182354.49067217772
43700,50326.1646310535
136000,187832.08221564133
264400,266488.63646296854
152200,190610.63192036384
137500,254889.14770131576
214699.99999999997,174950.42127689449
170900,203813.72947393608
236200,237341.12982870717
297800,264612.9161266308
88500,113127.57593448655
127600,110658.58797256068
80200,93203.77613043007
306000,318209.350811508
436400,247487.5657010551
238899.99999999997,224937.8903035388
231700.00000000003,331550.3621349622
122900.00000000001,146503.8931949905
218200,230238.07553245735
397000,471210.88546628226
260300.00000000003,166300.58294689507
435700,384020.0847095697
164000,168957.44565412423
440500,323406.7507947098
85400,104752.96285506352
101899.99999999999,96310.0299192014
159400,230273.70873259887
190300,249617.64249801353
100000,83876.16644495177
139600,154177.99181362035
500000.99999999994,504208.74751982343
154500,238699.18294640738
170500,184089.7329541867
110600.00000000001,99648.7979338263
191200,272616.4833186113
287200,356055.68413863215
150100,141480.89855968172
238300,250787.05110126472
154200,166387.05827822225
280500,224355.9295644993
161900,177815.42008423776
265600,304132.2079545951
122700.00000000001,134930.75205503908
231199.99999999997,230717.43023003187
319100,297500.784617937
231300.00000000003,224653.52047147034
500000.99999999994,487130.49550744466
121200,123842.55168055899
222500,226266.66984442665
450000,285994.37374178116
102099.99999999999,107295.73136668335
201200,197009.9724306087
104200,128382.45756486796
500000.99999999994,512076.2391341149
132000,129631.69593545231
221099.99999999997,211699.84274988784
151600,118645.31483375902
146900,151568.73471630833
151200,158834.02311025816
165100,172011.65977145522
213600,270476.9864021293
213499.99999999997,230481.99837110922
500000.99999999994,419234.7035800025
438000,341499.2135395159
183800,205715.45088715575
350000,399888.52593446296
159300,113232.3168962541
129099.99999999999,134192.1030053094
76600,63590.42303300085
225000,183878.25253627115
230799.99999999997,210172.06222286107
431799.99999999994,409827.02604292275
191000,249345.982167605
84700,109356.87746828499
152500,159785.53738093885
67600,66682.84618475722
198200,186727.59426493783
306300,203968.8258353646
122100.00000000001,130473.2499176757
276100,213151.36999923564
103000,101067.69175064593
409100,287925.5288599587
135200,141432.8445492471
121600,151059.8962648455
182800,169704.24228072845
227999.99999999997,220976.36723414052
110000.00000000001,104043.16406343885
111200.00000000001,103036.27356951628
84700,81999.02231401551
447300,465972.7709841639
88300,86496.46415580543
87100,82355.64036425042
187500,196418.49833641053
146900,171713.2178148849
103099.99999999999,100470.56369665415
343700,375218.3920898067
98200,115928.2502160483
262500,143767.8248682979
77400,94528.44379591034
135100,142373.02520985188
134700,165683.26205753142
231300.00000000003,153001.81876116368
158600,148557.62511324376
101600,95452.88985224906
122000,145128.37770645207
380000,374917.01894545654
189400,155701.58131409273
440000.00000000006,322848.5993474313
70000,78879.03071819396
70000,72419.3969035034
333500,341449.55579250894
101800,127398.43715111364
500000.99999999994,514796.5142143272
360500,357525.51378675463
169500,192447.04411011818
205600,165686.84787368533
166300,179177.2782074644
32500,96491.29809247602
362700,291211.55582825205
174500,133211.50612263448
197600,189522.5566786791
183000,211559.29902996073
158300,158724.9382300639
100200,135662.1641084074
87500,76093.85065306617
461100,383024.82819374744
190200,278937.3022627197
232300,211457.20139793094
221600.00000000003,253434.77074920616
226900,194136.67074451438
224200,241977.05156330526
119800,126118.82738552401
78200,87101.07690914356
165100,124827.20733034781
213899.99999999997,271939.5117858133
69700,86779.53640440425
105800,132374.58734559524
75000,103771.58701563632
91700,112114.40663271183
269500,287178.66335770703
68200,58332.680084472
165800,178618.26490227325
154600,176627.45939432044
472700.00000000006,411867.29359295213
345900,406027.6583803976
230700,234422.79671504226
300000,248846.6448045459
249400.00000000003,208625.62146906808
435700,407754.94452260155
225800,251821.636862857
175000,179788.83631380982
178400,131501.0162726218
276000,209635.35813313237
115900,104650.90166684863
214299.99999999997,114128.1313067976
118300,97758.97326707985
500000.99999999994,325191.0743955871
152100,168978.09699607466
140400,165656.7588531692
222600,218650.1911093117
444500,320961.35488429683
500000,424966.2180459161
163300,137365.64499546197
193800,233250.48835772555
90500,106387.86640341954
115199.99999999999,122896.28023627929
147000,122737.51876323433
273900,258563.05617839252
190900,180290.02355578222
74800,80140.5089389159
500000.99999999994,299529.4777257799
118500,138133.9861346268
500000.99999999994,221484.4487657149
55000.00000000001,179130.88311082046
58399.99999999999,81385.01621696143
95800,128837.3069029963
99200,128794.7695826632
167400,198690.44487656796
70500,77311.51489607265
67500,78821.46330622467
75700,96736.20845812188
183000,181428.55668258845
500000.99999999994,500490.94652829616
97300,94642.70968386722
229999.99999999997,280898.31393392215
82900,118116.25395163082
52200,63597.454772771765
114799.99999999999,126073.87331093011
88000,90464.80547142097
224200,179962.72062184478
150000,139627.0445906873
341700,328812.99978194124
181700,200306.98189028047
140600,205784.40917976102
72700,73426.4057184108
210900,228157.66006134456
97700,123374.1953348376
109700,120176.78432470642
165600,199859.24471690925
230600,207205.73377049173
163800,206612.1952306405
95800,112662.19742979223
48100,65144.32490363504
44400,45987.182260524256
237900,228587.4585578161
284800,379864.6366738551
164800,155078.00419329017
200000,154440.3997460314
77800,92403.02672174796
186000,193629.4020513938
169700,148973.72743344386
418800,246362.12268875266
73300,88740.54613228436
87000,105323.21515755831
168200,196900.89878104383
154300,154222.74580692613
225000,336076.6702598243
333000,286468.2977539472
225900,225790.07570519997
138100,157757.90125347784
112700,96494.75013277453
231599.99999999997,233929.47612834146
419100,277940.4729866314
221099.99999999997,212475.76234346803
155400,168930.64503197715
151700,155513.24879345152
248900,252071.40455213582
153200,130479.41119790719
126499.99999999999,126663.39260670285
240000,246573.57169801122
186100,193716.73227841867
500000.99999999994,429252.4389987581
181600,197673.19017495823
178100,247084.9077395918
69200,71814.79505491501
66800,72423.59740238995
500000.99999999994,508375.90007409983
181300,222069.13093309663
396400,450292.93797223724
187500,215005.30447897618
297900,274919.46052699693
345400,384487.0174784374
245100,260182.00414206946
105500,110507.54580178316
101099.99999999999,71421.85736317372
141700,197124.1800793212
430900,384163.4104726707
286300,235314.85341344815
112999.99999999999,88169.63895325639
466700,436800.15171286
168600,170185.53139610364
360500,325402.0159871703
256400,253922.29062618123
113900,154826.49815634
350400,416043.06443102926
209100.00000000003,212242.48199400937
131500,179335.60021433225
216699.99999999997,249539.78653033622
101299.99999999999,96882.93693611133
202800,224236.48001236518
117600,148890.23288373684
292600,283340.51747195196
500000.99999999994,505036.0528848495
130300,126081.46994066407
92400,58525.55103935208
112500,116298.65685237416
154200,163342.8569070806
104000,81901.39483883022
121600,219008.16061061123
206300.00000000003,206055.17810221805
108300,149604.4471114175
349400,350497.2337196161
83300,89389.48832135118
245800.00000000003,279799.5955258617
91500,191403.77519892983
500000.99999999994,500495.88314083684
500000.99999999994,334665.5416597739
190500,164773.74789952498
108300,91108.44646907356
89600,93612.88422269268
500000.99999999994,492557.4021786134
94600,134310.8230000629
67500,290426.9961739404
177500,202491.7357492874
261300,262595.08074258437
500000.99999999994,311433.03907114617
168400,191616.0562849461
245299.99999999997,266381.3317378382
240000,301466.3849463591
156500,123739.61774240075
500000.99999999994,302932.2292754967
235600,263042.32890710625
185600,180292.73812452328
316700,202120.10096464326
118800,98727.13368983028
248500,223122.79153502756
236500.00000000003,269575.202346817
94600,96499.73702585489
176800,161398.4762288424
148600,182408.58296547804
195300,183550.70670039905
215899.99999999997,200056.2011434004
126600,156269.50652447648
173900,191442.7383495337
183000,203902.73593184864
74300,125549.37670351706
224700,194806.7124643871
101600,83325.8531444067
391000,355848.7054384842
265000,186924.0310524608
500000.99999999994,483657.1041572017
186500,211051.30067048175
78000,84608.56230009807
80800,99387.09699886454
189600,227184.77354632886
199200,272620.3198922436
189600,208329.57790199807
160000,170268.56441215466
375300,356411.57643858483
166700,135657.24464250926
215600,226486.69794850145
228600,209256.7482474071
171300,148831.25944008038
430999.99999999994,410288.77177554194
275100,240516.04267709434
276800,288870.242252566
46300,50985.40429252281
144000,135649.32038773573
94300,81907.3387632905
157600,136043.0797110934
194500,216825.3869276906
351100,256606.04082708785
453400,372454.2352425048
224600,209604.85993812486
155600,161144.09982551422
242000,429055.7074413734
70000,89298.78299360501
71300,106443.74710856113
66800,96237.10678003548
153100,242807.15019480413
137500,182473.7486860829
230399.99999999997,244353.45193690376
242200.00000000003,269084.73022328265
301900,240713.55008314457
415800.00000000006,314869.0600280338
156500,177002.75854419693
78600,86420.3066412001
441399.99999999994,418902.4122653062
184300,191182.90480446926
276500,328942.9578002685
232799.99999999997,178370.84156690762
60400,95578.098687002
224100,205238.98853259627
438999.99999999994,333833.07528385794
123100.00000000001,99545.30262582935
255700,312472.89848857187
57599.99999999999,74092.27398001721
199800,203609.30688766847
51300,48046.37186707599
348200,345477.8750216609
362800,366497.7621508851
240300,251563.57680255125
73600,69108.67057928862
172600,173219.55141780397
229000,247549.74395114457
166300,174098.49140239682
83300,118499.07275452775
500000.99999999994,508458.23919860856
332900,304368.81555314513
54300.00000000001,54372.89270675451
241699.99999999997,278485.4669495336
387500,403499.6493719456
136400,205277.69202914328
98300,169260.72103930486
176000,240741.21914842664
63000,67207.50097400689
236900.00000000003,220259.7399728788
97200,153122.54985745918
220000.00000000003,227990.84922733353
105800,139801.3164818131
270900,268818.4559433336
99400,108781.26071119192
166300,169888.30873144895
143800,141088.69877919942
140600,140780.50662841505
330900,317908.27358939627
156900,236329.68472087922
500000.99999999994,470016.17741276155
162500,165893.41529770184
124800,141958.3726085362
216100,180026.0308360286
171400,175685.80794656585
325600,381636.7363853974
109800.00000000001,111111.5622906058
276200,274787.29462593154
129900,153979.07367970623
292300,278205.94674612966
341500,355748.8032478245
66800,59763.9594923872
238800,220972.57529820912
77400,110461.17717761829
82400,95237.11196494116
359900,363083.0409927296
465700,434659.17716283334
214000,231622.58362612172
107100,92788.42575123483
157800,181472.55027157007
119300,148554.12627286225
232900.00000000003,252064.02225168917
179500,207774.8658853153
70100,68034.29677290186
55000.00000000001,203126.34015970788
65900,66590.22313653666
99600,101455.76416918109
500000.99999999994,490368.45634368114
164100,213999.95401521205
77000,109885.15662563051
140300,153336.32572383742
172900,139183.03461804418
500000.99999999994,338672.0511761894
314300,249026.4690991713
500000.99999999994,443649.8005776942
500000.99999999994,513336.01740950736
143000,148381.72080153966
280600,292896.36594107776
375000,333805.6463934264
137500,177035.94555284825
337100,312021.46571033646
128000,141912.5190848378
185400,209482.94448840295
63000,67577.13469541042
109500,137161.04430148407
400000,230082.1141274332
151900,266300.3042060733
56299.99999999999,58647.02363028905
102499.99999999999,85086.08556363075
225000,303962.2269031228
145500,179746.7456035866
363100,277587.8917985578
249000.00000000003,169810.20009959422
415299.99999999994,369404.0323061669
267400,198822.49474781024
75000,82325.59855588274
250000,239623.22000239475
161800,147524.5846464219
97500,87229.70551832976
111500,134796.0752990241
87300,92651.17362066399
272900,296594.9006501284
124400,108772.5168196874
228700,340652.79360586975
229500,215000.1299985025
162500,153373.42993020095
80000,139708.74668698476
118800,127762.60330739425
244200.00000000003,326948.2392480534
187500,186076.7759306249
246000,225079.69174754492
102600,117191.71693263574
116700,92084.23565031958
137500,174693.4220513518
171900,286516.6868946011
103099.99999999999,127457.77583737037
239100,244867.09917590275
194000,218649.84640186862
219899.99999999997,226533.54919698276
380000,467218.67373892985
155700,161880.27583120935
89900,81606.26455494626
89300,123361.50547286858
55000.00000000001,73637.56304326875
49800,47911.897452763325
146400,143237.74702916696
278000,283936.0854664715
288700,329882.9608213661
129200,147005.65374105002
221600.00000000003,234830.0454156255
85600,145633.2432917967
160400,145228.94949695584
57599.99999999999,83648.38573945849
348500,342950.05774523213
199400,246983.73762362057
97100,117247.1336137991
58099.99999999999,66070.97425564166
301000,308908.29067437217
74200,129829.749194337
249400.00000000003,373283.6247342959
267000,279514.4557967647
119900,122940.05193547109
77700,69360.03019063934
143400,125011.54180336549
61200,71113.99814556549
206800,182628.12680408516
328200,260017.25708551586
360600,340091.9336465128
107800,127017.85791988342
51500,45454.347431288305
67500,98101.96208350222
184100,165969.71257864073
200000,141303.27762046875
354000,281145.92321554624
393800,357367.05387424707
132100,135852.74702261633
306500,285976.6999279423
134900,114605.99788961546
319300,361082.52818012185
303900,300951.28487346764
350000,141651.0411215532
231199.99999999997,258561.13776010717
131300,136760.70844847328
120800,137000.59096671795
135200,131202.8041946554
68900,81283.60633472246
425000,267409.3286460371
160500,165582.92441484975
151000,159574.8068712486
349500,435701.3937681857
60200,61800.524754093465
396400,342796.3987949263
278500,364945.4274403467
239299.99999999997,144839.21549511832
224900,248598.58521888082
91300,108444.30997608053
111400.00000000001,138387.32895571087
150800,129997.99845748082
64700,56494.47269115867
358800,335154.31424147205
232799.99999999997,182318.64117174462
54400.00000000001,52601.021287773256
98200,101959.3046937774
225800,213436.9943929945
116100,137746.57338492363
196400,259526.9614880778
123200,75872.44813795427
156400,234062.41723420811
166800,176493.62074998228
215899.99999999997,243402.89934933747
117300,145109.15182780797
243200,206501.16578350583
72900,96630.86686936345
191700,206623.1704286427
60000,262050.5846585189
195400,194246.53802687943
111600.00000000001,162585.82725904067
268500,228699.76559328372
260000,258040.8686058378
89400,121180.72391953044
235200,309104.1938432671
386100,326242.02506587777
187500,161042.8157372645
223400,247295.19533378165
120300,149264.3745636068
135800,128483.02471131447
307400,273695.26507232507
326800,242574.49442471645
70300,138737.88272927827
68200,86194.41335558669
114599.99999999999,108220.30379683932
177200,216229.39719930614
81900,108951.9333751143
90600,112849.82395316024
56799.99999999999,66128.88553783849
323800,310079.4232904765
244400,128188.47357873537
144300,148932.50349685358
164200,159265.00980517734
237600,262721.48763171514
243000.00000000003,224846.39750281797
83300,99344.8833871811
87500,118353.03487125036
131700,134400.84895254558
47000,61377.13093811427
195300,201362.4280874309
184100,231374.49257013528
128800,103604.44506771295
118200,112222.50254169485
212800,192531.87649768798
141300,131691.82011901902
227100,197729.01170357858
80800,197211.79947651838
201300,194352.8212862435
183300,195060.56260618972
155000,172752.16768455683
143800,185894.18335581926
137500,269235.14700192696
280100,218220.99713873136
245900,260659.74031517637
243600,274025.92139146844
103000,141751.35982495768
103800,99144.1504802058
235900,217448.38105880094
161900,171376.29445879447
394400,422261.4240321242
145800,80966.5613787704
184800,154957.90193542853
242300,240808.66222229914
335500,225380.13635324073
165500,132710.45123315448
204800,284378.3438312729
159700,144892.33644012385
169100,162361.16098399303
478599.99999999994,258260.50738391915
258900,230568.6106327797
324000,322894.124354275
103099.99999999999,104018.6728670312
138100,193411.99374760152
91600,112777.85003814762
228900.00000000003,276246.0253724659
138800,139604.82486979698
252199.99999999997,237742.0473839861
420300.00000000006,443042.4861125501
243600,222685.9131178819
142100,167573.29986723882
67500,72063.66160105172
92800,115931.0605254417
190800,242194.24014066675
223900,201350.69553444872
143400,174645.4973535782
132700,128965.35560008704
99000,93478.46042953264
67700,71971.18451165743
227400,244426.5520656906
228600,243920.65084605876
135800,141299.26627791006
362100,359375.77653165575
281300,345550.30449028534
500000.99999999994,503636.4713490324
90600,121992.88558211122
66300,99533.83041485873
150200,142156.35115171465
170300,156334.0864822283
99300,97568.18357794956
322900,443832.07655265846
213200,153141.63341487193
217000,232272.7663211974
267900,191790.38548426385
206300.00000000003,215509.17314065353
376800,302501.1963227866
87500,83093.93875796536
304700,261416.192129773
460200.00000000006,360531.29246618395
128499.99999999999,108788.66432166426
284600,387522.1100732878
119600,134357.96909334537
208599.99999999997,198365.2654289197
117500,280853.31182512915
66900,58709.95072307577
204800,177137.5799601962
74600,109282.69473477518
109100,118582.84448857287
114300,151993.10169069574
308300,306544.2465538898
112999.99999999999,104721.57884051549
91700,71298.02994040464
134200,121233.79527880032
425000,394231.8931272406
53900,64017.586268552914
310600,218012.2201232796
241699.99999999997,447024.68530358205
226799.99999999997,229318.23255687475
100800,111320.44419607446
238000,215186.1658891452
245500,228131.318991612
156500,164497.10056258703
115599.99999999999,213708.50645623295
66400,75645.02959730323
58800,57068.72529939836
223600.00000000003,209897.4897965231
169300,165554.51725896937
166700,155088.35209694618
225000,246946.79615659616
72600,82058.9176795247
160300,161080.51333432706
147500,122613.00809998128
91200,206472.93304505222
208300.00000000003,114186.5315108537
335300,359759.14083228854
57999.99999999999,88506.66811619143
226500,208545.2245202666
345200,348855.7685526367
106800,96077.68012283115
500000.99999999994,222029.0703282831
275000,289196.27022987825
95800,126900.16666927423
97200,139693.13284497499
155000,129491.36171886812
400000,374314.0595505054
500000.99999999994,302767.82006766944
304300,273524.0614558224
359200,353761.21870469535
144700,151457.4945776736
352800,380953.6179902638
355600,312130.94636500237
99100,123166.26776170428
250400,231812.4996203775
105600,108785.69388622003
500000.99999999994,499337.91230515525
162000,184967.53248786536
272200,295188.18201900093
245900,282246.50696466485
183300,178805.67127120215
220699.99999999997,287240.8865329206
161000,179368.3385794267
303900,324590.4914360046
266200,245636.28595305115
90100,105471.06950811393
87500,134046.954688639
209400,167950.9956902851
188700,212991.6728164533
101400,117284.78265428178
387500,369520.3016069833
359100,318909.3060713393
327300,340343.06355639314
279200,286404.49717507383
233599.99999999997,263375.68661276693
163500,217537.47773605492
124200,191752.8197078877
450000,425856.5922404629
111900,111057.22229421439
90800,108817.11754292822
120600,132815.96894834112
483800,453064.657519787
366700,417720.87087101804
200999.99999999997,185009.80789529634
333600,320576.62834873743
362500,216857.78502604493
170100,161960.45251831523
246700,244242.15515816465
161200,177772.74232803434
147000,126931.36570523438
117900,158113.0674949311
111300,112740.54271317601
266500,252915.60116634687
113500,115547.04674607856
329100,363946.08765202627
500000.99999999994,482249.1970517577
236500.00000000003,178996.66792788525
122200,109572.48058665324
81900,101023.11061335626
386400,342594.3805357258
184800,188859.56043218105
160700,183432.9699547437
101600,108990.01584589847
424000,459885.43495888036
262500,228122.83081886257
369400,334181.5193857718
115100,165208.29093958906
281700,202890.8098696535
98100,137002.61663915354
131100,155306.51146338208
251799.99999999997,217010.15720482965
232700,226570.7480290229
139200,131126.72846083393
71500,88169.42394982807
340500,349854.45545044995
270800,242685.52724279012
155600,184784.44879691984
89200,75404.820481101
167000,168980.14798356127
103099.99999999999,93379.24688063089
180500,173558.90496621377
51200,77102.04800780835
204599.99999999997,209271.92579341604
387200,217978.76606867276
162500,125595.3175345317
120400,136459.24198034854
139700,166980.82358719056
98200,85217.221870954
269400,264385.9712162667
269100,283414.76321229007
500000.99999999994,353758.3189931651
49600,75867.59765339286
57999.99999999999,73046.84886994968
65900,71232.96224906782
175400,179574.51793410044
391800,358464.7304338758
280800,265804.6955251895
90700,163845.29070750144
500000.99999999994,511446.23025787604
92300,105364.13237109104
227100,225822.0850734554
162500,153210.30802297936
290900,291588.06954924203
183100,182833.95905708347
283200,302938.03982568975
177400,291023.9768354942
238700,265896.0104799468
321300,297234.746084921
261500.00000000003,311873.95611416333
99300,134473.87943957673
226100,219268.3659371523
51700,45612.986128697245
156900,149729.13161433834
160900,151279.89435376992
222400.00000000003,283896.55574532005
305200,302611.184472728
138800,131718.58517550325
230700,247675.87988170865
94300,98369.00617629701
97200,94492.14025723291
382100,358743.29697900114
193200,223007.26428698542
209500.00000000003,198813.00385405443
231400,184574.93048168352
89300,120223.27613490354
196100,215833.4363120783
113500,89793.86245264884
178400,250399.2287783313
406500.00000000006,371456.97133660666
228200,218246.02362416746
234800,250812.36609440364
231300.00000000003,191345.6496923883
500000.99999999994,438210.9664477147
184100,189851.04668595892
213700,237696.25286154402
500000.99999999994,486598.5253739454
169200,189902.48261911093
232399.99999999997,237302.637428586
351700,415163.9676049202
234600,198006.72479186862
112500,302212.2680013812
145200,152148.58542572655
87200,97531.00459722505
53500,95221.53754242025
43800,57705.528878711106
94200,94386.76457941806
218800.00000000003,183461.53119523515
191900,186649.76895978974
132200,233447.93474594693
46800,48937.363924862446
149700,194595.24853889516
126299.99999999999,132538.8271972977
255900.00000000003,241080.6862426386
94500,99854.03318053138
237100,221509.5199218243
500000.99999999994,495299.5235179293
87500,107379.31832763621
126600,116085.35919819848
245100,234517.20030216343
157400,199128.3111763367
78400,81158.97538048269
218100,187001.18011488518
350000,225211.70231383987
198400,208645.91401330676
143900,143325.98191033298
337900,392496.1188243148
76300,104201.8386924448
160100,200965.57029851084
130600,135630.83573562076
112500,125828.83052159206
329200,244331.63681228334
233300.00000000003,208628.99628545772
99200,117963.58999043205
197900,187629.9977665927
204100,235434.99639669157
350000,355134.13299872435
62100,56702.07273452233
140400,145064.96137198948
152100,235606.05551697224
130500,93124.4647672927
195100,235282.36805064816
199500,222508.99585575043
137500,93822.80246522721
275000,241072.60571603768
122900.00000000001,179437.79199092134
109000.00000000001,133948.81888834853
121700.00000000001,103614.30698357693
302000,320700.68391034123
241699.99999999997,224625.85015044198
153200,155685.86652354308
169300,219155.4649506851
358500,424123.86442233325
175000,166244.24849454494
112500,135588.9667693018
376000,422706.27568411647
118800,105712.09339573636
401000,384673.47981765046
107900,104234.1403434577
339700,352738.39047235256
158000,161889.4607539908
468800,380122.21454001346
63100,62738.89835898728
184600,188271.2381756283
189700,238704.04355201437
190900,227323.05875892463
67500,134167.28494236912
85300,104083.72986640513
173600,171683.0704989655
129700,111727.34449342798
181000,231217.31664690518
500000.99999999994,518033.9539125196
376200,421103.0432071203
243000.00000000003,253009.2760733348
148200,138903.17167650018
238099.99999999997,263359.18250958034
450000,351231.93498078367
240000,246096.74324177485
500000.99999999994,273284.3452738173
274100,287680.15850600146
190100,201961.5279342908
268400,277176.52353850566
349300,249596.49041244772
275700,286345.3315384393
182800,184101.92944030382
500000.99999999994,466204.7456802783
213200,238415.3387803311
179500,177915.2426151898
138500,152870.35892105423
181300,170031.6648599928
340500,393563.92749072507
225000,206705.7895798991
68300,99640.84126742689
237900,263933.73054603755
149700,160849.74181714506
125800,153334.99276473693
87600,131365.71213798787
125000,148198.73724523478
168800,114508.91199079689
135000,140098.18512547968
86300,103369.13279824283
64900,112556.55531618094
106300,220322.29323775982
285700,277335.5122763863
272400,261305.49217996607
217700,238663.35656072517
91800,107156.60221876408
163000,176509.12437857492
195100,194929.35056385733
32500,118385.92625905346
275300,171295.43487129058
136900,115954.25655918203
194100,169665.93889448207
230200,245900.82225105984
143600,149616.33069039756
39600,77660.82425538287
59800,77339.678137832
210700.00000000003,227939.07483376944
156300,93937.01421761699
215600,220157.4748292748
177500,189387.37800161898
218900,250403.05201467793
128400,126085.64033064064
190600,168275.08104436673
398300,437014.08174156374
367100,201717.93364243716
122500.00000000001,154744.5137864885
376100,163802.7425868288
157600,152712.4472213556
178100,187246.29330191892
72400,78313.21403450005
287600,265414.4426650431
175000,164309.0063081532
280800,210745.5948192265
160500,173418.17215420338
158600,142173.64524792036
144300,196147.9729381168
136300,152264.72524271448
218200,215213.81205089547
466399.99999999994,446754.97659879894
386100,460284.67177725944
251200,244498.1127040055
190400,175844.82771997494
223100,250042.33929031662
361000,248253.81896545307
275000,178159.19426052694
70800,113558.41745664191
459999.99999999994,308623.45279525506
67500,85209.90214741898
225000,129865.28406066728
176100,163298.6806131431
52400,52280.97046026587
167600,179300.75264639358
99700,125388.49110846707
88900,112441.83220094722
223700,209889.94168249035
180500,194837.89622892905
93200,113942.48972376162
173800,166277.42945553298
490800.00000000006,468708.16406741424
104200,115801.77281895632
276100,254826.70248768388
254700.00000000003,254898.97291062088
212300.00000000003,220174.06310229958
87500,89639.27341362614
94200,88396.3513234764
163500,212187.7804264445
500000.99999999994,301461.9090292454
125000,197936.96278286912
182300,193883.64653128004
111700,138352.4026007006
146000,185440.82362974162
500000.99999999994,456093.69409447035
320500,271074.00598526536
48000,50155.504123453466
168800,223902.24842241852
67500,75299.69419483223
173100,169191.18090679214
150000,112096.58280176019
329200,316382.9667809981
141000,146063.02769586426
378000,369931.0174503839
80200,54134.325822898514
203300,222045.53927003415
394900,415265.7513314369
84500,81703.94281936206
327300,354734.62209583615
201200,223658.5440064267
162500,257936.51543600365
266000,304768.3126124074
221200.00000000003,214357.58063555884
176500,193533.99174992475
206300.00000000003,177864.232974084
500000.99999999994,453875.38945981604
186700,207589.88778549142
112500,228081.2292310515
90500,85040.25165880063
190800,194096.39190135643
198800,136431.88274613422
165600,198209.4221114792
500000.99999999994,462433.95521819446
145700,168688.7496043738
91300,103276.84824659658
140400,167718.39000231982
191700,222372.3855402222
61100,73304.41830516345
153000,121105.47037971279
85500,76909.52859373753
164500,168471.99222489426
386200,378441.609218585
341300,334907.0952568676
246400,243845.9636885337
121800,141748.69059870535
132500,144411.02188154616
98000,113595.51935466459
241400.00000000003,188040.964194885
171300,170246.114162031
120100,140850.39421965007
500000.99999999994,520236.1750205843
192700,211681.47916519374
232799.99999999997,222428.81289383463
191800,219238.7844316688
196300,204182.48613233463
293900,332782.65375273343
84600,98892.17438955914
500000.99999999994,513964.51246272196
500000.99999999994,481069.7855119624
107300,139906.63440191373
150000,210940.2316889011
204199.99999999997,176462.53118246514
268300,255936.96273643876
103499.99999999999,108906.48248531991
161500,141646.58452574897
222400.00000000003,217763.82944946797
166900,155016.297247026
229199.99999999997,250892.18968272893
205900.00000000003,172007.56341789305
95500,57880.278047006526
162500,168401.80914542414
240700,255660.3445791256
82800,96644.75506546842
230200,141436.11467226673
185900,162219.40257001025
105800,123854.446797157
118800,144003.63094587528
194400,172196.98391346107
183300,184359.43145851995
292500,181347.82904345152
144200,150229.56344863455
500000.99999999994,364510.7807389634
134200,195523.16428053536
52800,49193.91271059931
188700,179349.85609519723
204000,212923.6639375238
179500,175175.74275089536
98900,105938.81564862235
279900,249868.26001871383
327700,316272.03427033045
208000,201885.9004719279
208300.00000000003,194602.06520914356
112500,264017.85202975513
234700,285288.9410791337
214500,213308.3385914943
338500,384462.8717615343
500000.99999999994,509039.1487786569
284100,275275.50237108
500000.99999999994,461011.7854197657
181300,161337.54680387027
125000,117811.41685733196
412500,296736.64436786686
112500,102622.34590188907
90300,63405.93837621872
96000,122883.55093185486
142500,189144.92698936706
266300,287438.84329175425
165000,159547.10420603037
118000,132637.93501958225
156400,164141.53504175198
426800,495904.6928571543
308600,284764.4129255811
239200,132273.8026813017
109400.00000000001,105546.20987504775
66600,68389.60496715318
368500,368814.6821948813
330500,314668.6503094715
273600,279752.3861533826
500000.99999999994,504228.519299474
321100,393299.6596521011
242600.00000000003,185027.48251111922
231900,276262.66284022754
151400,180177.539465366
227800,211805.10803259493
380000,378475.6489017829
95200,121963.11550799682
193900,176769.62538369824
260700.00000000003,210303.36685706695
191000,147928.44552127624
64900,69967.82605450635
128299.99999999999,143497.07128495286
189800,306451.5299451132
183300,173150.60593634014
151800,109871.38267990576
257300,196737.29566637374
137500,85395.35199608652
125000,91721.4806742728
218100,158880.6462238066
168100,161637.27909701449
231800,140321.66821289482
149000,112052.50936842314
170300,220494.8000984525
391300,286502.52336710464
282300,363454.27849558985
500000.99999999994,498847.6170082141
135400,156181.0907357885
328400,315585.90213770047
350000,200561.76577525624
182300,210481.4347168688
500000.99999999994,492838.74313249864
192000,177491.0465846121
240800,237573.9900173664
175000,196417.22718543684
126400,110145.87359047648
125899.99999999999,138962.89110954083
194700,229097.36082072873
341800,349980.16663813504
211900.00000000003,166801.03739569703
137500,61272.58259046271
270600,325713.81252822955
172300,180953.24008699803
262100,210303.517952847
149100,163660.3951544932
339100,234162.76315528387
248600.00000000003,229897.89197773288
128699.99999999999,177382.42743959665
343900,239234.851287653
175000,172457.74925517422
287500,315337.4903431845
143600,120041.85518197481
346200,286317.79247191374
232200,274297.6193833902
200000,167411.56431023267
241500,263161.01105549105
67500,77319.02371877022
191700,164541.17383211444
178300,210780.70106876767
178200,173956.1252407285
133200,133749.57557823163
273800,282425.36789777747
152200,163855.58821512354
187100,183843.51429045928
137500,169344.87808025128
110400.00000000001,117955.35259876082
240600,223985.80389141254
162500,149990.31794066995
83800,108495.69734774958
265600,203442.14000374184
211500.00000000003,217900.03811666876
173400,173906.12524547605
310000,333887.98415871256
99500,118079.64740102206
191400,180893.27954886548
220100,179371.4661808875
167300,184489.9660120602
65000,74847.43497188188
141800,162860.42273711768
290600,311385.69716788986
319200,372644.0597310419
118800,124423.29788896728
200000,230141.34419312468
219499.99999999997,203477.06327993885
289400,225114.61172239037
116399.99999999999,145065.22309123294
162300,162039.84494597735
114100,114095.15671052183
71300,72235.92732141117
190500,180721.62599441456
197300,189008.00502761654
72200,71184.45456716446
103299.99999999999,157379.79987617783
143000,105497.24055341916
244899.99999999997,225280.01998539275
500000.99999999994,430240.13030902826
183300,138142.58488477324
86100,147196.11593537417
218400.00000000003,252753.3898297291
110800.00000000001,121095.64850106373
211300,197979.92734397444
338800,320953.4872631544
123100.00000000001,121982.18861258109
269500,150732.9673620566
321400,280230.2436955789
81900,104163.48650306098
500000.99999999994,530990.6258344557
304600,373698.9658355651
72900,98806.68160853344
158000,141917.2084562457
62200,65842.0311334113
116300,86818.31011405386
314100,141761.7443416113
362500,272244.59595859953
500000.99999999994,491230.31235617807
74100,112260.27295405019
150000,142124.53470049545
270000,249214.90266505975
120800,129233.4325129139
250000,151498.42609942463
72200,72828.67642094978
375000,361814.3577883401
239600,248368.88318551198
183300,201897.53163975014
161200,185567.7982058995
250999.99999999997,232699.98833409828
45500,66547.57075769057
178100,198948.68705952642
258900,267613.00916182145
145800,148957.47253436258
84700,77206.91792425395
216699.99999999997,151218.67476987035
130400,119812.31871337106
158500,152046.80339929325
117800,123309.94963121854
215000,217053.48515076493
268600,276933.8069054076
100000,96250.98995256679
332700,442758.3461884789
186700,173657.55441944193
53000,59352.003467930066
149700,143802.83862387334
345800,319137.0175507285
124500.00000000001,145168.13835175644
475800,469616.1659685321
500000.99999999994,432575.0221158187
500000.99999999994,517419.6576853082
175900,174870.69875834286
183300,260256.09426384958
253100,345613.7062202131
117800,119617.16410838533
143500,150772.7223818882
500000.99999999994,377534.1847314446
142300,122519.91713023082
121000,135306.5850152409
268800,281601.61039417516
330200,315290.96782235196
121800,155588.54325050538
416899.99999999994,364842.85175076657
266700,316956.70231122157
189400,190964.18894211427
443600,322871.1747006282
163000,176273.06614668912
382500,302984.7592434566
106300,142200.20017040666
57799.99999999999,83703.16898075474
57499.99999999999,80524.48585286232
238000,265273.70825616043
218900,231077.69483112253
118600,118892.74066822161
309100,355995.19445948565
213200,199907.4728400236
180200,188533.47575255478
470800,400275.82386220037
337200,158684.38119439932
95300,99943.38347923027
103899.99999999999,121759.35351435558
500000.99999999994,245082.4897344113
215000,212861.09138029694
189400,211831.51098143525
171400,193737.86679923965
357000,316321.57040512713
196200,199334.41263742105
98500,92149.67027609762
178800,203600.9415675774
226600,259464.1522363196
171400,192701.83534858964
271400,221997.84291132985
216800.00000000003,256202.10130181178
67900,93260.43020642281
171300,148555.42339437504
110900,146813.73030899608
332500,266657.2559975269
150000,125164.78276730514
173400,217750.88919507465
237500,270744.0204902807
65800,76785.7057262341
173100,191382.95260013815
321200,321812.8429515796
265000,354836.10706688924
87500,86353.0604911362
210300.00000000003,229365.46536710905
247800.00000000003,286700.1165227029
375700,414869.37727029686
113700,117935.20260982797
500000.99999999994,448832.8415893222
45600,46115.63643947294
130600,99886.97306795447
198600,207357.02538878174
436700,452471.77931114216
92600,123649.99274853324
150000,173847.12356401444
359900,293673.4445028701
500000.99999999994,500685.58579951606
93800,101672.09535644343
383300,305564.8004095919
191700,164201.1346262458
267200,257384.52141939953
280200,191380.4677303006
52100,55272.08801697859
110200.00000000001,104303.79533710275
164600,105957.55458984432
324800,396814.5637206254
122700.00000000001,150222.1467473887
216699.99999999997,264067.44834313454
73600,105411.23685400626
254100,269783.563952922
187500,149828.49085697928
166000,186178.45576756416
157900,175478.39823494697
193800,190111.6970721797
140800,121340.86901618054
95300,90005.10974515574
227000,267654.6212952825
265600,261178.49652098317
90200,125096.93190558002
183200,176850.9691595748
184600,151952.38770980993
162500,176630.02827086623
125000,160246.87317950514
97200,138057.00555085312
355300,321742.26340492844
136200,132225.1306581842
125000,152974.7072723647
305600,306733.3712438295
176600,134377.02561972264
348600,314604.3731327527
299200,235599.6516825047
72100,128546.48670792235
109500,146044.58035311688
281100,305824.4513825099
156300,176048.256728741
234200,244313.01698980987
59700,69514.69097710181
250000,271633.12384262943
203300,247126.89814819113
173100,216364.6273449658
300300,317566.7171859329
238000,243488.57545834707
179000,176062.94009063928
166000,169429.8467562496
160700,178000.76756175273
147500,166629.91675645416
192100,182293.05588007587
56399.99999999999,52889.37258787517
304800,357178.0335860469
439799.99999999994,395315.1054101175
137500,107501.75867513048
137500,103740.74000604331
134600,160058.74955439693
262500,254104.27701090803
83400,98226.34952216868
113500,105399.97124592675
71400,108642.2681586009
204500,198387.84370381702
282400,306965.9793168677
145700,149886.62198433152
264700,278345.3362995199
275000,215850.02817993093
171600,145453.04682029827
216699.99999999997,260967.77718646507
180700,201503.81649153886
212500,101192.0374893954
167700,211058.86079413828
42500,44886.19587252362
238400,264483.15667480754
144000,91859.79421880034
43600,46711.57777518906
363500,292757.73116864974
186200,232763.06828727195
67500,60976.95882974734
159600,258053.96809984403
195600,211949.74143407083
154800,186675.37739779946
450699.99999999994,452661.57735831855
69900,66989.04441885129
132200,145698.41832512064
328000,371814.4986616828
272800,286774.0892000013
66300,107357.6441448255
129299.99999999999,133882.99859733394
77100,89691.10168748166
155500,162349.13110084704
126000,151906.32475039054
240300,201460.22299565686
133000,132519.77624235128
94900,123812.64793878862
203900.00000000003,241211.76007145157
61000,118447.7583467509
139200,124047.31979773214
229199.99999999997,231372.5715680682
260600,358804.82511176035
251100,226489.17527407318
327600,233086.20460765273
167900,181337.48254544137
212000,258268.36651113947
233300.00000000003,207768.19431667693
255399.99999999997,254326.26145639308
67500,91154.25539170457
162000,272154.0714796571
117200,85409.88151878261
109700,127578.35789078647
275000,98500.91366446468
111800.00000000001,137914.47896044698
166000,206908.94196342037
92700,87901.4345108035
186000,208882.08969610522
97300,114817.05556222316
241299.99999999997,289031.4846662945
258500,263179.6731093798
138200,161586.42843038987
196100,250624.6836161279
419200,482267.874640043
138800,142402.4049281362
376600,450184.5675007655
165100,173104.15239867923
181800,214669.15376850023
211800,156042.49661366994
112500,148157.5415413866
144300,135466.81655667277
222000.00000000003,232424.20568420374
53600,60312.97437422523
130800,131812.9982120486
227599.99999999997,266160.4925717848
275000,285575.0574237519
191900,197257.30627750998
64100,57699.46650014106
68100,89017.81556193739
255200,235223.011360212
244099.99999999997,266919.12679342786
337000,266710.4587252246
208300.00000000003,172879.7022700109
500000.99999999994,498007.1891156456
172100,181605.91189176508
128899.99999999999,83552.65086919576
144900,100569.79218215603
72000,60092.43382807923
142900,142314.74399271826
436100,312394.3515865966
204199.99999999997,175148.98434818303
195700,217531.62581053787
90500,113050.02284057514
236100.00000000003,179616.03080467068
186900,178016.69058526942
162500,197448.36961730308
112500,130275.82085052444
57999.99999999999,56231.44151736093
307400,348357.1993056544
353800,459817.3954703211
290900,322686.68784489017
358600,317524.7772362805
246200.00000000003,223910.94108945702
72100,111292.55422276966
107500,126930.29285146833
78600,76536.28959663997
187600,198030.31935088066
97900,120117.7854995385
186600,227207.55098146357
196900,184663.11727071207
111500,96107.17837457763
156300,182842.51340872815
218200,268209.3000691229
293500,413164.6784618177
59000,98781.77983764566
162800,141737.10584494236
102899.99999999999,109134.32708216795
54300.00000000001,96186.26367408303
166300,145353.9282554163
152500,175887.3461762299
142600,176254.23198424865
150000,138099.16560280748
84400,89363.90938998321
210000,192151.29062260772
137500,126034.40656951454
350000,329807.06744061207
171900,120969.86433307535
143100,158536.67819017646
452299.99999999994,391289.15612610674
176000,167980.2430558107
112700,125068.6982448697
68400,86470.88370376408
190700,176719.62768398243
331800,394025.1665553151
184000,202218.53209252248
162500,124508.91698174081
129400,135570.72875266723
172800,141970.67132801964
191100,164893.91973646518
294900,319225.3628626918
188600,187380.2018730593
63800,106418.99681238731
466099.99999999994,446694.01310886024
186800,209949.52663579062
139300,136145.45978157222
330300,246210.24681615716
284800,310714.75864756515
198800,197609.0828985698
69300,81073.4328675677
145500,168559.68894234888
166200,166288.8090224747
273800,264413.0726233996
149000,132926.05741903879
215400,228013.15656748525
287800,356513.4892691626
406300,269633.45516252774
160300,172125.1943905337
240000,314831.2079652319
60900,83121.95413337904
142300,133242.47727266734
84800,98643.81429379138
205399.99999999997,212590.46479947353
396800,341825.69399110385
135400,157634.42964477578
115399.99999999999,153873.3806328837
162500,278772.0363401889
425000,260975.89576092875
114300,91190.32774946975
500000.99999999994,455086.65841021325
500000.99999999994,475336.17671179265
48700,56065.50307653139
294700,315924.3643509745
300500,205071.90081745537
343200,214360.59875405932
92000,159808.6644926198
278100,276319.8462465308
380900,392640.4333088285
339800,316927.9931951721
96800,104635.91712678967
270000,208128.12221178968
190000,208310.35322965344
181300,163738.04342045673
100600,101774.84382634934
170800,169082.63501530705
152700,171709.63923180357
353600,274023.0763057475
200000,265238.7046294945
213400,267405.7013332564
153100,156450.7748357518
379700,264423.59578828723
275000,243429.56340191138
78600,124056.64599659276
188300,207238.53338274563
138000,142053.31765870497
500000.99999999994,493081.1675397653
197400,170888.13104227593
244600.00000000003,295191.87455767975
165300,168143.4800505838
300400,300393.49411883956
88200,115755.49227014651
500000.99999999994,489366.9188202076
163100,128243.03444994
191900,221939.82126840114
355300,316970.89680975775
430300,343124.4685831037
42700,53940.008717646655
378100,407428.1157370299
264000,226544.78722765113
111900,169090.81222122238
224500,209413.17699983963
125000,176708.38163493914
64100,83626.81376510447
88400,98510.84526007193
389200,355695.89502599125
193800,101890.31926048418
500000.99999999994,405332.0363708953
187500,438910.8854817676
210300.00000000003,193867.5657422859
212800,194517.1737987692
177500,243185.1143214511
181300,126448.07060930615
159500,158419.36336735106
177500,173444.18866535788
116100,130740.68724066585
500000.99999999994,431655.78917088365
162500,159847.97955051437
135500,169484.3350909191
99600,114444.66012384031
118500,122988.48150704284
156900,134567.12701182786
147200,136437.0408459868
85800,95939.04592852578
500000.99999999994,302562.5158118529
170900,145639.5883493155
257900.00000000003,318284.5139975486
164300,164761.90603752862
438900,405864.67719693127
98000,122065.03256304532
288700,276136.35706499126
203200,248384.70893612108
283600,287968.4149539281
162500,255786.90432105048
95300,101359.37328196364
161700,143704.6775219233
187500,147425.67489216916
158000,150220.32273525567
456100,301152.7575078244
102899.99999999999,135535.225587391
165400,215791.6045910154
54400.00000000001,43425.09762217635
147200,163631.69145689253
95000,99392.3283975628
143000,180604.50050941098
97200,135157.95360033243
112900,114055.37052428478
173300,173069.22478703936
393100,300061.35385090293
63000,83020.74897700998
297300,245685.7170296483
242099.99999999997,205836.68627740096
293900,323764.06114725955
113100,153464.10535447788
137200,131968.4371525673
297100,151810.85571419937
243500,237434.1542744573
98800,82760.5988372932
244800,250199.21415023165
327800,305172.6487230068
437500,366623.9867890571
163500,173833.62726377696
102400,152289.07235330858
112200.00000000001,123129.78878167993
165900,191671.25217839572
250000,287747.9029667949
158100,176766.6486159236
87500,91507.24475369092
135000,136598.6530860133
79500,109115.02440808092
162100,112134.86591082287
228399.99999999997,199824.1104077864
140600,163597.16686294827
71300,149250.13322532453
266300,266855.00857448945
81300,83020.74270393356
185000,223178.20585201442
329300,323650.73690435116
168800,150911.75882827514
110400.00000000001,144394.6516251952
500000.99999999994,454580.67535276135
85700,130947.6610873429
63300,44691.211212293194
500000.99999999994,484607.3971865041
183800,208710.63898406978
150700,133741.96227264398
242899.99999999997,250907.1660620552
326700,300417.514496419
220400.00000000003,202154.53385802882
240700,223371.64248061195
500000.99999999994,512200.05524215277
98400,106072.99850726618
166900,194188.1594247616
205399.99999999997,189778.5288667733
90100,101282.95497860467
189800,177849.17920581572
162500,104798.99582653132
333700,311685.8700941558
85100,88108.8468075348
134400,115194.79956020712
144600,190088.64354677522
215000,201351.20540846963
97500,117329.71378119946
210000,290529.96869644674
312000,304114.2664520357
300000,276785.7115574448
202400,201386.52159030022
254100,351674.8007252489
115999.99999999999,157700.64223419598
167000,171972.4528184327
396900,368760.6486705166
227000,176167.2925691955
500000.99999999994,460040.2548124039
500000.99999999994,435840.3762097386
199000,215636.41212805486
369100,469106.7866624755
22500,144892.50674303033
95700,94111.29190853344
365900,425105.6586574047
215800,224361.35638928076
205500.00000000003,186296.41403800048
500000.99999999994,431818.86371944315
250800,217419.0286894692
363600,402905.69253347145
294200,335873.593918196
171400,150829.92651890547
261300,225997.51312135922
114900,118057.13418689293
258400,210716.8271158834
106300,102104.1749947083
98900,116847.48177139269
242000,203143.18044009272
146100,164780.97583507563
154600,180896.08717330772
197500,177206.471608114
289600,292975.54526695155
325700,269036.97140923655
53300,77615.63789805747
87800,107172.22977603825
178300,194759.44482687695
197100,187003.47067801128
123400,149120.47459174335
292900,308935.60267237853
109800.00000000001,135297.58198469374
124200,184262.81672947004
57299.99999999999,56745.37264305123
404699.99999999994,370881.62468625413
187500,303986.6575616459
63700,74816.47362030148
101200,103677.19653194767
500000,471006.88383947
45500,65094.13238036196
463500,367449.7637176537
181300,255303.1748228896
307400,257328.26977908186
371800,429390.4813495722
56000.00000000001,75921.27698278437
289300,206543.051497665
128200,142915.57801228735
271400,240896.12905919208
182100,199287.7677568791
219400,206552.5886604156
78400,113787.21785527575
96100,109559.03532702391
394700,412612.6482275797
222500,228940.8619087753
87500,106396.24915863693
137500,160113.8581994884
246099.99999999997,201711.0911868234
175700,169807.228981895
164100,161097.62735897824
132800,123815.11565224339
129200,84438.10708108479
224100,173129.5402880055
103899.99999999999,86842.5302697705
112799.99999999999,102886.94108371329
243800.00000000003,291269.5596842135
88600,101653.40686519601
186100,255584.97479009707
186100,98201.33467277729
160900,173873.83119975062
149200,133511.22318878133
76400,73314.02041578304
500000.99999999994,407335.1190628699
95600,130991.28234575252
237500,275290.7384016872
418300,415316.41342265095
197500,230562.15983292743
66400,78130.13349253329
269000,348096.7384218077
219000,317946.6684265741
156900,157550.34985355593
134200,148558.60621954428
204199.99999999997,189323.5385378878
218800.00000000003,259893.4732762864
181800,278009.76038654905
168500,194299.7763152481
299200,225207.18477943697
166000,143369.24842670915
193500,171353.79186276678
212500,224599.94066973196
386200,272867.79271520855
268400,207665.3088437644
128099.99999999999,202216.812025769
271200,322158.8416444989
88400,124849.93521278766
101499.99999999999,92035.95292743057
495500,378028.6175563491
167300,151376.70616914766
141300,184746.74800643814
500000.99999999994,514906.58961050655
321300,340615.3010553385
82100,99827.8216325313
92900,120191.19915006377
168000,147594.60987495587
135000,153868.51672180666
243100,198194.372237265
157100,189043.5209917808
97900,117154.18285505168
177700,186061.84812296485
131800,130593.94742249326
268800,365342.01055896084
314300,253134.3896298151
183600,247705.65471888642
100000,50943.044343354995
232200,257290.71505755017
138100,136312.51749185746
162500,157912.51426169116
457300.00000000006,319346.0668415756
139200,147978.26704949874
244499.99999999997,283116.83554723527
61600,54658.242895956035
237000,201767.75797642034
112500,151012.23368031197
122300.00000000001,147104.84849866419
500000.99999999994,272170.8717620668
110100,166419.58758955874
300900,321442.35165071965
167500,141949.07585357627
246400,285655.3839687057
279300,353789.50911010825
413999.99999999994,287280.27985254093
58700,51950.823155828766
294900,356094.2100426172
365200,362843.6652266443
368300,317679.3726645409
239200,191829.9561980114
121400,184024.9439252756
215000,237437.66968292362
113900,133483.93971859216
236400,239074.9208510517
171700,207758.48033393125
248500,281447.13970214775
58199.99999999999,65423.84383903532
67800,51220.56802621908
75700,138346.79818978527
178000,188008.74632582092
60400,56713.68414213756
226100,315054.0664572334
179500,197545.92685538085
158200,175814.09685469946
278600,311718.5445242452
480800,406299.88003419444
192300,184870.12982933893
141700,118969.11366277609
330800,302847.0318681188
100000,102427.90156166152
103200,130561.73069023977
53500,57371.946877730814
185700,169602.15999427356
192900,173208.7567668995
256000,279747.62376668915
138500,153101.3301250139
69600,84578.86422288869
246800,358151.2504035305
265900,288668.56522948307
162500,117162.07722092659
322700,375798.420686373
148900,188364.1994028689
429000,441503.28887055087
500000.99999999994,463302.0796737295
254100,261327.8603417097
328100,314285.18100009754
169100,204732.7355263026
255399.99999999997,228867.0593676313
76400,105938.38552210569
151400,185845.40147350155
311100,272440.2010374243
187500,199428.3764526635
213200,212394.35464133634
208300.00000000003,167791.1861790051
202800,225186.20774595332
90100,158840.87812099684
92400,123990.22008545013
136500,113969.88796251136
92200,101037.14201034613
79400,78696.09434826706
95500,100654.32639885112
249200,221946.4141278974
111700,132192.94008751048
190600,146387.3537522254
191800,206897.81630398243
500000.99999999994,481541.9732089559
50800,96185.04960134266
163500,99462.64288099963
368900,406437.92965834826
56999.99999999999,78410.66327649944
75000,112882.12622518922
229000,236440.64221314903
340900,351466.67371164245
276600,268065.9912630279
188400,207146.77664905696
73900,70387.27334539697
150000,209096.02225125174
147100,145303.67911970706
186300,171890.71146170975
234900.00000000003,219185.431165438
122500.00000000001,122941.74889260135
398900,344555.56421912735
250000,347475.7208584667
113599.99999999999,153755.39088039642
244800,254521.65535321552
225000,212077.14485605658
186900,281853.1260228275
309700,335524.9058969794
130600,137102.77637601178
342300,287331.07970250986
65000,64151.480494077245
278900,204107.70299951435
168800,222332.46833198058
418400,368819.9430076082
109000.00000000001,130802.70588768812
160100,163163.89095519876
345000,358528.07033576537
418800,387698.72815418564
209100.00000000003,200152.74778567473
97500,104774.42376283965
500000.99999999994,443490.85080323863
108600.00000000001,74486.32557749664
133300,157491.0525269069
50900,50920.82361567906
311600,328944.32650032797
365500,379665.8994687735
175000,336792.6673516675
170300,139555.08469263258
279500,277685.70766657684
125899.99999999999,184833.9211761747
155700,162644.520762768
83300,95369.76002249264
156300,235288.05244096814
214800,276460.52950240136
110300,85978.75007236873
165000,99107.1986132155
349500,338939.4347673115
500000.99999999994,502827.1712453094
125699.99999999999,112817.45808270988
193100,218492.3458904399
500000.99999999994,504901.4018724245
199600,237626.57883971432
500000.99999999994,412571.9515288348
163400,185973.27978795313
137500,115697.38470221256
121500.00000000001,138832.94645069438
381200,375868.67982981715
111900,146118.6900085733
57999.99999999999,75994.02731639126
63800,101785.71169455664
363200,360018.4170334241
206400,195925.1797154141
370800,298282.7981982285
81800,109805.56737882848
271500,238665.1964214164
197000,222276.2750169388
73400,96477.52444463522
301700,364488.87134065595
119600,119264.68216378619
258100,230905.62109553255
17500,304957.6399132571
145700,171783.72250186483
102000,102968.89537705833
400000,334106.9882653422
99200,86388.84489038156
485400,397143.63620289264
477100,469767.3541025144
66900,52428.89416046183
375400,415356.02310773655
169600,189781.8279414183
247600,273657.8282960273
164700,154625.06394159805
309400,334738.98866887286
185300,186016.43659449433
230200,250901.52204924423
156100,149077.71778859815
302500,325411.29486897175
97800,91575.09671253187
251300,308678.22952933767
281300,263939.56283877196
153100,121141.95686773925
355600,407243.2806742583
101299.99999999999,109670.95394214017
266000,213406.60922416663
160700,133912.15809823206
305800,327796.94150749757
147500,132681.66249173385
186300,185144.00448103854
162600,192943.6699323267
484700.00000000006,393356.0288195733
175000,217847.9963682602
127200,116094.43574142088
365100,299295.2725652256
236500.00000000003,180102.73640354612
214000,209618.4078200403
225800,271483.7890871437
128899.99999999999,123528.36815782909
73500,138327.00633584554
114700,143261.34791336698
175000,184140.19468001183
318100,206133.71450257857
331200,328417.17296802014
192500,250203.3412154646
159500,141519.73441556055
162700,172122.0025109906
67300,102245.44926024997
212900,164721.6789692275
140600,148310.5462987027
186500,164961.7557238668
393200,425906.1371908866
55300.00000000001,63327.45959269877
409800,392562.120420553
191800,204145.86359998654
99500,117496.00082676779
175000,177459.6670387779
158000,158279.65637072845
106900,123603.58623284523
277200,211471.34706670733
326700,269887.9330014885
96000,58425.870011245825
431799.99999999994,476424.6187339682
172200,182806.69847488918
112500,132840.56771897737
225000,106968.30399771771
259500.00000000003,256635.06261467544
291500,309186.351608034
50400,56624.541655356494
150000,260828.46473237142
224600,252823.32705311824
130600,149929.44122194426
69700,87983.08658186834
353000,283785.8666489556
231199.99999999997,271280.5750135981
205100.00000000003,181761.26740085066
398100,386899.190144518
141300,157364.1646581754
173300,154511.84509716366
127899.99999999999,114701.91840708467
289500,221715.60699582726
95900,112036.80502711472
133400,168732.7648906014
146800,162877.55036056842
181300,239201.59882966618
54600.00000000001,71185.68574951866
55500.00000000001,54814.53375859544
150000,178621.79123761324
102800,91442.59450140303
93300,85856.4858016082
123100.00000000001,129820.31798381012
231800,135482.69961334256
159500,167361.58646345887
108300,88459.61694368786
43100,47800.47017171095
105600,80376.98796356015
168300,157811.80708275054
28299.999999999996,151304.36966699202
282900,276010.27289174
234300,199081.29070127715
212500,106221.68126802555
205600,208244.85819959454
150000,211186.3388419217
193000,195975.32293907064
14999.000000000002,209370.70221532023
170000,157980.1722982306
168300,144353.91251307708
93500,118516.79408099719
191800,253616.33478129306
181500,222450.28417194795
195400,202948.9261141449
121900.00000000001,141399.07389239766
142600,177443.69388147068
158300,140464.9723518476
165300,113255.79374857945
155000,124861.13468416357
92100,109220.72726443708
68100,66238.10007909141
276300,265619.1533478824
335200,411472.8411177252
121100.00000000001,97578.6658981353
177100,131630.36412946365
187500,169659.0452004709
192000,177903.1114891218
301200,268547.5500503113
159100,148312.6940011182
500000.99999999994,520956.6498994252
273700,256863.65844406933
233900,244010.67449682343
500000.99999999994,295184.0514310161
222800.00000000003,272696.98423750553
140200,161509.55494854256
159800,157588.13867709556
118800,130612.81399213933
500000.99999999994,408506.0114792439
105500,127890.26954607369
217800,208551.94408971982
187500,213267.55146009475
287300,354735.261609739
131000,150662.167608185
55800.00000000001,62126.179419622495
161900,181049.3913054164
253600,204235.08544875687
155000,142607.0850961455
311500,310565.3891341312
87800,72103.41511057902
105800,93884.99924258716
137000,163494.47988434372
156300,167686.31837363023
154700,152535.07719934167
167400,149971.54218612483
457800.00000000006,447143.17147950386
500000.99999999994,408946.921952305
188300,237659.19569097238
442900,341001.37186432764
500000.99999999994,472142.31252019125
500000.99999999994,481050.05673288106
187500,189616.8297696586
57399.99999999999,50975.167813584616
387500,211712.5053743424
272000,311495.40573166206
167600,120084.23944420824
403700,320331.7468196483
191700,142326.01532411872
500000.99999999994,333284.8039042212
187100,190600.26535754703
96400,137524.22552683586
92400,105112.73325222303
213899.99999999997,197556.15095990125
155000,206278.87101385905
133000,159754.5882485356
275000,175191.6356026377
238499.99999999997,208983.44495929996
158300,132756.980835108
70500,78489.9992958502
222300,175738.8779227538
411900,412984.47930302226
185100,191440.80224077488
500000.99999999994,340376.39950508706
139800,146086.64208714536
178100,177355.09830491815
159300,226058.4554591548
125000,102179.86045259179
197100,236521.25423684716
64000,73847.26468660917
194600,185904.64078068387
162500,133165.4860877497
84400,46387.06954855671
61300,97035.75319293079
368200,362628.26876630576
122100.00000000001,155322.50512441352
86100,141450.24731388476
209900.00000000003,219783.4625366835
170800,153379.06076510562
175000,163629.1251757186
126600,118310.15288685629
282200,295214.52933034336
207700,221957.00061673066
104200,189392.13296620408
214299.99999999997,334093.75192359387
80300,81115.51032454586
273100,167777.8828715925
237500,228605.0945907486
73800,122574.04737479659
184400,188080.06221209184
342000,315579.2962614985
129700,126677.12058969308
224000.00000000003,272488.34391396545
156900,133059.3265048865
394900,277201.54653878295
157700,197448.6639120712
119900,112193.55074431274
316900,346528.5290532911
212500,259470.63753913363
68300,70882.21275336551
165100,177844.5294526864
93600,93584.02932688137
88800,106926.52073327624
184700,196767.49705410204
327100,354192.1648230326
134300,117554.51598469223
500000.99999999994,326393.0896907175
162100,155828.4532539901
500000.99999999994,513612.58075271634
229199.99999999997,222882.68214693977
112500,104303.74671760379
354200,264921.4231046642
362100,358805.06606429734
162500,78661.01795054592
100499.99999999999,122721.29538161245
67700,75020.87441842537
57099.99999999999,49021.78483131773
164800,236335.64493891658
204199.99999999997,211641.90051119405
342400,339784.96384940646
181500,132025.72949897824
304500,312973.04098098807
235300.00000000003,238373.7232361903
105300,119884.26862598525
291400,290699.4784471307
159600,203378.1349625799
111800.00000000001,99671.0477502471
119600,120024.00588965969
329700,184671.21196210283
136700,164040.11778386805
101400,90211.91218005745
118600,101214.99933334642
133300,149871.04832861858
52500,60096.74062896811
234600,247317.07329669318
75000,96920.45655851752
176300,170696.11969731434
346800,288365.11911578575
251799.99999999997,286615.1874596737
54200.00000000001,61303.43324607054
67500,104915.44271346761
142500,171464.00396143514
101600,127861.11649831905
227300,309646.4619790547
337200,409398.27442022425
118800,186255.74306186568
67500,84898.9075202901
202000,233494.94095567992
94200,94516.00839236866
96200,97448.7798190206
225000,262714.89086550294
258700.00000000003,203938.7095992257
103099.99999999999,105714.33819270704
117200,132684.83694789704
164800,134921.22591700157
144000,155387.5621958199
500000.99999999994,440470.2049088246
155400,169843.2755880988
114700,107529.06196570354
123100.00000000001,157686.57856840073
226799.99999999997,197468.3387655006
180400,176368.2880223521
310900,408282.38494978234
148800,154890.08011425793
84700,103315.39954400108
63700,82516.01712363356
262000,236809.71431960384
438100,424628.90318453946
226500,209281.04049147855
87600,110462.51855560376
345500,371562.2862181459
140100,115149.21114399683
366700,303338.9806987881
270800,302355.66541040275
168800,203088.2550106983
293800,411967.3582091514
251799.99999999997,269705.4494909173
85100,82225.76272605534
267500,301381.7919851063
140900,160119.5277952832
285500,177291.05409296072
151300,117480.07215576114
225000,289261.08550390607
44600,52480.30793896368
450000,249029.07858580558
229300.00000000003,272664.37499274936
225000,53452.45256082554
138000,199923.17571634916
96900,82322.5182534568
161200,197629.99721805056
144300,136529.54431344214
450000,329122.49913998035
122500.00000000001,151292.68734972973
248700,229373.59748497498
134200,128518.90411903171
348100,349499.1133374243
78300,106216.26561599107
107800,95781.27143381022
146900,149279.4803861361
188300,199129.0152973815
162500,138709.40357741553
58600,58004.58110975908
183700,157739.60294771264
180400,175700.1687015986
175000,152562.52167715476
137200,178605.16673937088
110000.00000000001,145042.0826522417
233400,250060.228023769
128299.99999999999,135096.80907501813
350000,271051.93801693275
155200,161111.50665659856
256700.00000000003,296815.81777668005
85900,101405.45339995605
73200,72760.6885443648
258300.00000000003,256272.39340338105
62800,84586.32708071158
484999.99999999994,362186.78932954615
124000,135160.70985397918
158500,175878.21800719466
97300,116440.99879862278
186700,191010.23701975364
344100,364654.63497972005
166700,173803.92518057226
108900,111736.92633864855
482900,455435.73069422593
204400,301174.9558557049
230700,242420.68031208593
53000,68863.48470136616
178500,155241.8338746855
500000.99999999994,378657.36617763847
500000.99999999994,428416.9848702809
84900,76871.41910087969
500000.99999999994,409739.3645671364
246800,247873.6437144241
156300,145336.85238460952
234600,207160.99646001603
48800,77741.08604442576
145800,161005.36585406467
271500,275469.82618939265
500000.99999999994,428192.38273337507
87500,121722.78490470749
69100,49236.21763039
139300,139301.1242776962
273400,270368.8641501231
229700.00000000003,225665.9199373293
68200,72272.42905318442
114300,125451.40551546088
159900,202331.56523195753
116599.99999999999,111006.0070510482
209900.00000000003,206321.10031101588
68900,68289.07988268697
101400,128747.04696847424
214000,211771.77625822043
355300,346030.9115332166
90300,137269.63966852988
159300,171574.6734544964
63900,61603.81199597274
218200,233295.07705020733
253600,308953.29475358216
81300,105454.66972958438
188600,204287.1150387351
165400,229866.48287612817
106300,158949.15243408032
210100,197884.22469822792
147600,157502.74408377038
112500,276109.98165181745
175000,155449.3970812106
156600,146648.0238521213
117300,147332.9695360876
229199.99999999997,199136.68264714893
350000,191523.23895370628
171900,186503.5206132449
199300,199746.52191844545
251600,279136.08670459373
300000,331278.91260391945
158900,182301.1591543408
216800.00000000003,238906.07792442327
198000,219131.70129507218
356100,419320.2320953294
192300,227941.60667628126
314500,281355.737405386
50000,69496.04512716227
162500,182363.15581192737
167100,164481.8234052903
138800,126282.73850958407
147600,158976.85413689358
238499.99999999997,214699.03587467593
110700,139042.3861833275
333800,334057.93179258355
192100,194370.66749128266
294000,212452.45338848082
154500,138161.15838760795
151900,157336.50477365335
500000.99999999994,499004.66574645496
322900,258319.05867373425
165600,251826.81422527382
221200.00000000003,163926.9471693693
170400,174638.2252761437
198700,201999.15800575717
162500,130861.38134461608
411200,404654.3691781955
335500,310461.40022806346
149100,139900.05174301536
381500,430971.26267627615
183900,203677.27841605357
91200,107924.80844735932
411500,361890.4771654447
220299.99999999997,249591.42034134615
158100,160358.37521778388
69600,84101.65749144486
270500,294855.21360748337
261600,271796.68734687445
389500,333668.31913232023
75000,76404.74108407495
177600,195884.62451875219
170400,140442.41447751457
154200,141458.12881018213
131900,150840.9501692428
44400,63685.898100155784
145000,143214.8123411418
224100,288088.49355494406
187500,194810.7854106538
192900,215217.49741884723
88600,94807.33582599612
183900,173729.71036877992
225000,258137.83135507265
182800,156665.6552447779
137600,165682.14470733
265300,233108.36863547607
36600,68097.05630964368
125499.99999999999,161387.5681060187
138600,188468.76116179588
487100.00000000006,391161.9460874704
178600,184448.74731158884
134500,174924.5425831034
306700,341647.2642206488
115799.99999999999,157640.15306184598
91400,139640.94671855032
210900,203615.1881487196
259200,256400.419444557
347300,379852.0091345669
168400,170138.1059008531
150900,142562.03057260028
113500,118158.64256670915
302600,304466.65350476454
423299.99999999994,396779.3809080917
492199.99999999994,452964.7862547882
190600,190975.68593047292
245000.00000000003,168100.78417038242
55700.00000000001,90998.75347882799
84000,122718.14315396106
275000,291196.16090695915
189600,187812.86613131102
275900,248877.12800771886
319800,351413.75104068196
291700,252949.5124571163
67900,78157.28491819213
189000,195243.0670677672
90000,116014.24880853965
335000,321897.9871649183
176700,159227.27849260715
98500,108633.85461160542
200599.99999999997,194185.00317796518
60200,68874.45918047767
191900,170440.17689014715
191100,212300.80538602042
337300,300204.66609125456
225000,381357.88607453107
290600,229894.01027344167
121500.00000000001,125337.58337477045
293200,321582.45923762064
107000,132936.65577742565
266400,237435.15831182164
76900,108088.37422118112
220299.99999999997,150365.25742629817
101099.99999999999,109411.39074048854
474600.00000000006,392304.5081750044
65300,75547.98090673958
113700,119456.18913184652
214200,200192.5352915249
216699.99999999997,209591.60786978813
198400,190324.12914602607
212200,216008.0756629984
222700,427843.2541876043
265900,200626.83418199138
37500,84915.87260320428
265000,280763.10726730863
108700,108386.44424601088
46700,47499.75245883719
187500,206880.8066928784
61600,63773.42077010757
343000,335549.64212945517
166000,197641.43656547435
500000.99999999994,285389.44879812386
137500,188061.17151701511
90600,78063.8211495968
77000,87405.34830987203
148100,160819.73487899435
91600,122922.03609266566
150900,202143.76135491597
155100,162701.51320849624
89200,93977.2509496259
215400,200840.40982115
55100.00000000001,77542.38809552457
197400,190637.99543179176
154400,155156.28924790764
141700,187245.21509265166
98400,87016.79353226723
152600,188783.89134916812
109600.00000000001,144950.47122052917
171300,173223.605122125
104099.99999999999,88880.74080293535
153900,161945.07837752547
270000,267682.89876377705
286500,271556.6524096409
335000,266877.5660012883
137700,120771.66281236768
231999.99999999997,220565.07723449325
393800,377322.6540584105
70300,84459.49563590858
141700,136527.008412819
156300,151419.8878253539
450000,361479.9295432323
199800,178812.6066033746
95300,125388.46721832159
86900,119839.54023373987
187500,159018.21470354268
221800,202189.56098318525
58800,63407.42591663291
134400,163155.5876141879
238600,243058.00138949644
160900,179407.01233147972
136400,184183.9114017728
144000,142370.25916141862
159300,179761.44634036624
155300,168692.8841710514
142600,176836.9151348008
120700.00000000001,126242.47868820574
126200,187934.54997535318
213400,202256.3315657916
116900,126795.1650588761
185800,170493.5354312257
356000,419807.9208959209
150000,137366.11895483173
88900,98896.27825346339
259100.00000000003,277099.8635383347
500000.99999999994,407113.20587297395
127600,118142.38683253358
69900,89553.76320427869
137000,210727.80233166434
273700,271200.12697593746
92000,111043.13957112901
118300,156634.1449099353
410799.99999999994,463775.36686837766
100499.99999999999,108411.60556414314
492900,399367.53370514314
118500,110950.24185732716
113500,119014.39678827631
89900,133079.5789571402
500000.99999999994,435793.02957638464
500000.99999999994,510856.6053323109
146300,300536.32831563154
113500,110315.06860344188
275000,253658.58906887737
102499.99999999999,102742.63023701678
147100,170546.84277888696
225000,214578.21619188666
139400,149863.06419051922
175800,177637.58157190026
56999.99999999999,96823.36930879811
269600,175974.88457017206
272900,252683.5098467365
76200,91405.70812569445
484100,456434.7626632403
180600,152114.3820574467
238000,222186.5696081965
137500,124606.2495113437
186300,147705.71449715766
192900,233131.4276854892
84500,62173.491796837676
107600,148020.20635428876
55500.00000000001,49846.81203866989
265300,223926.77074050205
388300,390869.81692259846
482700,437582.1655991587
198100,243222.85956994878
92700,60446.01399219962
346200,374536.9831483678
38800,68338.66531703735
56699.99999999999,59999.450763376204
123700.00000000001,173540.3851572234
93800,86488.88167178455
93200,102320.28474423947
44000,68820.45479799712
69200,92930.81910254703
301800,276295.64805884677
254199.99999999997,216919.36356641375
209800,266899.573964631
184500,191003.11125337335
73400,85046.22519821585
339000,341841.87915155763
93100,92822.41689854441
202300,197985.95185425293
133300,76583.65736521222
270700,264844.2730888565
240200,319753.3995322563
139300,142293.11073305176
56999.99999999999,69152.12885533352
170700,122969.22921811437
119200,133371.91630136
177300,187068.36066069396
289600,291664.3340873568
297600,272108.2949896681
109900,122553.17048052039
147500,179974.29104767344
78700,97879.3244351456
160300,182896.90820055414
77700,109676.55122570584
473500.00000000006,484891.47939979576
500000.99999999994,452023.40785094065
133100,134750.2877515297
93500,75879.30052159732
280100,308258.39049503836
256700.00000000003,220752.365921898
288000,259073.13476686797
161100,166968.05947905005
137000,181193.83390383032
62000,102742.11343501472
443800,464387.1852239738
68300,69810.60487016455
262100,270060.46205164917
109400.00000000001,131281.1842620341
409300,400651.43375534273
175200,182095.8383734296
147700,193004.87489991158
287500,195332.4133527605
93200,129598.26259467854
93800,147301.85794110483
172400,172110.15635264735
318600,326934.21455750486
185200,157505.63608815213
65200,69724.6608070725
179700,131374.26659958213
159200,154097.69291646153
151900,181561.35715747744
71700,116246.24999013719
245200,209931.70605410569
228300,385606.5464643039
196400,212392.9165587081
192400,164865.43370567894
65900,52376.34554227557
282300,194674.89203904814
185300,180166.80934423103
88600,100629.2841741462
67500,83685.26580755299
143400,101542.74099968723
119400,109277.51345734567
215800,284412.22250991006
257399.99999999997,256009.87634581293
373400,280089.3597217486
152300,134563.7877012962
245699.99999999997,238050.60519717154
80000,80866.01556670431
137200,133562.4376002854
266900,238021.23584208294
395300,378261.573558219
222100,226158.97238813768
500000.99999999994,312747.78740730823
500000.99999999994,419605.9000308905
232900.00000000003,229829.64892397527
259700,316031.9482743224
215700,187959.92023515239
243200,242267.131259378
221400,179567.91785648253
112500,118030.15099833308
388500,261022.73237394338
409999.99999999994,371335.31486187957
163000,189427.62069902927
500000,401130.9050868884
231300.00000000003,266874.2639374495
76100,79536.25013141202
458600.00000000006,307234.2342405124
366300,335339.9233932901
296800,257516.2041902693
58600,57811.83801820336
84800,78677.31226380247
117300,198678.93826338125
126600,121432.92229404995
170800,163968.17590382765
149300,121218.59635461682
119000,119135.18169116571
375000,348406.44683770114
284900,290429.081084724
170100,120691.06849770369
500000.99999999994,377209.19689950725
98700,147912.92471474953
60800,63743.61013522229
142800,119885.00596234355
223900,224426.96884036693
137500,202287.01436802713
297800,321196.3180865822
112700,130460.94411088186
113300,91176.28657619511
121400,146942.34561377176
248400,266174.24150487495
407800.00000000006,437095.4191523408
356600,350542.10770935984
106300,89739.11176485888
121400,114010.26270851788
240899.99999999997,215624.71976300492
247100,198250.34013270988
137900,107307.80134568259
86300,85606.44088491195
500000.99999999994,434487.74865036237
216299.99999999997,230440.57253197918
305600,373298.4637861691
158300,193225.76841643231
452100,434017.9439083934
95000,131645.71900911487
105700,84386.3302589549
84600,100161.32752139575
240099.99999999997,197713.35392826155
162500,147544.1588944559
96600,119249.7612800946
92200,70044.25169786841
228200,195934.7351582263
113700,142730.48342399596
69000,76978.6491069993
500000.99999999994,449360.07183780766
225000,232676.25935576073
174000,176795.88404837312
500000.99999999994,494411.825987389
252999.99999999997,316560.84299237776
277600,369737.3782396153
285200,283660.2153043404
90300,100367.3733731727
189900,221049.90770315097
316600,282420.2434258093
301900,289023.8163401543
93100,70420.08877632114
94200,97662.84926348641
213800,213732.36166994876
187500,174919.75531548113
500000.99999999994,398595.93263061997
325700,331169.11814677913
300000,243370.0791798941
143900,155651.70287435464
500000.99999999994,477818.68937301583
264100,267734.29720813746
62300,93304.46013365235
138800,134219.21671303644
105400,120914.28230503474
63500,68288.4804477318
500000.99999999994,221608.9255084995
97800,100897.16658678178
127400,146599.98661863522
135300,168412.8147147285
156100,145210.5288620226
446800,443411.3042456831
65000,75353.16258379047
151800,158463.83162254238
192200,195849.29411108058
153100,245498.03493233214
165800,172754.77928780735
254199.99999999997,275990.63811090816
234200,279638.82953072386
112500,98817.07282810542
118700,122596.23898723352
240899.99999999997,239013.30123338816
283300,374741.0211743054
450000,127057.74131570825
52100,53304.14254116652
55900.00000000001,63783.497696872204
88100,117927.84286335403
248900,217053.7201956834
68600,97751.49455374212
156300,171605.24883453397
272700,306718.4054987735
340400,379874.85028611583
218800.00000000003,202523.31042068053
70100,71061.10453846194
500000.99999999994,409496.21542226546
162500,234480.94730368137
111800.00000000001,83702.47126414921
110200.00000000001,148819.9635593263
74200,59871.63143845739
103200,111621.2956891345
172100,197474.25105717286
132000,123305.6160430596
166300,147417.5482864387
107300,116180.28536675527
107900,104298.31476805141
94600,108556.2400987547
66100,104338.30751598725
158200,152373.82612956045
95800,90623.49852247283
117000,107193.22571584779
170900,175228.69864204226
92900,106109.77588653148
162500,152924.1768875358
193800,152950.50472706783
134600,109970.30655913024
123100.00000000001,71770.4831060018
115700,138956.51694279688
83500,105247.23008932328
62200,54408.257926185506
74400,91411.1450791971
180100,169446.88795465083
195800,224259.38967170345
500000.99999999994,486302.9990329213
144300,155256.3758478911
125400,101304.42238625475
80800,77791.02148083449
65900,81833.67353662201
157900,173318.12079206415
500000.99999999994,269435.7201340519
180800,229056.75085998073
236200,272779.0543144149
103000,120143.9190554517
216900,189557.4076056592
383300,306465.03468593437
500000.99999999994,261852.44029383486
83500,91205.59303297702
214400,220987.96648377134
100000,96046.66654574078
78800,82882.52862736299
97600,104590.6231578892
178400,216114.60458447027
287100,302581.5098678539
270100,358207.28770048067
185500,203631.3478706702
90600,124940.3099701217
213600,227091.63327599564
124300.00000000001,120967.77139330555
204999.99999999997,116867.35839533074
256700.00000000003,276177.11588548083
392700,426430.0335775505
133300,130088.0690807826
187100,164410.35910412628
255399.99999999997,304028.9284053122
347400,312502.53296474373
171700,154947.57548185354
112500,177872.1992594101
82600,73672.49612366692
48600,56788.123464192635
134100,174751.21829487718
225800,194388.956012627
500000.99999999994,504628.1163803093
470000,485136.1858640709
225800,230874.91518475878
158000,193159.37073756184
117100,127456.01644530195
416300,403913.32451123407
120800,123171.05523982774
226300,233925.9220564767
122200,126669.67276531248
100000,112971.18643566086
229500,224007.81090364832
195800,84021.55107546858
85000,259420.14896610833
264700,199830.12460204307
455500,464897.28315839375
176000,172935.63383168142
81100,95216.02639440655
166400,174482.13609492453
82600,89470.75829723472
272200,228111.43384186065
271100,309974.72464631294
239400,248590.78910249338
171800,186955.2374923393
121800,96850.24344737909
173600,188215.88988289362
239299.99999999997,256708.51161800887
58800,79193.75563640511
287500,266688.42196111067
70700,91254.90361609087
181700,171161.4395396459
113700,125247.8533146741
224100,241342.1395286667
351300,421719.68150252214
301300,318201.5061462318
80700,156905.7290756424
152600,145492.91009060433
237400,262859.3747099553
179400,191091.9396147783
500000.99999999994,495896.4171770315
170200,207507.6537885777
165300,159353.7385090618
225900,228073.49513685392
159700,152108.59813214737
363500,394969.69637380546
132100,121520.86452560737
376800,445729.6297435797
96900,92687.41077482507
316200,403047.16144688934
323800,353153.19581655046
387500,413916.5117989538
149100,147037.25416319276
500000.99999999994,506593.19794828934
225000,133016.73611094712
178800,205852.7691519331
87500,109335.57692418086
130100,96733.84474950685
500000.99999999994,458540.2930468401
349000,306662.0907918461
73000,76147.20000625166
244700,292611.51465530245
275400,243678.2461281693
246200.00000000003,281361.88273368176
236200,200998.35192016908
232200,291340.30813760136
53300,43304.25304051885
163100,121470.77354409306
72400,88937.49487614832
234500.00000000003,213621.90668533684
150000,165860.40973028383
116100,127356.90938609796
181300,187172.54738567158
121000,160662.13441420562
88700,106737.98451003224
182500,185891.79285078205
197400,231053.88500363863
128099.99999999999,134269.2322514856
76500,95008.2764879294
300000,308558.7174444074
500000.99999999994,468818.2055133144
160300,161445.50148002908
335600,359332.80746464344
157600,143502.62453278253
190600,226825.56545013766
180800,181567.49988400558
104200,120719.1494096152
111800.00000000001,135754.84795066068
194100,184118.1206163803
253799.99999999997,371185.32399778056
129500,227257.605287762
117600,156153.48066202566
339800,395459.56660166587
342900,292617.0743948309
195500,188443.708249999
83800,77493.28643046584
94200,125674.12155783149
140600,118920.9850438116
160900,245247.0360669607
169300,180668.5820194506
275900,248589.11265850664
146200,153423.33607861918
202300,217163.98030533618
154000,137897.6624844933
135500,135000.58096307403
235900,235796.66535433696
128800,125581.12383669535
249600,199401.42048095062
300000,287888.1697975732
134100,167706.91016489573
308600,352196.13948481093
350000,337416.4140090415
110800.00000000001,132911.675580819
190800,217463.3648229951
108800.00000000001,90375.30018659988
144400,159462.17815175632
162900,157279.7499717397
163900,181880.37706544658
98000,93052.46701561009
132700,140150.43654646503
283100,265432.7049873137
407200,364646.2830996221
248200.00000000003,271476.30098544643
64500,80929.87521488451
500000.99999999994,344057.4866586442
194400,292179.49382229365
137500,162036.02977834776
127299.99999999999,123961.4795624566
85300,109764.54331118418
194900,188342.5195176431
221099.99999999997,217274.60424588146
192200,191396.20766954304
404500,309277.45847564476
73500,76412.2570163423
233700.00000000003,222014.69817023716
118800,88935.1945900374
70000,107571.22479991335
182800,167605.04035717435
500000.99999999994,460196.6043648665
157700,219162.37129819053
247900,237773.74113706328
500000.99999999994,436681.37059187854
357900,294713.29330215877
56899.99999999999,63591.933075870475
302400,350372.0468389875
125400,140306.92002630187
386400,301620.5023650188
175600,148135.2374261188
110500,124612.63801462082
386700,459227.7187328285
137500,146309.5533716823
228700,238444.06129481067
149400,163781.8582730827
73700,82598.27721018001
500000.99999999994,425701.1765726118
132100,141579.3150036747
86500,96228.32624730191
417900,359995.9071472151
172600,150688.5071972966
99700,97545.52198908947
72500,112286.36400715465
180800,196405.8656678794
308400,265158.79956352385
288300,293270.6344796918
302200,289565.2249577459
288800,370064.1341871843
100000,147598.51979638694
233000,223308.04155783617
136900,154932.23021378132
209400,254465.68210178879
246600.00000000003,270827.70971906546
65200,125255.3589471687
491200,354251.81169589714
356700,327017.76560591115
164300,214814.38114198545
88200,94230.07630460651
155900,139713.7582696015
191700,178649.2564769912
84400,150737.7983367631
190100,260562.66296770138
112500,102944.58289606373
115199.99999999999,175931.13431722272
174600,185818.52052534584
113500,125866.44205162267
152400,210720.37548683176
250300,232281.58772063532
183700,186128.7421075587
500000.99999999994,313218.53784854047
310900,304472.7840597231
230600,196382.65125117227
68500,110109.75104335892
267400,279091.7658896372
145300,176636.17621565374
282000,291220.9892639732
282100,133652.40655525407
189800,195217.54441522804
254400,236885.97025906164
161700,157416.09602321568
188800,186887.5502705325
500000.99999999994,386518.0951456082
94400,81492.979761367
342800,275993.8341426699
191500,267689.8860121833
209600,218158.11175945055
235000,208257.19643548998
231400,368613.36982609815
130200,184426.43461344112
208199.99999999997,192379.6851396929
500000.99999999994,505479.30826075905
168600,204160.86757337692
228100,201716.21303669817
126899.99999999999,177948.1633049876
135500,135103.10112212825
156700,158501.65920122154
208599.99999999997,214859.656363213
436700,262418.6230504335
71000,60332.60581815267
88800,95148.35254484297
341600,354456.8066636933
120200,110150.06261357361
148200,149682.145988179
500000.99999999994,424430.3575090251
375000,212361.50121795814
137500,134340.1700558157
64800,63945.54655122664
231800,267716.7701603376
160700,149171.89803645137
250999.99999999997,235434.46715456693
142500,177480.64313006905
176500,179069.50315013868
177100,234325.218588863
311800,339757.7922646433
84600,110080.27289536549
122600,119381.32199986158
198200,214938.58788724887
500000,458498.62664574943
279800,306367.9053769144
195000,208162.51243969728
202800,154776.25804314844
354100,350805.38584328775
259500.00000000003,228038.363080724
500000.99999999994,339363.5466279565
272400,285512.6607102977
183900,167654.74187527414
285800,239199.1167277363
225000,210049.90105548358
292600,256403.97637705214
55200.00000000001,42329.948079845904
262000,199469.42369245665
158900,146250.14480257325
172100,184677.1020959736
191700,196687.80084223353
225000,216486.84141030462
108300,131296.96159917492
113599.99999999999,112698.20678489555
100000,131650.10143986167
191700,194721.04383372611
117200,94325.80247189465
110600.00000000001,95630.43438565911
80200,92443.75808484326
98100,156451.06827446463
253799.99999999997,221796.33658689377
48100,48645.63534092123
192800,168269.89259501672
132800,110913.28434675379
196300,186382.02619939687
320800,302777.1490483509
319400,329978.0532178371
203700,267436.89775156067
207100.00000000003,215797.0436710001
79900,92993.75593476299
500000.99999999994,450549.91939092486
330000,230691.22564943763
139000,142111.53871503187
187500,191682.02631519537
448299.99999999994,289078.95913650515
176300,190585.12562076072
175900,104625.40553376997
104200,145318.95766430337
162200,178125.90519977038
166800,175939.36162135555
161200,146785.03035699326
153100,152215.46244278664
156900,115504.33426019154
158100,168652.4083488575
76900,65455.16444832491
165400,170987.4695190884
73500,165344.60417831002
118400,123338.48846365967
142400,165892.55179084017
280300,286057.4859933528
107200,135109.7556315886
183300,176540.18625159378
98800,76426.67470516192
234500.00000000003,201960.8662047736
143500,160919.0373723554
108000,161364.4074237412
97800,88720.53245944477
70500,74715.76808704584
225900,171172.10280770247
239800,244591.74060445157
136400,159392.9809387142
180600,163228.2247227988
239600,250334.46566474173
265700,259927.49783997276
204199.99999999997,189631.78696026528
122500.00000000001,185118.04658843332
204000,251485.92305139263
195300,189424.70313014457
215800,207469.33158121508
500000.99999999994,515980.24144195375
75800,69965.1457634692
265400,296961.76072407444
273700,352252.7718875348
116399.99999999999,100100.16799875705
59400,71906.11388663137
137000,97953.86670559928
119200,77326.12889144414
244200.00000000003,275533.36625674594
170000,153388.9868469984
280300,341473.4009578063
285000,352451.6459942913
102600,125925.44881549613
120500,105417.05379023022
361600,435612.0566115087
455300,460452.9607146702
213400,240462.13939864203
158000,201445.84071675604
217000,198034.73376552825
63700,68538.79281379505
244300,296462.287222196
151100,180833.08042001486
110800.00000000001,107961.75574444828
433800,464590.0279891163
72900,87216.1667793742
108500,147405.368581959
452600,421646.33543314226
467600,463464.282412841
263300,226433.87540366402
266800,173527.55928428072
500000.99999999994,491106.93742831453
72300,74456.72830102075
151500,170447.9732564107
