f0,f1,f2,f3,f4,f5,f6,f7,f8,f9,target
-0.506961877165971,-0.6418604934851321,-0.669090185448861,-0.40261105276183795,-2.338336659616382,-0.016435413247645636,1.1476053180693817,-1.142976019654797,1.1386435625251874,0.720654698447869,1
1.6005354413849677,-2.671567205809666,-0.788009867997419,-0.5055329754318847,-3.29458200087918,0.34017348818440185,0.793871302867746,1.8570494657254155,2.051530972417588,2.109309261230949,0
0.6686475904873981,-0.44165254977730406,0.17282950090304672,-1.2478850100214796,-3.0080524139713836,0.486422277460991,-0.039244538461125966,-0.2661173524570899,2.3620632893237765,1.5129662135829116,0
1.8546715507536136,0.5059832865537454,-0.8100909335105829,-1.5418512901644368,1.036522034760977,-1.7012106162093574,-1.631155846070918,0.5974370318722224,0.3572334844240611,1.094055988412051,1
0.15850976178620158,-2.639873249481665,-1.9153678759971917,3.687585165713025,-1.7471124273679508,0.28034755972617875,-0.549369503117982,0.8021047723778845,-1.6189785075492604,-0.6992159024441991,0
0.40666439628590856,1.9060917460783626,-0.11079995222011184,0.23893919307513764,-0.44094613679373784,0.9385214495991777,-2.8838789416524153,-0.30255158108135216,0.17407478181899128,0.6510329764318568,0
1.6095884714162585,-1.4934919946065706,0.7200342615011702,1.3343076477514955,-1.963904130928197,2.452290104361939,-0.32689311493124773,1.554732699793643,-0.3531068363899226,-0.11972933384764572,1
0.27032668628342604,-0.4309037746700852,1.1964131893104615,-0.6787858794269501,-1.5350149479013295,-1.6774566581628556,-0.852655284817869,-2.3638995375756955,1.7099292372271258,-1.6439110822551113,1
1.0788586149435893,3.1288193620781892,-1.1433156263274848,-3.490571558726966,1.4912992762104356,-0.6720135788801909,-2.8422802583716402,1.3669863862013034,2.558154980589446,3.190088475332278,0
0.681132986752696,3.235793574092103,-1.3246345144753977,-1.7756811340085903,-0.29043312574241065,1.2688139566897254,-2.787282436944489,0.9569955316224228,1.2208252738489356,3.931466387306474,0
1.5385018703230668,0.2133247158965123,-0.35152942789106273,-5.598037945617356,-1.8039698371950679,-0.34084168208139665,4.648370057177917,-2.5395545022359025,1.87031352016517,1.5879431805371236,1
-0.10311392445196543,1.0124441215349262,0.7989568430525581,1.8599665129089704,1.1417920942150692,-0.595813560015553,-2.65099162376718,1.3862500857310351,-1.8254064390323141,2.246246343578826,1
2.9110125967779035,-2.2638205592056826,1.5699943507399552,-4.297829162683233,-1.617961471289737,-1.4403452546592752,2.1770459241771816,0.9311554244193592,3.500416938660688,1.088364960437412,1
4.603011406481218,0.9329996610758863,0.3292614178220528,-8.353693245118256,0.08274929134083697,0.25599854855619475,4.292487663385349,-0.4452135811588205,2.023244352543591,2.413742097035909,1
0.0859522841810012,3.5750893928486236,0.09194640335974344,-3.364612562494072,-1.910479128384622,4.683599132638303,2.301306430643924,-2.8950182696875144,0.5019996197999065,0.6446589192020318,1
0.7265709130036515,-6.850388379303744,1.8538816163387772,4.529067680140242,-2.0743230278457454,-2.180949422083792,0.5734416500676942,1.5297585977496337,-0.3134977204352999,-3.8257400863350552,1
-0.4267442592178692,2.431640627432046,-0.9464854575990355,-0.2763306081659658,-3.1179136671610306,1.7706765383011036,-0.3725502944396025,-4.593216138301005,-0.5939775632661872,-0.0030378558570134384,0
-0.04904496820204618,-0.44865604619009697,-0.6088973190837463,5.691294829736318,-4.138873275598058,2.402418371707462,-3.843532804134157,0.6862440122479678,-2.7337595067233775,2.753754261536759,0
-0.45222168111015715,-2.599526732513999,0.06264864947787163,3.959005799811107,-0.9250962889159107,0.019501045217631963,1.295338107783322,1.394161728116317,-3.6234430691011306,1.5872321458754743,0
2.6189450557900393,1.8894299148730092,-2.325687760186007,-6.719463113543853,-1.1920296930364218,0.4495757021007575,3.066488791046066,-3.8662413856746545,2.199838599430262,-0.4282413687516178,1
2.5588647559533584,3.1096937191146,0.49009500254394595,-6.186332254511072,0.28520035776073205,2.743537246772493,3.849843543587185,-0.8852912920227741,-0.26254719541147487,3.353177798589955,1
-0.5090522071783987,1.4953852773274794,-0.6060610349286599,-0.16622391987715276,-0.3122012914031489,-0.0591491076381625,-0.11542406477129163,-1.4968255002640314,-0.9792084747724479,1.3612961941050776,1
1.1946024545678766,0.9118487420708439,-0.7727314159637813,-4.668364128297214,-3.2358568592410544,2.118949416970505,2.2643091176074672,-2.860659689282951,3.8029001030178247,-0.9068898695163776,1
-2.3694984638816483,-4.327038630268313,-0.1818903903682489,5.348988085833658,-2.7110986379481297,-0.07134867951850732,0.8507740497294349,1.5962515466920806,-0.5808844460541485,-0.41725606674600546,1
1.6872292051771596,-1.0142290054474727,0.17446138875197603,-0.6955935929246891,0.6207813916864289,-1.2213837683912363,-0.6964098205532381,3.014355363011905,0.4213941225977328,2.7286438639734816,1
1.2639878175585229,0.09894747497365661,1.0046920585296186,0.9897257945180894,-0.12920247169116583,2.767593582892384,-0.9352909051365179,1.5078175788076955,-0.9116129779521331,-0.550389426916829,0
2.0976002854258784,3.034429867874316,2.1732704275202788,-7.089520424114092,-1.5172207120961305,3.609368301334459,4.750075219225431,-2.373518316311096,1.526050045694729,2.22004057179754,1
-1.4893317438622369,-2.504619454909003,-0.6370608417986676,1.693787734208001,-2.4983748040658806,1.2060137008408223,1.5835972737049173,1.2125470555253253,1.5480730405146153,-0.1518184763867103,1
0.20303665165298812,-1.5260691578254064,0.8746543051845657,2.5198642657313215,-3.1381926588783355,3.0326551816182286,-0.40526118728350835,2.582389784782364,-0.09607520117257895,2.289228748491052,0
2.508245252328541,0.3658976701839954,1.5553380342044725,-2.1626721849156145,-0.2521922289290718,0.4335562870830487,-2.0446528296845847,1.0578366192195716,2.3618482051484824,-0.2866177579164484,1
1.6086739443785907,3.4841391174175675,-0.5718148518956575,-4.422835952127545,-1.2587694698715335,-0.0266314271366912,0.859813568180785,-5.180266701991297,-0.215684792392566,0.9271463516449856,0
1.2708786796184666,-0.38554660979210453,0.6297932145867738,-2.2276933608708993,-2.2309089515391887,-0.7367550643682264,-0.28454743399716687,-0.7524001413511741,2.7489601780005515,0.7577816917167719,0
-0.7704738465986922,1.9932026328167298,0.11862074846403547,0.9828746289706022,-0.5130452234744575,2.1415466797433167,-1.2821190522365709,0.3542701056928024,-0.9022359119745949,2.101808475035218,1
-0.17825469440115904,-1.4124636764791891,0.4718467863636074,0.21026468262358564,-1.2241910197604522,0.465621242477837,0.9414851538523819,0.5758255339077663,1.1014709600293053,-0.35139947957051054,1
3.6795687347147976,1.2638213339266062,0.028662478824759155,-4.697448997548674,0.89653200417226,-0.1301481836573546,-0.26634633639121663,0.1055517557686505,1.506905545734781,0.41516532549175666,1
1.8954701641114595,0.23844660713800914,1.8258917791628526,-4.348357978374196,1.9616650640907354,-1.9760742655877555,-0.40435490535147267,2.378862876237742,3.526117834580041,1.383422538473714,0
-2.373863159826837,-4.612108497524093,1.2392902137283803,6.694238093410112,-4.186906293243561,1.7547103976776872,-0.832328387977384,3.399680038193136,0.4404875099973914,0.3680370184055839,0
-2.273740832413245,-2.400399179886805,1.5483423286085456,2.3463810502279325,-1.8966348033974652,0.5836779402547465,3.199210635215218,0.37997302815132783,-0.7818445723528329,0.8052509901768219,1
0.3023206797332463,0.2813588596826056,0.020248266364320252,2.2283041176888108,1.431177951507172,-0.6260348352077081,-3.199853858774085,3.1307328773736316,-1.4290234872216145,2.68487944815641,1
0.2686312736465416,2.170229909874423,1.2784370224197095,1.1392618933389398,-1.5389554122529328,1.0636777013785865,-1.8770485604423204,-1.7326177074311002,-2.336332233188661,2.4107042221861805,0
0.315724000700362,-0.3447249758114092,1.8844342292213254,-1.3875773104666431,-0.5290698923344183,-1.9452498092618158,1.0187859712216543,-0.9509501711181981,0.3324998656236138,1.4404871478091723,1
1.5891358273439018,-1.7371138645068078,-1.2002002944975594,-1.18977778049333,-2.583354415099267,1.0677499083908573,1.2202960576947817,0.2480876982736996,1.7962618017092953,-0.2173502586420082,0
2.15258948023025,-0.17714794605879622,-0.10033439213529119,-4.656306635429567,-1.5245698056284733,-0.35922731063316693,2.055460929929178,-1.5366808431345034,2.907263631434928,-0.15284483942205873,1
2.43486845220196,1.4843091647800395,-1.5013440544332204,-4.3599100851274954,-1.5526312183335667,2.0091768977256734,-0.01626241299389064,-1.585698949337242,3.2528279757972016,-1.4192275098287301,1
0.970136099106155,-3.432891185219758,0.7305778694421504,2.776831307568574,-2.8025752955963217,2.7792122339072884,0.7971202967239384,0.8430832353784203,-0.17940574570362622,-3.2641791545469507,0
-0.7605125642847708,1.2543125808985371,-0.1527870003031863,1.024878353557849,-0.4791122019017433,-0.1588290394833356,-1.9634735195426547,-1.0893412412712629,-0.29138700389645056,0.3663884631087835,1
1.3445761381612051,-0.5499160725154948,1.4532100719936878,0.34339552855990213,-4.616135140216008,1.961957234302468,-2.6173119979168806,-1.0806669213540374,2.8807030920712573,-1.1311440664330195,0
2.4517728581133076,3.1949145602467537,0.015079672729396079,-4.279116197264845,-0.1243164557194485,2.9485296580338587,0.32750836912781556,-1.3412020690700548,0.7022300963463504,0.4048540866451854,1
-0.01760932412166749,-1.7656961448039852,0.3059263576088552,3.0899497060746564,-0.7443787740858117,1.1721768318662154,-1.3687716266457763,2.530440451820591,-0.4907232095425733,-0.11023643539040329,0
1.4719449421170818,4.7057065808121274,-1.3584794010183883,-5.9822641892769255,-1.5103279982456443,1.0960846959592248,-0.4296239254339246,-4.58432985142415,2.7253643016861933,0.7433943274942547,0
-1.550093453869953,-4.915013809959255,-0.8539578303699802,4.142242466221701,-2.8026845929575015,0.5186630017230509,2.6745187056927087,2.403835630104174,-0.5557969864224529,0.4099735115208487,1
-3.1330356793352627,1.01615827693175,0.6527279823475549,1.6332946781190945,-1.9214015056323421,2.056087071035773,1.8141666276176274,-0.6778268489451755,-1.0070059372145364,2.8973170890328404,0
1.510214930389854,0.23332015102620987,-0.8536800598882981,-3.605998257568888,-3.0898541689756622,0.8278758555263639,1.1982139884371943,-0.5153103619940649,3.0384362157771023,2.5391427370397843,0
-0.18773589026639836,2.4310478878297377,1.0893683761109318,-0.40584683792405823,-0.22122173277741997,0.3172623969044328,-2.0265351734917005,-2.8231278761631815,0.06846304527820302,-1.354708097487741,1
1.9190138857754868,3.9074363021308547,-1.8644389546555629,-4.790552216688556,1.2248606400383593,1.7320933052534873,-0.7115429474451376,-0.3375618137397768,1.541911095484064,1.4968029306706272,0
3.6463337434350582,-1.0642498036708654,-1.1085575059426975,-3.9954596029064704,-0.14343460273301278,-1.93196694604204,-0.9423396506583661,0.5873090636042497,3.534029446618816,-0.9171289415420083,1
-1.420143808043962,-3.4107332388349345,0.846569279605078,4.348392323454964,-1.3131857303959995,-0.6661138024310109,0.5617973647011243,0.9924854867889155,-1.4499543595066273,-0.8035152735085196,1
0.9123206394282033,-0.4331577256422386,-0.6936853891967395,-0.5510855578761655,-1.5668041401980708,-0.11196448672250048,-1.7005992368995169,1.8435827451092774,2.221682257031855,2.349857090273346,0
1.735462310557678,3.18997776528993,0.888410365683743,-3.322283389745886,1.3963514729675555,0.7571889724827352,-1.964253061798264,-0.21594894067713444,1.2591328661888808,0.5989996607960392,0
1.8323999524334553,1.3185358210262559,0.9395598629228187,-4.832583148445714,-1.3641425226211616,1.6731293139366796,3.0924602559338195,-1.3917286095543273,1.3719528332403628,1.6627661041697481,1
1.6432354987245619,-0.8275507575458277,-0.0743743464843054,2.2452482358204553,-0.8798764364226036,0.2152994248217035,-1.35127980357028,0.3103090335422851,-2.79498961732654,0.7663378868446674,0
1.6408566243038636,-2.8658951015779337,-0.12566488445624302,1.4518994558162774,0.6058942652296859,-3.0701986745200185,0.1469116066841034,-0.5434784247538351,-2.0674673499271843,-2.140550614005588,1
1.3200180583086945,1.767761375552013,-0.6067908233792898,-3.867543820326393,-1.0153679012162566,1.6543466028778768,2.3640409361763757,-1.5322154429156944,0.5862078098010213,1.6901241573540742,1
3.4893354643348875,3.5245358400663496,-1.2848194180983987,-1.8623922507167698,0.3181281402423164,1.9308808035393366,-4.507860872696647,-0.059554084016789854,-0.20483300199527388,0.9515262652396923,1
-1.1602151901712823,6.066737204672784,0.0799569867657609,-2.6571572763897504,1.5767735629385826,4.3618366526757395,-0.7638174393021395,-1.3899428277624009,0.24459352045824168,0.7352480982423507,0
4.095516907317393,0.582869526470182,1.5877553788292071,-1.5036935083798606,-2.0191496128681345,-1.3754257827172252,-2.4197508226612356,-2.5782619468744645,-1.0524559003015166,0.8804562375933582,0
1.5671688367014251,-1.2698760722839393,-2.2127123583614305,1.697192429144425,-1.661557850590507,2.768501011334962,-0.09000162892249242,0.42337114052495994,-1.2590914122941093,-1.6676175425958664,0
0.7312956478522623,3.4687114314076384,0.5671939728032305,-2.873946855392651,-0.42224579871133006,1.8574136920551847,-0.4164321389886445,-3.4946095705586426,0.5512224133430422,-1.1955197057990063,0
-1.7926447061826538,-2.1054441713095855,1.1331155083576983,1.8299595465964604,-3.017451693475501,1.976202391478178,0.889415772308813,2.3769599559815004,2.2697306708498437,1.439177888913346,1
1.9516807604450492,2.637156867448323,0.8268120403069148,-1.2243734899429943,3.345901241181175,0.7099548973331801,-2.5846240398634235,0.5214618667406137,-1.1548956108270727,-1.2514562118797592,0
0.8562060238418356,2.095959083459802,0.21166672894748637,-4.030907658574221,-1.185485021924112,3.108011140191128,4.073133559405671,-0.8572840687305372,-0.21080167305381536,3.4109101049523107,1
0.6848635289159988,0.478770832333394,-0.5174416594215236,-1.759694008670449,-0.2512701290254671,0.23896473440932997,-0.8401011312692933,1.7250805537103655,2.3050476852365223,1.9150712447861031,0
2.3929407212502296,-0.9183313692236711,-0.6574656933800846,-1.2184431663159525,-0.3592623455939862,-0.9688758354859024,-0.7891710939697494,-0.6864369952413845,0.7867657422552459,-1.9043267453290427,1
3.5681915793922645,0.6351448128310053,-0.020927936314680203,-3.1112421217938513,-1.2915275596749949,-1.2204221056805338,-0.9754921166196426,-2.4879511386627016,0.520066616881099,-0.11099081430683744,0
1.6336342084658684,-1.525931293658256,-0.24781980051675098,2.0088363800172155,-1.996029474631879,2.7145302754296177,-0.2808036390522941,-0.15345620283126848,-1.2449274464019462,-2.589712856445039,0
5.20415675657553,-1.647359079216943,0.48209615296038727,-1.7647620571941198,-2.1951926488016142,-2.056590392934433,-2.332342019368988,-0.6140747552764654,0.5815841879905062,0.1669677874768939,0
2.7124415976074894,-1.609020513744196,-0.5282240059877708,2.900836579407449,-3.395776208642241,-0.6713830901674169,-3.3329794593848785,-0.2375696525447869,-2.0879293022489143,1.7350076547507616,0
1.2017518491625698,-2.139486208880139,0.8069798661103341,0.3553366031940486,-1.0169113613139364,-2.7004635084682618,-2.4045242574667762,0.7562969634009975,2.2614063590916427,-0.7343169182744531,1
2.513049854399439,2.7044393159825306,0.22618989855612748,-4.205200706377152,0.015351717883877791,1.601931048320862,-0.5187283174663029,-1.7297222190278256,1.448374418502672,-0.6790578139862669,1
0.9070688963417025,0.2550795029762258,0.9978192144097703,-5.9561744637880745,-1.4984192164701278,-2.551527323438075,0.9883234324986996,-0.081274687006055,5.888656245828206,3.080632351273042,0
1.463626282626032,-1.9361376229594593,1.9696848423874471,4.747131150535841,-3.930667591964196,0.7931556007339174,-4.29546951742615,0.8996200668744154,-1.3271971250229793,0.9495382253159717,0
0.04465812458089702,-3.352371854743627,-2.3165051647859114,2.285631546227364,0.5219659539784518,-2.6038145703695728,0.17106685388790055,-0.18856261121672624,-0.6181454156087838,-3.7124913449219688,1
-0.7530452990501244,-6.477232080983544,2.140502871000126,4.7583396852004025,-0.04864617772608315,-2.3165615564792095,1.1326631210939258,3.261205518862805,-0.35896241308540444,-3.0386472301880034,1
-1.0048938364153515,-2.1303864841896543,1.9022344375463591,1.188340882285456,-2.5880223723338895,1.0787525320866087,0.7607901922570991,0.45313345871636646,2.1439180752775084,-1.1994499328454753,1
-1.3296352993150773,0.8599520661188227,0.47287573357629464,0.6208246233449921,0.23634062696565028,2.4260069267110236,1.0533460930980283,0.252436624261972,-0.5559225330689319,-0.3015425829391887,0
0.20487076803822724,0.8338779324062097,0.4611383849039776,-2.6327335148929065,-1.8173416106745617,-0.15359700722311653,1.9741550804498735,-3.4843698670386565,0.9324877078906384,-0.21177257755259293,1
-1.7844903915159103,5.556711986581209,1.9921752285712453,-2.3030574253275615,0.5101800267130165,3.4476961828721233,-0.028627511372589565,-2.423660039880626,0.017660828487379154,1.4457657123300582,0
-1.3285386128721344,2.6421859391305085,-0.5906397346719888,-0.3075716193147955,0.7365437323627393,2.175351649643318,1.7106408182561146,-0.9518524770206048,-2.3474869882507017,1.9779399724928641,0
0.21697867102891688,-1.24084828079284,0.4390982004450238,2.6618102807840693,-1.4712837964209258,1.073240841296063,-0.4253072572615204,0.6969165394775119,-1.730998146819544,0.48240193794653075,0
1.474359477418075,-2.5787238814639664,1.6042846481236983,2.8121573991731994,-0.9057998526775113,-1.9927903004803937,1.9058331488366558,-0.8604041902233586,-5.684365115736988,1.9926645500911437,0
-0.609085688247492,-4.255203116931153,-0.024335266261180107,6.261722854903089,-3.3490453752872904,0.6674232879390187,-1.6144164817381599,1.2352891092016987,-1.1255561642287772,-1.9561766975940946,0
0.6133020558661273,1.5661170642849729,-0.6683282980682599,-1.9530913685542428,0.4470832964144771,-0.19935073162603478,0.9783286499546884,-1.1186176090064799,-0.9123892222429488,1.7970552035684184,1
3.828439746637848,3.7083920247525155,1.7889193511792847,-8.528099796307197,1.4271084547899267,-0.7272526597394995,-0.22249864042569156,-0.42773973837153156,3.738764600099158,2.75289329198094,0
-1.4997595795097942,-6.340732433402946,1.5109436807628616,5.870514264935656,-0.7215163035157042,-1.8804448799483833,1.1308744226503293,2.9720874474821066,-1.1398277459802841,-2.337113606560525,1
4.80623842325818,-0.34909150084960744,0.44871641103484805,-7.978132144885091,-0.14093227999353253,-0.5470159511258323,3.9103166128970477,0.6168577472235985,2.9235762272342614,2.2912330013600233,1
-3.6383906103992594,-2.6630224670401472,0.7025794594806755,3.1395767593036386,-3.861547726298052,2.337723684140003,4.035404591119218,0.6279170011960943,0.0659439603429417,1.6832050143624602,1
0.15414716866284883,-5.005424469702312,-0.9254031381399691,2.4387019084861024,-1.5217329625720792,-0.9202916065652957,1.9635431435700221,1.849454576716517,0.2295309192071735,-1.7014207279766973,1
-0.5373902814848406,-0.03141395745632021,-0.007539541786657399,3.4805985227083416,-0.31458381493219545,2.130241203771183,-2.206228024882337,1.7704648550086048,-1.4853904461321443,0.07141631337544552,0
-0.04945619775048815,3.559168957904358,2.011599300525712,2.119740344239612,-0.9443384172863859,3.3694130296036873,-3.6334165209726184,-0.44657006699150315,-2.4899874173907532,2.305709905510345,0
2.8646941906815524,1.7743853917913284,-0.5712070644351728,-3.9936069868312236,-1.6499678140989582,3.112248632685184,1.2847761550468424,-0.4664154417165909,0.82444124368601,1.8735372047688394,0
-2.215406776467516,-3.712151777221669,-0.10796303248281396,5.042937542167459,-0.13086277059712026,-1.2102960694057916,-0.06846738955527143,2.681269676575508,-0.9645197434788256,-0.5741897768899358,1
1.0595011931268294,-2.8436212433241947,0.18633436762006436,6.364473974243405,-1.6568601860030214,0.7106034364712523,-3.385247013615441,4.277658270422648,-3.5942463216908167,2.9977450111969786,0
2.2255681776682916,4.080203398201779,-1.6958810957443906,-4.3792751318557315,3.1541002783026455,0.4133448686702035,-2.069786805676043,0.7449460743484096,0.8797209414512632,1.604146320065095,0
-0.060589105735931015,-2.474836044221957,1.555058613126157,1.2484183101007733,-1.762620664658753,0.019563132317784504,0.6383192970865733,0.36201772436394686,0.9257211244176744,-1.3759867423838057,1
3.0528995838019903,2.4412995368291615,-1.2545610379138374,-7.480504590613642,0.16345036281829017,-2.370585239997356,-0.34106591016406484,-2.6058957950609454,4.27289368612692,0.4873281552886459,0
0.8748606401914596,4.41648923376711,-0.7541895590887058,-6.252924630866567,1.4362678628888967,1.1271282117121932,1.8204952804330468,-3.254541778613882,1.5100382275811186,-0.1486191282486069,0
0.6887996323543404,-1.6070568407046883,-0.46922705457864516,3.4478536687453265,-3.5767007444094676,3.6488063086973606,-0.4707775614110379,1.1820493280619804,-1.5664477475622154,0.6739970018945943,0
-0.6184450898265628,-0.990982642480072,-0.7520953204534947,1.3763609785562418,-1.234905624028967,0.15822086020438975,1.4811901679962935,-0.7101314354277868,-1.494008692233059,0.5071036566997875,1
1.3158777591241564,0.38754295535597866,0.4924271223078624,1.4820966402024474,-2.087988629655465,1.1914384408807273,-2.6504730239128658,-0.5070705186621808,-0.798157417034413,0.4830829779474606,0
0.7039776788213632,-0.5482807235500539,-0.6266017101339038,1.6619687629650435,-2.3067165379223766,0.6276516210653986,-0.3113053657032344,-1.452848481974609,-1.829334801180356,0.3200644462273795,0
3.0448713948961323,0.7384036057527671,1.1108746048730815,-4.249504641701323,-0.6400483224791786,0.07185592031983423,-0.9571861206872851,-1.2222818183226796,3.33486500814663,-1.9633599661193522,1
-0.7218175905880566,-0.9398728077273207,0.6036874413131799,2.8973804734938335,-0.31826179212152084,0.49422932969129696,-2.3913865880563074,1.9440558550257376,0.30193555938576255,-0.4883372832348454,0
0.6928021188016007,0.5912924315664779,0.4606157075672997,-0.6412177861593208,-0.1495490737107188,1.3328749753069609,-1.450135834791454,2.4968673916433057,1.5091728115882428,1.934924279727419,0
0.02807954886015207,1.525714864813209,-0.23502950358041585,-1.9135859747810973,0.727450196741007,0.0016324481945096947,-1.4896050926181676,1.9302779040182494,2.396216555972729,2.440160480621894,0
-2.114981566336655,-2.5964482672452838,0.3320199938041853,4.543477698988575,-1.8221112740166832,-0.1734533113354727,0.37659795825820763,1.2023697875210275,-1.5686869432394328,1.1233714119987734,1
1.8643091158570566,0.4437253577386667,-0.33137609115020145,-4.105170698623313,-1.3867470513826297,-1.0231233514478872,0.30659221013047544,-1.733514968717628,3.0938068772717666,0.0028114361734208337,0
0.8907303749746214,-4.858058527180326,1.0745075698030366,2.4534260319436227,-2.829241728791689,-1.3113848046984413,2.2905742424326423,-0.7743782967009518,-1.1849801735806658,-2.0880955266511774,1
-3.8353397400901357,-3.379227819575154,1.5299331581033604,6.368103151180595,-1.0279885791564785,0.09575196256095975,1.714916685317026,2.875072239880538,-2.831066583358263,2.258243722128057,1
-0.372636208154256,0.8534425357103863,0.4352083629870141,-0.9017154365892868,-1.5447189843633713,1.5829500327941703,0.9770314285570543,-0.600206265169346,0.6035112038291122,1.405925298770471,1
1.6828422594809163,-0.4394704959497845,-0.4294740601622848,-2.315681029124937,-0.9436930398211637,-1.539750159513403,-0.5354812629885812,-1.2374594867487858,2.258333254658905,-0.9978922446898189,1
-2.6539394218583134,7.0965487232760704,-0.10360829420560745,-1.7837152584994922,-0.12012162564515672,4.99363691241809,-1.1034848815999352,-3.2397634808603852,0.15184487427616733,1.3393830296200355,0
1.4825537078910787,-1.4006719642230419,-0.883064775757766,2.057686163246136,-0.5684699572993588,1.3674774189750145,-1.2124019046143313,0.3228043455518952,-1.1148485269964974,-2.8907797982088894,0
0.06171953452460888,-5.876643165965024,1.3391408533380156,5.142862864719411,-0.5370884917767051,-2.4269284044875596,0.4274459010304891,2.4912610936037374,-1.985820125334306,-1.8218892822042907,1
1.5243018118570404,-1.3857776708217602,0.6327189063189486,3.6349351435239554,-4.101922314759077,0.6622321705510474,-3.3809929067698388,0.18784189253453243,-1.387646885733441,1.8723327853811118,0
0.7336668465125057,0.24524068705063728,0.23371494729471268,-0.38650462003795266,-1.2488946543467851,2.4173845512609424,-0.5235649517322548,1.1895828229917422,1.2201306775602578,0.423120272781749,0
2.842507920883792,-1.2130434158801813,0.33565757487784836,-4.833882992214743,-1.0640042443207827,-1.5981480022086227,2.0041070201306885,-0.42549058222955294,3.129370149933057,0.3124194946672604,1
0.8447683948840923,2.9651729839098846,1.9309089871870693,-2.1813178123715296,1.4617636481811895,2.3433183888075213,-1.0349248720573978,0.8431528127548356,0.5243378450407921,0.8528338850452986,0
2.1630468089006025,1.5328206312598744,0.11917176293511131,-1.2789189021526326,0.11095457786908192,3.1906547560096676,-0.47585959134899625,0.5933902402933088,-0.5949524338280869,-0.06701720714902293,0
0.1547361003954114,2.036681213283471,-1.7991719538158402,-0.3297495762918537,0.5304897001685387,0.9333572569200279,-0.27615302554648036,-1.9226283287551702,-1.6406046950366546,-0.4737318896224938,0
0.12363992216937203,2.1508805503089223,1.0889533071434003,1.678453064519652,0.15642643513073162,1.8680188458521474,-1.0563644161781167,-0.34942790668632273,-3.714416822427109,2.283841918122345,0
0.4615095446311722,-0.2879074930907502,0.29693954520150534,-4.194914489236672,-2.745697452181454,-0.1723552711421792,4.50094972217678,-2.567312379782289,1.9343230926611301,1.6963730645961301,1
-3.368816662205809,-1.886666523120045,-2.122518200586131,2.9111211826454544,-2.6087566425858357,1.732631111536409,3.705354837350518,0.6402443460856895,-1.0111050054966262,2.295138751738774,1
-2.5859994356175813,-2.032086507849577,-0.45256981793196155,3.399450879150365,-1.6979793155648837,0.36607865653081695,0.7443222287859146,1.109186053471525,-0.08337274907923686,0.6068002956934517,0
-0.32520529163308853,-0.5018324631363604,-1.8927802776914266,-0.2273628105175632,-0.814912040689687,-0.5732641914562142,1.330679875678439,1.078127479815247,-0.28072222392816637,3.66239123249698,1
1.87909898199163,-2.2051667043087657,1.2740690483660508,2.7357459968779776,-1.9362179390647185,2.7089796350464037,-0.21457583002210978,1.4829966769385432,-1.9374051788674422,-0.9327030501468847,0
1.8321975893693618,0.32634648918795245,-1.3957355060688097,-0.7263352330942924,-0.01214271265324085,1.7837563336088758,-1.0987874780858382,2.1811278894154613,0.48540091992649215,1.0464616593167566,1
1.0475799085626702,-0.07661338919151156,1.693541152235552,-0.6014195614751329,-0.5170063436614871,0.35810532688899843,-1.07086634606301,1.2065006102424154,1.1384381800707901,0.8544327268713043,0
-0.3109479895430216,2.3917790485448,-1.5319613136395236,-1.0977562557198466,-0.35767741306593415,0.3729951191783467,-0.253838212840771,-2.88245545995937,-0.5147409857808918,0.06613603494668885,1
2.7888386814086936,2.4655468435620187,-0.5401585730122045,-6.089744015854372,-0.8412938969944559,-0.26116704473847796,-0.5813344069161928,-0.5230488120942387,3.6162284332776875,3.041423701112789,0
-0.8922185440152663,2.2288980408450967,0.07124323440624776,1.0656350379959458,1.720943269344597,0.17254856164781063,-4.193241544702249,2.3772014952992206,0.6884549062611484,1.8633014352115524,0
0.7742332004511632,-2.5064016515582153,0.8909429739881336,-0.22680304571138044,-2.04364187192629,-0.006556165805457037,2.8393521702619124,-0.5882434462280184,-0.014176550343198646,-0.5135579278303937,1
-0.7340414577661273,-2.7406140308381137,-1.0109468620203117,2.3810370198629136,-2.057752298719792,-0.3244273713640814,1.9154720573853976,-0.3996829844474623,-1.2159108256071014,-0.25698798308111515,1
2.2503852870673793,-0.8924116758313275,1.215861120944657,0.24913762498926023,-1.6473022947799696,-0.8488258860642162,-0.8938339588413287,-0.9433464464944465,-1.133346627297096,0.5181028474328659,0
-1.5334729479160405,-5.578517426775319,-0.5293201210075972,4.27446504571406,-3.3555070652416723,0.16842036563518548,2.5154490772279585,2.254595587589497,0.18124854307949634,-0.2805270572988332,1
1.9620387319276196,-1.695863086974918,0.7691888160095851,1.525039670731046,1.091814961617878,-2.8089752195531066,-1.5022053561907005,-0.48071110282061835,-2.2961278729230106,-1.8750445510490779,1
-0.6870302444988241,-2.920483420037226,0.17036256758758458,5.015029969186808,-4.707792345467624,3.645958270253409,-0.31546733316499587,2.7796886601664728,-0.7730357005678508,2.1170916166999545,0
1.349676627678186,-1.6437798967058426,0.44031812142794996,1.2600967035924169,2.2867285868579468,-3.834660050846066,-2.172015733233518,-1.0997314676880534,-1.0542049405008218,-4.486731743816755,1
2.196132736945195,1.802482339092818,2.3679747918918186,-4.560894767710974,-0.6657405463975248,0.8598767415123798,0.3552421406716002,-1.7714263684986002,2.378611147821842,-0.4411919068400265,1
1.1121561458932039,0.6192350505060419,-1.986480866976763,-1.3976054109744072,-0.9944060144340134,0.8288958238632446,-1.396347840037733,0.9243496919569861,2.024836559868982,1.1749451414905565,0
0.3701096405366522,2.2552682610866936,-1.5766812718525267,-1.812545341172492,-0.22595954726843104,2.66486153658112,1.5144088997642653,0.4530135859448081,-0.9789039454673523,3.5614875135284936,1
0.22275164139218095,-1.9359602210146705,0.2651769532837814,-1.2392013114139329,-2.4691651450507925,-0.8295253340481854,2.187365488247752,-0.31374574703367986,1.8109137513703368,1.1360774922000059,1
-0.5846406298698859,-0.4672029758537318,-1.790567944364242,0.38176348038514685,-0.6504315311362281,-0.9584266705847353,1.0068937840130419,0.8218520962615472,-0.831700831134389,3.603189015013565,1
0.8607948710382287,-0.11970797641637863,0.5566301587831347,2.8937568046985236,-0.30422316089329515,0.6908875981365152,-0.6323715807291699,0.2567809413400628,-4.46424478706539,1.8705051738314538,0
-1.0591077501627892,-7.544221272400088,-0.3931515789766409,7.283492517036427,-0.9239357299936066,-3.3762856396944056,0.32095207064416753,2.2365236188967534,-2.0815005448076436,-3.620974237918196,1
0.2535109165298516,-0.5729470548227391,-0.37015624826915244,0.20630964874562951,-1.5319030802081026,0.34941553081703247,-0.7261653245442059,1.7613203011378653,1.1588643096081592,2.546808544634768,0
2.4045494703826247,3.0780845755090107,1.3748860911438996,-3.7322227393286584,0.956578337633939,1.6858641907728296,-0.9591928653747046,-0.6432619880524115,0.6903237656118668,0.29062937170879466,0
1.2665028318813825,2.2962519111110464,0.2539914223693071,-1.3022866979060788,-1.2445593664167878,-0.27215311933268205,-0.25177880721174006,-4.212662146555232,-2.1312212139417506,0.84574158406258,0
3.5347554460907484,3.422765675719437,-0.8745714666915916,-6.734137193628285,0.8391782533426877,0.376227563177271,-0.519656788951854,-0.32422560126997,2.52868187607988,2.453110726754052,0
1.7842456479635747,3.344657094188423,-0.2941457015961024,-3.338226060897178,-0.9698079775774693,2.5882695254286707,-0.8848884938494324,-1.0019327041676154,0.9899798995374852,1.95344946946335,0
-1.4416406979892433,-1.4482163378804147,-0.5098006899525571,3.5378990065171623,1.2673422809935215,-2.192826389541393,-1.406096261801534,0.5813190664479773,-1.6383500501605006,-1.174607776151244,1
-1.6413019858269569,-5.829013336371516,-0.971337782212116,8.612687337157809,-3.138356644229597,1.9883037225979259,-0.976039945792514,4.036301224240049,-1.6903846565284453,-1.634005751358155,0
-2.4284195828899824,-4.436739923041725,-0.44444491150858023,5.810649042965081,-0.8332877724154415,-1.6493158005472952,1.507422633939093,1.3114706591465346,-2.7493282078123285,-0.49260972191906216,1
1.0806035326851118,0.01681214110607084,-1.207172645831838,0.20204623943116043,-0.8395603434154905,0.9093455782855544,-1.2700716025461622,0.16627465109596384,0.25696376081689287,-0.4019350838043281,0
-3.629149174008726,-7.321712669820927,-0.8474841760142993,9.021661250880419,-1.1610016832465193,-1.3951621287362435,0.16684201333209614,5.459249491878686,-1.0775116778808866,-0.8712089252356937,1
-0.6724492045500167,0.790377300971578,0.8324030014630147,0.08830266606067787,-1.003971835197672,0.6046079874632995,-0.32661722459320575,-1.0245189273093307,0.37710935865797635,0.22294621531608194,1
2.8852437434320515,4.409226212733304,1.3978144789055236,-4.83174995597323,1.1557424601179522,0.5605024284154814,-0.7742554729316242,-2.254551862125597,-0.6546468875801763,2.0654702921510846,0
3.556998103073674,1.1755247661750967,-0.9869346136107467,-3.890216478530583,-0.05020522376013581,1.10646112143958,0.6358652583936553,-2.5898429545490824,0.3365432536714028,-2.749684680502685,0
-0.15671428685005773,0.011012789319130904,-1.0386397105930532,2.4802083813104816,-1.4456673484064004,1.1345827025961346,-0.483573197738273,-0.006301547119662798,-2.586266382613535,1.9607433804997432,0
1.4362499947217866,-1.5295101821128694,-0.9888274022067473,-1.0669553131575824,-1.1572548827590934,0.6641479377888391,0.8493314776821639,0.6705115472842835,1.5570491874191843,-0.9908594782791025,0
1.1487607942789924,-3.7917099878244724,1.338625770532687,3.575894436556331,-2.7066186766059905,-0.5966794939962872,0.03695013645018497,1.2737294962796137,-2.065523663314513,1.0714055487229288,0
-0.02704665110327742,1.7382386732372122,-0.4315624408679859,-1.5757430071693148,-0.9512597786438057,0.7043642226659703,1.0413447129832767,-2.4285249505359925,-0.41299982783384825,0.8855627781862265,1
-3.381781843432508,-6.833547812948056,-0.07800746185270237,7.163290134753036,-2.0418628947463335,-0.1272654317459826,2.358242089521688,4.769380212171106,-0.7189463570113455,0.021166560235180043,1
0.15524484689379725,-0.14245518902448623,-1.00128732761,1.2737077321441308,-0.01456785151940354,-0.5482528571312224,-2.822875151177994,1.0652026787731832,0.723694248068613,-0.12596980681326242,0
2.6247324834368952,0.8383032550729809,-1.3220846721149107,-3.2609698665123026,-0.916952459094969,-1.3774863447797165,0.1626051175020493,-4.312387055197337,0.3585284413385239,-2.1951288420386192,0
3.772725267187667,0.9506882152383095,1.673475849199591,-4.3506852794999125,-0.31907626049921,1.1800122043196792,-1.061815392392789,0.4098401043833766,2.8810744392895256,-0.6024015457948535,1
1.3681760349349763,-1.3468203110338464,0.2417167940675182,4.160331221788002,-0.6255414398467405,0.005391294082669584,-1.753698785868767,1.1261989329758282,-4.549624032050377,1.6281429717419291,0
3.5793844231279297,4.041046936026887,-0.8591669743168427,-6.257638275442337,0.9745590711167034,3.7384398233575262,0.8572343769484377,-0.1459779613957236,1.0091080902804774,1.4385174254895403,1
0.09096340657806257,-0.29848667548718655,-0.482740126875358,0.013789946581116019,-0.7396031204052667,-0.836216753557699,-2.0999199737199064,1.8848894460663663,2.1211332529126947,2.012953741070218,0
-2.4632445218771157,-6.383333777055936,-1.090693244701401,6.580558827329911,0.4470104544580562,-2.4684464134285617,1.0603072636497248,3.9699266889447826,-1.429332041428435,-1.874709607255584,1
0.5290171503525132,0.539516898454669,1.353836045176802,1.840783646007896,-2.4680281242872173,0.7431282817668866,-0.9647684161867931,-2.507080606393173,-2.5633053168980346,0.7350302851214272,0
1.3680917833362258,-3.073451153662027,-0.20172939796137787,3.216005533346874,-2.289805212992234,2.652543570499046,0.2383654121749743,1.7151799870537445,-1.4010172029018264,-1.566065686310274,0
2.5586399418478396,1.2690317221460086,0.6772917318930588,-2.3533691558445526,-0.10716869201715162,-0.1392157872338302,-0.400109821710691,-1.4471818219961707,-0.6005534550342981,0.5414324702284752,0
-0.02751114621493067,0.8299677347476588,1.6393394021080343,-2.1183899573979112,-1.247486291326307,0.22661934750246193,2.101200557629718,-2.0314505589555716,0.31725968754593636,1.1432401367763223,1
2.2717666625553923,-0.20004475072674574,1.6348119241584238,-5.444449953323984,-1.693768028870464,-1.3675637524459465,2.722737666593022,-3.1840118029268614,2.9292976088352467,-0.9149040724057715,1
0.08093345795764384,5.669803060881459,0.2626506046327416,-2.154010922000645,-0.7636526513365612,4.06249444636749,-2.1230117993180038,-1.7100869644279315,0.044317328414734236,2.701681999318425,0
2.2381457376044223,2.265469226569782,-0.755703115165228,0.9687865990257531,-2.4817557407706152,1.148490681425497,-4.283518396717787,-1.313491715290133,-1.8335969030775376,2.8371897475656644,0
2.4943815645452725,-1.615830020499059,-0.4156187210867982,3.013990691453659,-4.05678192257099,0.10639431839035152,-3.7023718483950914,0.47633550742430497,-1.1873765574030437,2.2061302877245934,0
-2.1062967711263676,-4.632892642679419,-1.294497082556646,5.1494756018492716,-2.3649176635531273,-0.517322551150377,1.1149664068760556,1.9342426069848413,-0.7148914767075885,-0.20202328774506273,1
-0.7418123887580503,-1.0536003906633882,-1.4751175158994818,2.234704279070388,-0.9235135974429509,0.6488747324813098,1.6305884680312253,-0.10153584879487154,-2.6135167203486276,0.9918430065137364,0
-1.253019396024873,6.749588132509112,1.4762690791419384,-2.9976807850611484,-0.10107280230631288,5.1972655310559395,-1.073773948716833,-2.1492535511262956,0.9003297157850383,1.8140541501681926,0
3.156920751373524,2.139347403461451,0.04230600763223283,-6.685448357077217,-0.12592378181929975,1.482619363352744,2.7021279061056225,-1.0560911972357019,1.8259291617051336,1.5785496246010866,1
3.2135564990113514,1.975555090566484,-0.0019539988674459508,-4.148775999663341,1.1114489783233177,0.3376898213928792,-1.4602953302134496,0.6480681293193586,1.6979342249442215,0.801461940508853,0
-1.0035336166730882,-9.318142944339625,-0.8111601201425885,7.7062329364960895,-1.2823869374899501,-2.659878419601483,0.10978643219795625,5.078669581623193,0.08655615925824289,-4.002380874577431,1
1.3946531408645528,-0.19528745415339926,-0.5189644076203587,-1.8289802574206506,-0.5383468620232251,-0.45931019226529246,-0.2144159364973206,0.11850111863511592,1.5689669258668615,0.2541720665175081,1
0.22454511084949358,0.410676991380774,-1.6198120064662729,4.857729192788952,-1.9721319227727283,2.0618394916057223,-3.5682925682112048,0.5804093129918764,-3.560975618855185,1.8898858481907927,0
-0.7848860394516703,1.909172658428294,0.8000767638259231,-1.0460476985525051,-2.2200440003039077,1.863153660972964,1.1298461520709222,-2.2529644320871314,-0.005823429056256213,1.857083133414677,1
0.19296364004641986,-2.3646562531819963,0.13803635519893842,1.9850829315358725,-2.4530533939558055,1.612195722116141,-0.14657636252648487,3.2783573149368648,0.8429859516299611,2.121645364906741,0
2.104526866878341,0.28414246911599617,-0.46692599272524854,-0.6766006149651128,-2.5806326047944292,2.4884600697471333,-0.19421418561792148,-1.5966466519126943,-0.08066071088596138,-0.9502620227907739,0
-0.514546834981898,3.8290740130986736,1.286104027802098,-3.433371886837503,2.062130909208127,1.724093109897698,1.9183495198342069,-1.5669894789115197,-0.48262822431647145,0.8512181781974872,0
0.3547692460608497,2.453262922906731,0.24129669833042966,-3.7988480470605546,-1.9929507983189918,2.8307737836773503,2.4857389082821415,-2.3753531472141094,1.2750046986809527,1.40775640240868,1
-2.9207158165806253,-3.5409605940401994,0.15578378265654164,5.540289141864552,-1.656509675127348,-0.86128790182208,0.9071726646134867,0.8717769762129326,-1.815088351127837,-0.12106576778552214,1
0.11893869309242755,2.771006703759712,-0.2183040808561178,-2.6008279202804654,-0.5857822306328493,3.0626054997799805,2.1041122771008585,-0.34575438281389614,-0.4962515912595069,3.445120444065952,1
-0.05530300072451855,5.956205494169702,-1.4396981645852094,-4.679067836926909,0.15483166675612892,2.1709793782445956,-0.1335172950959721,-4.510515883347115,0.8158177158179833,0.5122027212111948,0
-1.365232368914381,-4.1332289794627,0.07697542695295774,4.383476092553779,-1.4713638520984733,-1.7340608575241085,0.9225597381502062,0.26642603293573786,-1.4511208626025331,-1.534508143593331,1
0.27522590431299576,-3.021083135378095,0.4155101650753717,-1.6094738005285416,-2.5020972210430346,-3.241130849487954,2.7200864733786014,-1.0101400883671234,2.09225506033486,1.1225585299642367,1
2.1495679390473215,0.352584635139134,0.22097536828717354,0.021202075571289242,-3.040706603643928,-0.312505636508142,-1.48205622323841,-2.659261315742156,-1.2418367479616892,1.2761033837074747,0
1.7277112673716932,0.46384674613985755,0.36668887565497527,-1.6534368400180819,-2.103877154081724,2.444577026008378,0.9091919994623519,-0.13840895625732674,0.3452362919680171,1.4406805230515909,0
3.0158989516031034,0.6344878866938767,1.0365045175635086,-4.420229349197108,-0.3577352540636449,0.8605686001833499,0.6680324548894168,0.2692247125147449,2.2998208598310184,0.4229426349165044,1
2.3781305565281747,5.166909700671095,0.10246535959305557,-6.395405210282745,2.401456369389517,0.2098106871187465,-1.8850707597519114,-0.884490146862793,2.2792177883093703,1.790046359189808,0
-0.6400743264893641,-4.57128155924804,0.001159563769695821,2.767415725562998,-1.6940342097426067,-0.8401358432353937,2.115762610440175,1.0040729595282258,-0.006889614319486426,-1.8681975038169572,1
2.497280584640358,3.333919508392308,0.09734038435132224,-1.4540734180021073,-0.7543902998476759,1.106928135491213,-2.5836680308463214,-1.9711658209090264,-1.723992505956739,2.21879284534288,0
2.3268095671478104,2.328633231750404,0.5037437575766679,-4.092178107995459,-0.26284672908421836,2.97352017247438,1.0416239504370073,0.4894305430705448,0.893095063121074,2.2151085080450845,1
0.12237046690432807,0.38213889868251244,-0.9339178025553779,1.4707055409959522,-0.3428273146642118,0.7998471633266574,-1.0194562821276032,0.2630647199315983,-1.504313562656026,0.8573271693803057,0
-0.08432483837619953,-3.568761333046476,-0.49783532917804824,2.8296955194040785,-1.9107524736160175,-0.5826673897826932,0.5898715964093846,0.6378001041151222,-0.3232689569886448,-1.370538865252081,1
2.5584428429159916,1.3839264244130807,-0.5006470190292802,0.8059003473542599,-1.9897759222403768,-0.4070662775706779,-2.195501085584265,-2.2185167672932304,-3.794952203572747,3.2867476774030915,0
1.09834520763204,-0.48845545271651064,0.8282504583290798,0.6572930408791425,-1.2669987837199743,0.7879864346357572,-1.2640654178056132,-0.23960213712001566,0.19307774601137861,-1.1252206564827998,0
1.159836162353015,2.5334867602018996,0.5498823703916162,-4.861216166970992,-2.0002366809405316,3.258390077377984,3.0840330216254808,-2.5911808101918283,1.4706519712903192,1.0390630460672905,1
0.42462069105269473,-0.02241054463483263,-1.958521337182095,0.7908769729382853,-0.012649964012914405,1.736359928316857,-1.5576093659308163,3.435128594900524,0.6381752741191841,1.9942581219189526,0
-0.6208053783183698,0.4097893180948113,0.22225905339815927,0.701008241734455,-0.98517369191034,0.14559918038663877,0.12825898262477187,-0.9858814942617553,-0.8730168256814412,1.0614560740427113,1
-1.6881072659286214,-5.077673469602869,0.45864713091761583,2.823151722194999,-1.1416494908276382,-1.1293933625111783,3.571602269342945,1.2238632872336555,0.06863065637193921,-2.0987288021263426,1
-0.07109552831917121,-1.907499352767661,0.814189474451986,0.9347139716764845,-1.5906993181149836,-0.32175853541097843,-1.0421368933003141,3.6446057334683584,2.136462759773145,3.1866371785290832,0
2.302576351595085,2.270794892817812,0.3734586135477813,-3.929530473562419,0.01935772336556907,0.9900185635248846,-0.6854679964694466,-1.1075587420669437,1.7009544872804785,-0.042196278368690665,0
0.22578217960993685,-1.2387560096834829,0.3364774509704643,2.279387772049644,-2.5735065259411813,2.6431390357376925,-0.10276313665299408,1.090632295158597,-0.6275119514108878,0.5607402491018016,0
0.9561046663189874,1.6100918904294261,1.2303878131020307,-2.2338053769994266,0.7683673113409608,-0.4885168593928415,-2.319864495113755,1.4441980131185455,2.362045545807405,1.8666868245349064,0
0.4114350348074143,-0.09065395152784043,0.024617056292358296,-0.9023313209126612,-2.3611306205826166,1.1440868385870409,1.3807172328395683,-1.3985449922051867,0.41435948749792995,0.5832592279840563,1
-4.6962495293919275,-5.600006803761707,0.41538053569502364,7.787445737804627,-2.350806171153002,-0.29022602058188607,2.454220729539011,2.6393565593184047,-1.8847749204890063,0.23868698904119068,1
0.9500920419035112,1.4827956047592479,-1.065453972639344,-5.263403365576148,-2.6985493066687622,1.0455253321542566,3.359057320819909,-4.776335202984062,2.5884310297763635,-1.0799045619343248,1
4.181050926716881,1.0458837259002725,-0.1341509627431582,-8.208518155567251,-1.7117102778596003,2.229422864189231,3.7295428673280537,-1.3383049851849715,3.9433728777019175,0.24580740200865248,1
-2.322255044170535,-7.3789705426145025,-0.5699920500855108,8.596560952709787,-1.5206680372027312,-2.7864364530026817,1.6360183169352585,2.4217352916312773,-3.997390858631775,-0.9890679983163657,1
0.2918306943016197,2.2972039923001435,-1.3783051734246818,-3.074144339264826,-0.8848319080493479,0.9350155988516757,1.8178385811627344,-3.5223292207388446,0.1546589468553482,0.03053801498677089,1
-3.2636017882636583,5.739539151702456,-1.2183645437543407,2.37505988023336,-1.4621557907738112,5.00931925914747,-1.62300940543941,-2.410789032365258,-3.267638037209589,3.6663847932954763,0
5.191033570701956,1.8286077983524114,0.0909920952337064,-6.396090987212028,1.8549910032597752,1.5127050240988962,0.646292003449998,2.379573071488793,1.2520244238893914,2.4026084184429903,1
1.5110656018699022,-0.8251989555521934,0.9899610547022,-1.901509397869637,0.596615473752649,-2.816329758675945,0.363425149940233,0.765505019978618,0.4747263952824826,2.098794972639176,1
0.3975002171543235,-0.3601380191599511,0.4569509262615247,2.927351425110988,-1.4179488172763177,3.9681047105794334,-1.2018039320711233,2.696898675232432,-1.406677735422042,1.091827885535171,0
-0.558928399351118,1.1767210742861436,1.0628497318025498,0.5354923269849348,1.1724568130981816,-0.031032188918130865,-3.2270124917646315,2.4448594269508774,1.4735528407665597,1.3328856158847335,0
0.05160078952505365,-4.708111279701698,-1.6239890907502725,4.45754815567942,0.2239693189153249,-2.770471894919084,-0.7770637357735148,2.25417997497634,-1.3923593675494133,-1.911625133833001,1
0.09684040621814138,-4.015808983869262,-1.9245484407660802,2.228331958010159,-4.226246267683824,1.3805405090435907,1.4759105976919655,2.3653351963860043,1.1556929628200427,1.5210025450407536,0
1.6798276272567372,-2.184826355326247,0.7558977360557239,2.9568774757799314,-2.584452086717774,-0.4305386021592039,-1.800073739781761,0.3683905460020982,-1.7982626601754124,0.9055256259409138,0
1.4651278533927827,1.2188204133459297,-1.503339993666152,-0.2848373263277022,1.0454131925108534,0.24815250303785275,-0.4815317142731985,0.308860924859226,-2.4426331045432867,1.885282439037971,0
-1.4533726491521657,-0.767307216706892,-1.215823302396679,0.7152163411929783,-1.781165989770185,0.5077100082920287,1.871465776352366,-1.2847031136567164,0.08798878387552778,-0.1928752284807388,1
-0.8169946981762748,4.397604714071195,0.7999656305060626,-1.1974431952759688,-0.809230490089969,4.067888603648931,0.5545563337286251,-2.477779943319721,-1.5348648124541695,1.779618663978563,1
-0.04976564061254596,1.3167362551796287,-0.8313762282064611,1.147431184824106,0.805475809876441,-0.6018684808630497,-2.5718623443029887,0.35996904608819946,-1.1723791038686557,1.4179876164374612,1
2.8947992929061432,-1.0211347474455164,-0.054851098845519794,2.2435259590467234,-2.930379747650532,-0.48385742840091184,-2.7099230085838304,-0.7147074699798707,-2.665583013222469,1.8515254919345685,0
2.6645088527697336,-0.4207684163238775,1.03955935180465,-0.03119582022297653,0.5763737231238646,-1.580119482839177,0.26378952832839,-0.5035607588356776,-3.676120429653174,1.6604489898446486,0
0.6922324370330888,2.495523883647934,0.7705030976988632,-2.701624922519993,-0.8674656268530934,2.1328675083134536,1.3075756993317804,-1.7120032705624144,-0.1408858275203171,1.6435607539380834,1
-2.8611560670390026,-1.5917291828482019,1.0429263264369302,3.8625741713729314,-2.266319376574968,0.19099139793678743,1.4041259427895914,-0.39168248847432063,-1.782247843205291,1.4580784180166355,0
-4.113567973665296,-6.785777374149671,-0.46503310215441407,8.140518655980692,-2.1735326026499413,-1.0727467913754973,3.170285236470327,2.61581158990014,-2.7046876618540088,-0.39265613667755883,1
2.9825193133730243,1.3736510197308796,0.12116109118186855,-2.831974722075987,0.18648506840672363,1.6497315699467863,-2.1752983990053556,1.3665680732629548,2.170665247492223,-0.015006310508345555,1
2.475320006569137,3.781204783445139,0.6616258066362104,-3.628987026785142,-1.0314955855989902,-0.35045204410030695,-1.4485562120040312,-4.6478348627648876,-0.627393856672312,1.1084127966765398,0
1.3629943057439913,1.8536961944757655,1.202798452892992,-3.4328576217777473,-1.0379561259380115,2.5526307884200334,1.6586542100456043,-0.48412322687025233,0.8840977494145982,1.861117029676722,1
1.756773590558982,0.7285372973929694,0.2610202224313666,-1.224982356338431,-0.9800310852838678,0.3889768509574755,-0.24344266064911857,-0.8940622533323483,-0.5627999343300866,1.1807639137398145,0
3.025825575379479,2.302133749859083,-0.8339814862600002,-4.717964918651534,0.2480220503921644,1.4495265665069055,-0.3190191203542112,-0.7163424356638491,1.8399739502249097,-0.06915507151331335,1
1.022805279467149,-1.3601750529322572,0.9687754254764691,0.24129185946077006,-1.4659246032973257,0.9342755498827928,1.01819626248271,0.9370562556788099,-0.3148405778710901,0.9860607065241485,1
1.3152852797901422,2.632556259934853,-0.10241492109734197,-3.383901421215096,-0.5190509596475447,2.5652310749807437,0.5406592416100997,-1.432404501465998,1.0240249724276698,0.20419915568516567,1
1.873436330932835,0.36535242414939834,-0.7181169690934261,-3.511729255784611,0.2639139926235954,-0.6839599863486863,-0.36499298233408517,1.3385788988926697,2.8376975789458987,1.4605041796614315,0
-0.5320067345487556,-2.668951151687366,2.720951423435401,2.4935669745220306,-1.9609002849527422,-0.0667205479173294,0.5416919749261171,0.8123775348920337,-0.18084207488327275,-0.1100591490030195,1
1.14508125808872,-1.8126815665938525,0.4442986166090952,0.3776757488930182,-0.4138431425844056,-1.0111904193945143,-0.23818431424451258,0.004467971955038341,0.3061452326463685,-1.7587157332139287,1
0.608849429007618,1.4003834931174939,2.2197252216254895,-3.2083110992153294,-1.8807342394856525,-0.9808808536719771,-1.367394792288918,-0.7519292613267883,3.6885262835139043,2.536448175300383,0
1.95612493172628,0.25722768832779785,0.6089398811182433,-4.494091443751055,-1.1439547568012332,-0.1263601193068491,2.4794010213815403,-1.5856665697519157,1.907488201411621,0.5133471285431057,1
-0.21339069983133685,-0.08690830166098015,-0.729818548277996,0.3894143279821625,-2.022006143340077,0.5750735038321151,-1.7154966624375447,-0.8775456853997958,2.1338598351995737,-1.3789032211991166,1
-0.7945764223292608,0.7998512001554451,-0.5598409695992324,0.8892915199676652,-1.4952565406640745,0.8323901229709363,0.5290942056750276,-1.8676158171921449,-1.5086816530754228,0.96252880224673,0
1.4362740838062868,-2.600737300182408,-1.2049577638173723,1.1322666960811243,0.15844109953156482,-1.8478488942360445,-0.4237842332026398,0.4085072308420834,-0.4530135673071567,-2.156806725825134,1
-0.4356630329937079,-1.9376208304838638,-1.742234384757494,4.632945431469697,-0.6846539439757005,1.623701329146129,-2.2369650286851126,2.8928118044229274,-1.0753426228988427,-0.7305709549005199,0
0.6845132715428139,1.9836923846841195,0.09692685296363293,-1.044413046903236,-0.04081915354392751,1.6770642431773304,-0.9116078471370426,-0.22313604128357223,-0.035146290757831045,0.8339145864066505,1
2.5998383494617165,2.517534330374986,-0.30026781082730386,-3.8797097040480173,-0.07109025749229458,0.9226397237557252,-0.8725742952314595,-1.6633573217024775,1.1313511592716683,-0.046529239566158065,0
-0.5768615120172502,2.309500173582085,0.6943560651639931,-0.6214933032733876,0.35185952418732347,0.569405988692127,0.606861840546777,-1.7027898006087732,-1.8116019091692919,1.68850418565415,1
0.5243090732058532,2.233248718584705,-2.146139288355692,-3.3138285581453197,-1.648983292120247,3.6346248831114654,3.02691468935734,-1.1795734603293153,0.3125317579272191,2.285726944963116,1
1.0127974880076138,1.0017886884580678,2.3820918792357744,-1.7807861277505408,-0.43866306842091474,1.022201349757726,0.36692162068994705,0.012909518433599665,0.4014734777554423,1.3771929035250585,1
3.531065818370597,4.298592020405264,1.4995023691641998,-7.3706300960145406,1.8097882824547185,-1.1500809353787393,0.7649248758971374,-3.709156430577978,0.2784086809786772,1.0994470938256709,0
1.8617045026841077,0.21122979832896466,0.8827070466881332,0.1352083510779463,-3.5924131950543696,3.4061369509555415,-0.21551058590330507,0.9900244316039085,-0.5605126457112193,3.65581674039861,0
2.2720566496478756,2.8590722053109956,1.347433498350666,-2.3479641818539156,-1.1142445153119471,1.5120837464732975,-2.6364012277389195,-1.3423075526053192,0.8924840249494033,0.9615260094802353,0
-0.480318546824543,-4.798744196123787,-1.8788743834942407,4.087804146413222,0.1480503464647931,-2.51341559271412,0.8751954276951845,1.320382966273236,-1.6559224827330732,-2.5391197351270236,1
2.610133958987957,1.333696659053561,-0.12717501686849653,-2.979102279807653,0.10379707460350618,0.7753590274276955,-2.243819028311611,1.0388938162444976,2.573244996721242,0.2691800354100563,0
1.899693514419844,-1.0558617854894923,0.6352469083884124,-1.3805977344350668,-2.0634418381176043,1.256349957705762,0.4594110636817701,1.1319941330658743,1.6236484540797258,1.0102635474057053,0
0.822504731521016,2.60503674690235,-0.41214353480284704,-3.3894421127441796,1.9479841133969718,0.7393661113507268,2.0725925475277207,-0.8809888384321203,-1.1616092593759124,1.5288072987263686,0
0.5902091910943135,1.0516209182892986,0.5919831495241759,-0.9201332088496803,-0.5352082171873551,1.1771638010909533,0.026134835005932167,0.4149163694438416,-0.10231994642646502,2.0979647823855707,1
-0.5747833826909596,-2.0841461895625124,0.34998926461423385,3.788766119803118,-1.4376955209027142,1.6219828621240993,-1.4723005563056926,3.5043311611860344,-0.15705397788761144,1.091907029627663,0
1.9274609152522273,-0.7915501434553049,-0.7331608726692178,2.2064731822181383,-1.2459948650765655,-0.031922922755130534,-1.7714119857249018,0.006155975336413322,-2.741095756849073,0.9141224073733247,0
0.5702074027371602,-1.3429137506067061,-0.6428607089260817,0.562178439113523,0.1384534164240634,-1.0521527989374975,-0.8042143961609973,0.3959242263401024,0.5848868334191086,-1.618392127124366,1
-0.18937055989627405,-0.8422719101813566,2.0723011214267526,0.8902745538668609,-1.1227727367828486,0.377987194169619,-1.5943924114734278,3.5327406012243103,1.8003102599682532,3.248546813805935,0
0.9540211792023487,0.7152542114158583,-0.7136091010375778,-4.709278557478433,-2.34569517252525,0.5660549409167133,3.5441308215548752,-3.4648348710052495,2.211559412328014,-0.08707804702857369,1
-1.0484928885895661,-7.439216312370815,1.1308693585477652,9.475399879112922,0.04088415698128722,-3.2653216121346147,-0.6244294087562063,5.329873304967304,-4.913184409894261,0.7202287164654648,1
2.142014493408672,1.7383408183054765,0.8572554326435291,-5.862315790426567,-1.979801189013777,-0.7590404117112615,0.2505507372169249,-3.2536804958795873,4.11765712334954,0.003986658210126559,0
-0.7625577734768711,0.13044772367871402,0.2310489986027734,0.6106544445075099,-1.4017644426876243,-0.8185378292243806,-1.0511658418407284,-1.527482907902429,0.7005954646753062,-0.1434408753985683,1
1.223117315967925,3.1660174885085497,1.2364207818062525,-4.585780906760794,2.434635112903541,-0.843567134428489,-2.101095696255147,1.7418997109676804,3.0934646077575887,2.8016281154292804,0
0.7256528173305363,4.988281700633779,-1.117042660761549,-2.3622826854085184,-0.8989743188623205,1.6010012898565527,-1.0273848309585585,-3.8063057051916482,-1.7604249812610995,2.956845124302856,0
-0.25345344726323527,3.383742506757747,0.07936944454905073,0.6633885822786544,-1.4078688774033326,3.204788031272352,-2.6901971138955982,-1.4206133902640077,-0.6884670866943932,0.9888958163139163,0
3.622353561632721,2.589900713763941,-1.8045641367983745,-2.7382181269574755,-2.0549552585030604,-0.05723471996200313,-3.36902137006545,-2.917626642095978,0.4465846189852105,1.091619165918054,0
-1.5442977299300398,1.0782414233763546,-0.17547365864998132,-0.07615306462820084,-1.140134432914877,-0.4410716254264333,1.2022345311203606,-3.0180363369444625,-0.7816823450985484,0.627218021861757,1
-0.6318994690554518,3.820625615203932,0.3991860595063511,1.371175746575146,-1.0863343618050247,3.165622201318769,-2.441121427596617,-1.6592946261937949,-2.277078902783831,1.9677055387464732,0
-2.299158575163529,-0.5925680119974481,0.5124740178218848,3.190454838396129,-2.6097909178934193,1.091643290519125,-1.2977985364758071,0.49228257174965795,0.6271253597333493,1.1265171415268789,1
3.328415650289031,-1.2075845987344358,-0.22275940221810825,-5.070599287025326,-0.45368266602634544,-1.793406728600977,2.059095711790391,0.7287783813268183,2.6454397229255475,1.7376189716888084,1
-0.5634319350211081,5.288995191999349,1.2321152619522604,-2.478668984529879,1.1310368469369512,3.4179358513233242,-1.4861479106419306,-1.7199172354966668,0.6867390846644081,-0.09622156684293426,0
0.17263803952821455,-1.436130112476567,0.8837420117783648,1.106099913647841,-1.5912691364633245,0.10082750224260795,0.47722360061629276,0.17173024978174012,-0.346669783473628,0.4522633535094698,1
2.547317062844788,1.0198130443316433,-1.2629216102429297,-0.4490480108656295,-1.3418844827245553,-0.6321691786662011,-1.9083903717362714,-1.118625568926503,-1.8068318569530488,2.7323783371030865,0
-2.3492979581917126,-7.644698197829457,-0.5078437568600012,6.426670578752716,-2.637351186342518,-1.427522930397799,3.727039896062027,1.4340198689793777,-1.5782673257610744,-2.863469686942742,1
0.7490551219264958,2.844009107443383,0.2792738409045304,-5.366714238960118,0.10582315512729967,-0.43151970670196604,-0.21978063931719727,-0.3344489724201629,3.8189011258165455,2.8278904033581878,0
1.195829568204503,-3.184892318470258,0.6880558221772682,0.27090554267159,-2.5524190492047873,1.115785679993779,1.3962410648306949,2.9056418639451618,1.6101507569862934,1.3891622318600745,0
3.590453673967975,-1.7989062781430896,-2.429911455075934,0.11070297404141227,-2.9417521277768777,-0.38355161648832037,-3.299031712714743,0.4392200188990891,1.6238267143095353,-0.5193158906839894,0
-1.2868121037871552,-5.6202982594546445,-1.7671819713475496,5.163464714733703,-1.7074401410330577,-1.0653765734723075,2.3786732659083247,1.971558114945882,-2.0754608140283017,-0.7293034978746594,1
3.4555666875652196,0.5617208976304671,-1.5648747928615192,-4.60565651189173,-0.1603943432753171,0.6296035578430872,-0.0035738160004814556,0.9018814519844154,2.7367689897753547,0.5990438114712787,1
0.3783727419070353,-1.4145004694374044,-0.1690414440738772,1.87152561246939,-2.2574832704522603,0.32102741435429016,-0.7050186977992032,0.33760602173273435,-0.40146043463574743,0.7870519124541957,1
1.8018822629924038,1.7553041117413013,1.0816791999919573,-4.464425506821137,0.06754749899001289,0.6556791997566853,2.7121332967631493,-1.3848758542902657,0.0016863245202416444,1.970447106655473,1
0.27093127147864937,1.3591170530074181,2.0669080071054458,-0.8626552602727718,0.7688412333334189,-0.5405751782013288,-2.426691203664192,1.2555579021584806,1.4344323645576869,1.579808449141372,0
-1.6669266635838622,-2.9997759154323385,-0.7550148856114552,3.3651474716761944,-0.5877492057834073,-1.1257321560190943,0.38288749441252645,0.6759024188353626,-0.22114213856260911,-1.9012328787515291,1
1.2892465288382362,-1.209056047971232,-0.5511594519159162,-0.6044890824058134,-0.6787190673496135,-0.779949215326305,-5.683936629119479e-05,-0.8895658428137161,0.8010152421340686,-2.0304263639743168,1
-1.9489494374845047,-2.915210699891497,0.6624904587414777,2.6702218567184444,-3.900442956814919,1.8024068487940923,3.2994252173219327,0.7948969881892497,-0.33514910608356274,1.9768963283970633,1
-1.2831636262603698,-3.479374657493333,0.11862320920206633,3.3615328070477863,0.04605217213270896,-1.7104677143148932,2.376063701942199,0.1332955323124808,-2.5119815171147657,-1.3808192215433994,1
1.4923267545500316,1.8421406463886743,-1.093899290086807,-3.702397905817504,0.2428880483688951,0.01367865410555369,-0.8198747533788986,0.6345472736860581,2.4508392224192517,2.1715508786365465,0
0.058897349114355735,0.5483259605409257,0.3231778795162052,2.522697839926424,-1.1721477462913126,2.1967231346891296,-2.401974277270245,0.7944976651404145,-1.0936291646007428,0.5153735122539442,0
1.3167365780557203,-4.009055428383294,0.7993551178302422,3.245857749052928,0.7935425853421525,-3.463874515760973,-1.0970131086767405,0.5146703831855367,-1.8874888411762938,-3.3011504594060814,1
1.3527930487971473,1.8783344357715233,-0.8734750906084915,-2.9854086775194353,-0.42760177260188226,1.0191743333588004,0.12950756631058657,-0.738032530445375,1.0129914955618065,1.3194822916603668,1
-0.19017010960798153,3.1126083884236784,-1.4412479824408535,-2.058097877422693,1.802941943164266,0.7379943554816039,1.5552335628035432,-1.930095583254789,-2.1445655095862666,1.196117955832424,0
3.571089477132036,1.54387334929043,0.5749964789763697,-3.70194509253233,0.8906662103240357,-1.2841354183873483,-0.4051244881295837,-2.8846663310183756,-0.6092947882152518,-1.3435202975892424,1
-1.7351796563504538,-5.815516189791874,1.3347468583344433,5.1512851699564,-2.048003289019409,-0.6141135376504849,1.9922438952650914,2.9268670410574185,-0.6213708267110073,-0.6484700213602014,1
1.008223680911206,0.04878494635000775,0.7319148820194104,-4.450701246617645,-2.2067362228928573,0.29268392431064316,3.909595099619384,-1.5914555010652438,2.0027360937833456,2.0780245135609796,1
1.041635802183909,4.623358235119114,-2.0973734334905765,-2.12933496807878,0.1771948973082853,1.0559758357865778,-2.1602190230112983,-3.279603348504631,-1.1646016416458156,1.08211354546149,0
2.0668536385556417,0.03122762588173641,-0.44875667197898234,-1.7598303082104405,0.9824441781060513,-1.3844068494576751,-1.0246637895861745,-1.2982825108626899,0.706742407174481,-2.8051675758382633,1
1.3802593986676848,-5.059756279263726,0.2445225473528545,5.360054952444782,-4.526609960868697,-1.5995536194552002,-0.6516309124771682,0.9282297352283595,-3.031286355052623,2.2434571354101105,0
-2.5804433906303426,1.6990490053729452,1.4248246689247495,1.0212462856818454,-1.401592130335144,1.3759537326693312,1.7144949463454098,-1.185199580019464,-1.8796283243721263,3.7769574799131482,1
2.5762969491382712,0.4571428563035359,-1.3916956136314147,-3.0972668819984226,-0.3010257047174679,0.813698717711316,0.034435074380958275,1.2962266384823176,1.5612267120716194,1.6458835134761942,0
3.587780233758112,0.6380453593952494,2.029088068290314,-1.1072916406163202,-1.3597847855799734,-0.6150476409172496,-2.5033809628933694,-1.5888380971809584,-0.7914659053339781,0.4252473420692272,0
0.9622991614192266,2.213784326495189,0.042940462571727823,-0.6128268804552378,-0.3193779563495879,0.8294370916610054,-0.0964174629903164,-1.926034404067508,-2.578456336642672,1.904742493580213,0
-0.17976217328207078,-1.7963036314838394,0.8931478250869747,0.3413217698421289,-0.686765453366976,-0.42112297491998196,2.3297416416799335,-0.8734091367952876,-0.5063655543178638,-1.3424184098919354,1
-2.558895451541976,-0.27130209034101743,0.4479005340474861,5.100470494869572,-0.25063168510245293,-1.6015634729755943,-3.870505122317894,0.5398275321004389,-1.3014286075440928,0.7182447617203198,1
-1.4729750613210348,-2.2067350878534113,-0.7146162589024936,4.296187880806512,0.05213603445083281,-0.5258897701051277,-3.028035575153115,4.146889587546843,0.7472078165032484,0.5921670680999596,0
1.60943099550036,1.422808794244543,0.11509595403425692,-5.306374126216217,-0.8391709695157821,-0.552153319160517,3.619469860308403,-3.690047488376651,0.6480533417866802,0.7765455123672586,1
2.113669267000523,-2.916806830192364,-1.214248290256611,4.21313387267892,-4.084417793936677,0.11278423590409836,-2.835751408316897,1.3391202777854003,-1.8466846992344998,2.1139608533563914,0
-2.582746610337688,-2.695295518115274,-1.5302552181118851,5.171526536191152,-0.8111934700525454,-0.8505477118955398,1.3619374964755486,0.8347639470362327,-3.358383916447191,1.1974758709108535,1
-1.2209743357249203,-0.5852138920631785,0.4976481953162279,-0.9873605844679808,-2.8505508726777906,-1.6191234796222767,2.5038759429696205,-3.992981775660521,0.7713745210591304,0.05720512128541,1
-1.9336332859217609,-2.2135180760356854,-1.5175952073271137,3.595652863222632,-1.807008115591339,0.2827558712356488,0.4291182658322995,0.8916387993365776,-0.6092353897946999,0.30623041849442334,1
4.049034093181568,2.235555080832632,-0.2567450232526448,-6.2172885684522035,0.6522148537032171,1.215646015804116,0.4249128661396784,-0.2953311172876196,2.1179891039407224,0.4905751060902219,1
-0.958502461377337,-6.8450355379571945,0.6988270853362071,6.052146535979164,-0.5430591798303156,-2.5393017198352896,0.15984614523516705,3.3196487776768264,-0.6882116548460624,-3.05977927961643,1
-0.7437359479809253,2.7016594649494787,-1.0453787830787904,0.2739529410142254,-0.3081416102807455,1.6445793847827992,-1.348655309181189,-1.7755659805533799,-0.8531711522663576,0.2672901911838944,1
-0.1056630995682063,-0.4048967809274029,-0.5917932767109523,1.3523851306398516,2.622815547179233,-2.1656221436573873,-1.54210246538397,0.6238982507502846,-1.1352112032560089,-1.6058507258826151,1
-1.5386503919268915,2.60626086462646,-0.44543193949312554,2.7409730930993605,-0.2867104921851934,2.6623471286873137,-3.0272479794138603,0.04209954640086666,-1.4776492752501085,0.9444387499577791,1
0.9621403981480006,7.083033738493545,-1.576234598508865,-8.116158344111128,1.284751412568089,2.921177399515354,-0.17481443397193575,-3.7130762194930744,3.8308052096049705,-0.3907107101870104,0
1.2845313229409387,5.790230977479237,-0.4293690780884229,-5.145614706422967,0.4788152060019699,1.8598585575523396,-2.175529021556051,-1.2499686488665516,2.0558772725248726,3.245546874909644,0
-1.719464517310114,-1.648308280189712,-0.8459140403381117,5.206657591331545,2.2680967480608127,-1.9352953335150038,-2.3731722567269977,2.7886748931142655,-2.722050474152076,0.03941902928148444,1
1.0512521605189975,1.8774326724758135,0.09984954338955646,-0.23386485003736504,-0.6991247179624938,2.642176611231984,-2.811350003976378,0.5831517348907631,0.9414059907775361,0.04925549248680894,0
2.769065793076571,0.8355260426636596,-0.6082920459712207,-6.444003856941308,-1.5638450390562766,1.5113244246255713,3.922056248871458,-0.9947253713260438,2.5032089338564454,1.8531073986153803,1
-0.1763692149948144,-3.307326617865206,0.8537597438231147,5.71758847397094,-2.6961567072002657,3.4404362631144916,-0.19815451225694103,2.3667844925974677,-2.36165845417623,-1.0967655488661605,0
2.2002084697482456,3.1948157332471916,0.0888078018636086,-2.304160828278004,-1.2913757455703785,0.9637476964173973,-2.859010290136671,-2.8290869348081835,0.5100715582363258,0.2203261601984946,0
2.7973284059908035,5.332276940811546,0.6695087690063383,-8.76750128380685,1.1441149980971632,-0.34322507070430164,-0.43282596801093365,-2.531232765184618,3.6828817846218747,2.2643362127371596,0
2.357047752328744,1.441033218592,-0.6590177956373005,-2.9770312635570644,-0.09826352590802556,1.2613789296607516,-0.6021657971706259,0.361501212502637,1.2276282939933978,0.9128190155327991,0
-0.45602158433807016,-2.2679245896521305,-0.77829269129745,2.6053060987166132,0.14013432469295828,-2.2944867341634554,-0.7187247950671032,-0.6185519050044572,-0.8407591391206369,-2.6592219254899128,1
-0.36008836122079946,2.4579426796664117,-0.5662807651805836,-3.753138369637985,-2.755202296824373,3.626128511143102,3.9091441231507034,-3.0363404573613044,0.9966257760298369,1.6495945739039464,1
-1.7236515577512064,-2.2769847166979935,-0.5446387440707355,3.7007887290750823,-0.5172613183111481,-1.2674914148763323,1.0711340756997603,-0.3718035789080636,-2.461041488311257,-0.5203653821529162,1
-0.7846903273807198,-0.10515801234847184,0.24475780256009652,1.2515524213179914,-0.5945104719057974,0.5103610001724848,-2.119758343943573,2.527812828801035,1.5700821664771651,1.830702248170806,0
0.8309776101099117,0.877602141055334,0.04929827565940742,-1.7655115955418024,-1.2719875098020956,0.09054843763874099,-1.3054520606089974,-0.11515392964840898,2.208612991728849,1.2521890042830703,0
1.8576276499024371,-0.5153599484101556,-0.9902048326557027,-4.038067151424422,-2.339575665602891,0.21693909128618438,2.233146681888889,-1.8236769124497707,2.915031546171165,-0.550601343845859,1
-3.832819955939419,1.9881169690193201,0.1760499055233748,3.553956378988223,-2.1407255165194625,3.154644733649805,0.4014085398105277,-0.8309677386409791,-2.4659257159612835,3.3357302643660303,1
0.7002868418673327,1.756457847001151,0.9859258170877873,-0.6441428630766752,-0.18092502716341397,0.41319374722133784,-2.817731328258395,-0.692525397504469,1.1075876250750354,-0.46156127771584954,0
-1.1545774544483676,-2.90871577142003,0.06647642914480568,2.9019196086473547,-1.6778086526764229,-0.25279016839370994,2.2238102467251952,0.31072706966229324,-1.6850862408951617,0.31850150331521965,1
0.25044458011030113,-2.7146089950135814,1.2918685505975795,3.194828734107293,-1.3928405798294168,1.3135171262373615,-0.9719232957697468,2.9081131034769028,-0.0014597915026905994,-0.42618956798205,0
1.8532952528517859,0.04726789246038192,-0.5257336444365239,-4.062911955647806,-1.9301461753671305,-0.9865238322899026,1.3403323653950197,-3.3152975628076584,2.6047484641307443,-1.4798215558540497,0
1.301454934625006,5.296084453914697,-1.3730938459925979,-3.5289406423239678,0.22162743364442816,3.841547657900397,-3.133429516062308,-0.8768891331330585,2.1616379558403422,0.34500690884459184,0
0.5324148276744856,-2.308228339077875,0.857303790656112,0.8867168212215062,-0.16777856192421114,-1.7571808677798322,0.46750398648912084,-0.6829813274144725,-0.21759860499153094,-2.529035485361893,1
3.342617459401909,2.201253721657702,0.257370946111853,-4.748842372967211,0.4170393690868064,0.17380202039321213,-0.4421423828989919,-0.3406692014113788,1.110997318348872,1.8862967836414537,0
-3.417069291136646,-2.5965684102446143,1.9909004653696147,5.643230212023418,0.6235983855347353,-1.4135152929192616,-0.16874106434301117,2.102228273297123,-2.0442434870951285,0.11307339190151167,1
-1.7700804385218638,-1.9167566245301535,0.8435237691473237,2.6954457010267707,-1.725918225555096,1.5381520686505779,0.6628409946028371,2.326747456992371,0.5158725829355915,1.0519774982687569,1
1.9866529489809066,-0.23744792816831237,-0.4197372913572774,-0.3336217133602871,0.22184626539238517,0.7878710348957949,-1.0094967516581348,0.04843123135536698,-0.053697210371201676,-2.1498168158228195,0
-0.9000871612070132,-0.07635043107498225,-0.959912251469677,0.9144334761610731,-0.873740098980484,-1.7703391209265873,-0.6496842315413651,-1.752757791043381,-0.2827680669587893,0.2147706035629191,1
0.934458733424273,3.5248811382908625,-0.6876159791587804,-1.9731373249940474,3.4320251762117175,0.23152273808922463,-3.2262323400853963,2.1260000110402233,0.41641700868836795,1.9976992311562083,0
-3.3829384009464776,-4.5764705795045595,-1.0580909242202157,6.3879303180940035,-0.5831616385944716,-1.463258311535337,1.4144414041599314,1.8728721824488612,-2.1904542565406793,-0.8640455740033559,1
-1.655878289410951,-5.590412005311282,0.30877219344533036,6.0788632410888,-0.2725795441405856,-2.516831457292983,0.7022284407440416,1.9864704636297958,-2.155153794225,-2.185092289475932,1
0.39218566719540104,1.0175971887804252,0.6704048633735574,-1.723368826442732,-1.7825454898139421,1.3498908516543855,0.4476659452529066,-1.859156454532077,1.324377741497348,-0.3238406669056191,1
1.7533402097921242,1.4122915204805833,-0.7024739580504119,-4.981141924612958,-1.304899992390307,-0.4667852402360424,-0.31915171475696313,-0.5036541884697792,4.186031867648049,1.9200319438830014,0
-0.5920828287831317,-0.32793448815122883,0.0032756880341218895,-0.2805185459195333,-0.934030650344801,-2.3026509340828007,0.7236386371948288,-1.9739233718918232,-0.14004456362221274,0.9362129856699587,1
-0.8918220579916377,-1.6608126065355662,-1.0723141649873387,2.426596687398768,0.3025939597789835,-1.841115709926812,0.12583631268139972,-0.7956339265981913,-1.5681835660389298,-1.6906321778671927,1
2.04958192644969,1.954747395612722,1.3000444024812607,-5.067696535795625,-1.2897750890137356,2.581135541991765,2.7121201965577297,-1.7348847065238724,1.491204841895583,0.8166537758069476,1
-0.10405829287180368,1.696594752400306,0.7693580415476434,-1.3246468443377313,0.0417176190803914,-0.44076047171711497,-2.5583096811999266,2.1629478321010525,2.3688591522938465,3.995899923731621,0
-1.4991213375170622,-5.131112697542892,-2.458893588833717,5.1927361959825244,-1.200936834618779,-0.4768890283921896,1.9915489647391396,3.0714676236502116,-1.9264098162371783,0.08691001376471497,1
0.5817307898072213,0.6270955735648642,-0.5114325708126113,-0.8607906483264093,-0.09972563036033699,-0.1286176210667489,-1.9321307760951782,1.1766039101613175,1.8097499299770274,1.0908721080298613,1
-2.9507508262516957,0.32053945313916854,-0.5446119515833184,2.7115544032811885,-0.48418163622393606,0.7867714030186903,0.10357658410300963,0.20347310023146703,-0.9295318352469134,1.1726926114075886,1
6.174118309216389,2.670051828669363,0.9283272869592268,-9.279045045124645,0.09068812264582582,2.862604565026036,0.9817107390232143,-0.5649888657607427,4.1469730443581,-0.8561546087501184,1
-0.1284787602152888,-1.471205510853973,-0.1839532984364565,0.06496539356550178,-1.6823262167890685,-1.672611617132484,0.24902283227025468,-0.06728119669916477,1.1193832574316434,1.270953281948547,1
0.04975923829911544,-6.494447273702706,-0.08524145584167903,6.245586344676992,-4.444336365848606,1.2552173315674933,0.6030436047462557,1.7055005492065085,-0.8680781305855636,-3.0120607664732697,1
-0.22028753987343208,-4.664991206995151,0.3458761369362815,3.48411939478583,-1.9234087027529498,-1.2770164077868633,1.1802875761434193,0.7105084024792214,-0.6925124052320444,-1.8534743826032138,1
2.5973994417188138,3.796143102885103,1.7123926183484364,-4.669033684802681,-0.17854691825117386,1.7705076671940878,-0.8353305731785425,-1.2976149999755346,1.0093451411742123,2.116127797264019,0
-0.9955224322988687,1.1515928714538852,2.3253820566823906,2.4508321758831166,-0.013513514209760435,0.8657995195980877,-3.0238357789611134,1.619677855180119,-0.6678625937641656,2.021917982850514,1
-2.061592768834595,-4.689984655945573,-0.6019945311681372,4.630870556800273,0.3729943569760772,-1.822517524798163,1.3615669972170443,2.450099884234718,-1.0400589868294252,-1.8053532103002126,1
3.8004514746117297,1.2971510207625252,1.4397608419895318,-7.931213348174778,-0.5274291638564566,0.5581827211274288,4.311474427839544,-1.5134723749030443,2.0486460399252095,1.9521597973111864,1
4.2902441065023815,2.002596745064114,2.2030064627717048,-8.054426361928371,-1.386213049504775,1.1813294104918388,1.294556345620976,-3.655472340184525,4.480826499071121,-2.745338634479663,1
1.6436635785538822,1.7584014226475777,-1.1509841809238253,-5.938303460088459,-2.4094123575597495,1.1898717871313997,2.694695009844329,-4.723544982577929,3.2269270530117073,-1.8445538412847813,1
-0.23771643563270994,-5.120608699992923,-1.7691901221332162,3.173306105081065,-3.5755717196454753,-0.0033903195857867274,2.1428683893700624,1.3271546395050302,0.14626136854624372,-0.5297873556531361,1
1.7712119416971754,2.3242885189514335,-0.24992045511970667,-4.948313494853661,-1.5032235223931114,0.22784771637229995,-0.1648178534711403,-0.9517243973044249,3.0730736868666746,3.071049665238839,0
0.41570477731961564,-2.0210160029056174,-0.7207640486883067,-1.7324087552475227,-1.9851233498091636,-1.8343159166211573,3.2309016381342053,-0.714083281620425,0.8249237362915931,1.9958246059359095,1
-0.9383841478394908,-3.387587452114931,0.05779883818782356,4.547026182407281,0.009993726023314053,-2.5216532191048127,1.515987234442005,-0.4666793269933973,-4.384288569456487,-0.6812211319752952,1
-1.9784530126585747,5.03366460040066,-0.3072025176002432,-1.5846585181774837,-0.005115437301296155,3.8860213411855558,0.08649682982863927,-2.7774772405544876,-0.024333054776913055,0.3034986585211653,0
3.0361884885106716,-2.164385495374201,-2.0124968517053516,0.36248695102379996,0.46034544318342596,-2.0737013530133166,0.7136086576153653,0.9062737523419664,-3.1542714227686313,1.459523728676257,0
2.544632709997925,-1.689840381104179,0.3636046654915618,1.761569241835575,-0.5275190988884795,-0.39300091521048586,-1.7395886691021132,1.380141872617901,-1.8814150598021397,0.3344147658162888,0
0.15284733345668988,4.500917366471595,-0.9326360186605906,-2.9211963159577587,-0.25904009660773575,4.304633102469319,1.3917680240839854,-1.7901325957303222,-0.9607667965906324,2.193575501090751,1
-0.0678907301656253,0.7775316201238288,-0.8011977047466614,-3.032761720122209,-3.0593832432078525,2.356439679446264,3.0308298603738244,-1.8701510622194881,2.0969148744682853,1.2086272480278948,1
1.2629425728471457,2.200525221768789,0.9259391555040718,0.5287797858107924,-0.8898516980479907,3.314322049937691,-4.383476229686232,1.6507268943064908,1.0312924473642893,0.7645003572859386,0
0.536731905441278,0.6530979050911979,-0.15774660802541507,-0.6094583436937867,-1.1612019803629634,-0.5664334852127153,-2.584245432064983,1.2472892250080463,2.00629440314055,2.844870918618704,0
2.648184241861948,3.6767051383569043,0.4402802754647892,-3.98752891009241,0.08522714815994648,0.8827166807180105,-1.1906640160858077,-2.76579011046008,0.02120730366583512,0.5469950122849032,0
2.7573903856859205,-0.4664947275136872,0.6713995250341047,1.4391961765197188,-1.9030427832018648,-0.41765374257961474,-2.934410441958822,0.23848331624578267,-1.8348624040335686,2.115070913938791,0
1.4436809025486717,-2.6543747877314936,0.12552137509343714,3.6869554673077416,-0.9844378398867331,-1.2633344431702391,-0.3430473534086995,0.6132654631254597,-4.195615215204814,1.1847947574995008,0
-1.1519012018842059,0.7602247176485692,0.18855880342153764,-0.3180043541159816,-1.9322738248442777,1.4879246617575057,2.25008999808011,-0.46993051773092254,-0.6792772382813108,3.612409319110404,1
-0.9808212652104285,-1.4181058767946082,0.06343650986786738,4.274317751449708,0.2776124229634227,0.9513066191177879,-2.413273057187462,3.8144481238849113,-0.8341508996877969,0.7099720101811551,0
-0.8077958483308751,-2.9930166293663443,1.480055522987229,2.09402680114275,-2.0295488349229744,0.22145208953419382,2.1381575739269847,0.9240043327619809,-0.36294944471195734,0.3517591648339078,1
4.405788588694662,2.327017855144954,0.4990372952691592,-5.249169254759651,1.5321906571052994,2.1176110580276584,-0.4914281204355626,2.359788946990964,1.2446729200329985,2.3109446619747684,1
-3.1523725943626566,-7.055123859751688,0.14537322483860557,8.02629954046666,-0.750287470269778,-3.1383169831049775,1.422893393691258,1.7766645599019042,-2.503864966976796,-3.137968134059776,0
-0.06997341908432708,0.19205542342853066,-0.6791880471288191,-1.3216019114137632,-1.987667117332527,0.7715356639131055,1.8237638302746402,-0.8903890452658093,0.5473355500451812,1.949869788084319,1
-0.5415580890082852,-3.49151582033204,0.820774723952679,6.4813254832662635,-1.2210240362874014,1.9918792817754607,-2.255189277704366,3.359088837018531,-1.5456489794727455,-2.206736998784537,0
2.375077956864347,0.7689413825089485,-0.6213205465351812,-1.1842211386700896,-1.021322598527611,-0.15415903129375952,-1.4841373520340158,-1.5238393973841007,-0.3055493987994208,0.05846214797728144,0
2.733577841154599,2.42941433688607,0.7137843046417697,-5.30589698355604,-0.33652873538558525,1.127900930329921,0.5404965158114379,-2.1672279957488967,1.9864300331273137,-0.379663801315381,1
1.7899270341002866,-1.9883406401409136,0.308559158139641,-0.9695487945970992,-3.5455431004538878,1.1487031548555426,0.628924949467754,1.212377871958222,2.265297756654711,1.573864548672831,0
0.8587534199380504,-1.789906629890417,-0.0523804744378629,2.354912840497298,-2.0504034221786016,1.3258258091603246,-1.4021612683842013,0.9954907446182905,-0.02678394438357845,-0.9816510365869051,0
1.5687877532830088,2.036316685577233,-1.978016471043429,-1.0859383445879325,2.1396954840205757,-0.21653875012336687,-3.1774046744866853,-0.14314600699147184,0.23664357150373938,-1.614290866657865,0
0.23421240429414603,2.8607010706007756,-1.6086740580945242,-2.847229475192022,-1.440933318240202,2.2132581250556917,1.1197845670893884,-3.221153090299184,0.515357239141299,0.24016340488546772,1
2.2693656045508357,-3.6806767998424497,-0.9695695579375276,0.22354785156596313,-1.0678110055351329,-1.9272826571233366,2.3697949276248873,0.17940200435542009,-1.4862440661730574,-0.1503990355910747,0
-0.7103788335475281,-1.9503463782390684,2.098947572309178,2.796836600986448,-2.256930346698863,0.05068886419439933,-1.658924789403899,2.122411893943931,0.9765019946922737,1.5170998464031693,0
0.051055766674195424,0.5423868838322204,0.8965997431875667,-1.411594812623908,-0.6297402785744457,-0.25219556446886826,1.8643324908097574,-0.5675937807638315,-0.6251795952746517,2.8811144484075135,1
1.3258042024135341,1.0903188419150431,0.09305747239490735,-5.362151011659897,-2.1329719365721163,2.08214061760697,4.5472600247569215,-1.7904216014396304,1.8462172354291808,1.9728750047568915,1
1.3705936997078338,3.830094649003296,-1.0400884870552194,-3.250423568301562,-0.19857337940744002,1.6648842475603698,-1.6294697603420736,-2.5506691867119917,1.0479773316828331,-0.19944625768096857,0
-1.1998981311573398,0.09851889744135367,0.06696984006909622,3.136996124221351,-2.191924692074187,2.689329705881361,-1.0293438931695,0.3837502743993564,-1.0895109449866305,0.8586061000712167,0
-1.2131795148524245,-4.467120506678043,1.171838058046453,5.448987690666574,0.15092618281809744,-2.5203990730509114,-0.023636959925990464,2.282471466158597,-2.486628019535308,-0.5876113319720391,1
-3.2387371598338994,-3.1024860608811253,0.224877896399234,4.46583501304425,-1.379735803373212,-0.6527301653395676,1.0099764679431409,0.4624635398511374,-0.3236011255260538,-1.373344937534104,1
1.997570544056217,2.9249231767245334,-0.39907515566515794,-2.7372366686342957,-1.18321491144405,1.2192303178432782,-1.9465526617078763,-2.2381465295566825,0.9098540112368219,0.5504706768662908,0
0.8990908565642507,1.540212669715941,-0.5482081369352808,-1.0525323545212517,2.539170909116449,-0.10189906296431239,-2.841291090515746,3.068587077375175,1.1574807985100448,1.44740929188046,0
-0.04545427455951989,-1.028827137612819,1.3019194284480173,-1.8929714926342964,-2.7622634949791847,-0.2788637854665612,2.2636292516671075,-1.2992539341849696,2.2005725993591136,0.8822305289098022,1
1.7242452265776134,1.772495337142085,-0.12120206737492922,-5.0292320664799615,-1.1455521993766182,1.2941671270214965,3.414188033426466,-2.4568623482179266,0.689040770370482,1.5048240904211374,1
1.6343945200647627,1.7235506704028258,-1.161801899886193,-1.2008091957261273,0.539292975280687,0.37843472564557534,-0.8202433446236315,-1.4007281570914645,-1.3034177735869323,-0.06926104992995641,0
2.0156490094611907,2.573565809074796,-1.109474414789992,-1.747900276045988,-1.2032517049403508,0.24188169410694993,-1.7308626153482463,-3.1097988183088723,-0.8894680900490078,0.825188485894624,0
1.8253689674372904,-0.26449684139165003,-1.0071111013464231,0.4680046260064447,-0.6682345485587811,2.059054084252872,-0.626529981680129,0.0005344523832495618,-0.8140600294892371,-1.7535675997746227,0
0.7319312296724461,-4.642691642966282,1.1753124300906506,2.6160094306189796,-2.2329297850487344,-1.28873968563998,0.7784822707847256,0.1617590553064988,0.012063662994775237,-2.7844921103337428,1
-2.3210384190048363,3.3308385259572453,-0.3185628040998852,1.4958924990120135,-0.7681777215913644,2.5674028600050827,-0.4453680727124498,-2.327049539464118,-2.2404495405985703,1.4393475568158731,1
-2.6317513132522485,-2.7055076545105066,-0.707388357062587,5.935927733316929,-0.6665803947947195,-1.1045865297547641,0.27417044233323384,1.3171712651036367,-3.486943352581319,1.379028042482636,1
2.4616655277488366,3.122242661730613,0.5806673203442391,-4.48553769120524,1.8734160482339566,-0.9314069300118226,-2.7488296004065176,-0.18863100190455606,2.3173924190249418,0.715614487810762,0
2.0471252669471887,1.3603156751939198,0.4416713768225088,-0.3908237723718308,-0.633830982333484,0.8893492386392895,-2.218614032009521,-0.053701194419914944,-0.7866523108929387,1.4017618949042865,0
2.5647278693883644,2.1461768072719374,1.5105867748075572,-5.619574515744728,-1.3239484935935444,0.24699414894819305,0.41015862055409946,-1.1060789173804797,2.8140153218806394,2.7494011350246303,0
-1.0440301843730633,-3.466406161765906,-0.3102150737131799,3.601232543605734,-1.2710470405044787,-0.9715166248180424,1.2335473174222125,0.6607141931180587,-1.5001894582779665,-0.6599476484131652,1
0.6238313036790717,3.781144839088114,-0.9748000515506099,-2.7975635460618697,0.32040676667299506,1.0359785983484529,0.7881375197807063,-2.888416071778483,-1.6951294574618148,2.120693643112699,0
1.7175262160701994,-1.6063878170065014,0.15928182415055941,0.6992848721298082,1.3358440492641002,-2.86260802984104,-1.511263524552843,-0.4478735247165895,-0.8401350191541749,-2.767362827002512,1
-1.007862434542699,-0.6358022061344484,-0.833791063052777,2.5293920141025037,-0.3399782248463812,-0.7321396369809714,-1.6596938610534777,1.9993545067405045,-0.5955767108466843,2.55020115809638,1
-1.637498597859178,-6.927145853074979,0.8114970214782921,6.594469079640525,-0.25521219197536804,-2.813912151350137,0.3011193006303612,3.0888732174829907,-0.9312322633857335,-3.491863171134516,1
1.0435236022936487,-0.2540252236674261,-1.0496882522707833,-2.3161190705166996,-1.0219811356072626,-0.7911295138854295,1.472918562238717,-0.9262150872938153,0.9407025881804161,1.0412415950058502,1
1.417315287338452,3.1217038020748684,0.000755091077845826,-2.056664431299155,1.445153917716591,2.0920385881074104,-2.1586537365154443,1.9128018206201294,0.4669505870319465,2.4580378008970865,0
2.391011358708404,3.9322272885417986,-0.4966301867107921,-1.5003968273431052,-1.9366900472707949,3.495634915395333,-4.914767154514674,-0.3571137384279244,1.4082690668110973,1.662031029110838,0
-0.3603058954822165,-2.6612975371102894,1.90485536226178,2.9765950253051354,-3.977736680340694,2.275506866398236,0.72624273068159,1.38363181426543,-0.06450793775106534,1.1943929685595855,0
2.0262799508012614,-1.3374500648185668,-1.9772134310725922,1.0287532655661467,-2.2397100606913276,-0.5966307288167523,-0.5701412559125636,-0.45530711119690703,-1.7040065292204971,1.5811052242513501,0
-0.724404963252443,-2.8645589000602993,-0.1603714863793627,2.662867776143168,-2.083226648004775,0.0219947773405319,-1.4530584813317495,4.934283065062198,2.064514679398618,3.5560460973442547,1
1.3968776334752322,-2.40978604538248,0.5281387916266884,2.7181459036186384,-3.322669554905699,3.0993269488353894,0.553952235237475,-0.42979381965260544,-1.4717233983778781,-2.415469377784037,0
0.05364700264971667,2.049230228963471,-1.1675864402595446,0.18686832600918626,-0.16002157601894407,0.975416727948808,-2.597418841929434,-0.89182060348786,0.19786178479363625,-0.3204516844971692,1
0.9881578247408066,0.09287717847904713,-1.6836949679556643,0.020657162635431516,-0.9546108610162048,2.3737455306855892,-0.4311812401852668,1.861147209338328,0.2870907517408786,1.3681760962340956,0
-0.5916336931309933,-5.157990415024643,1.1686867542405912,2.555053951901739,-2.1809582921994695,-0.788619766117365,2.808326474113162,0.6552630185073226,0.4130359385425091,-2.581358860246626,1
-0.33951776478348394,2.0079910455047627,0.7355099127158099,-3.7510595210959834,-2.505909527531217,1.4798963099955642,3.5624652680665028,-4.71339139746,0.9654449296489491,0.1290514466701802,1
-1.8798122624752445,6.867406379789367,-1.005704736623427,-4.370776627409415,2.589798049632036,4.10777031531647,0.8283019399228637,-2.4834308600975064,0.8599193570695916,-0.09697492808496766,0
1.9604770503974913,4.5402176305056985,-1.1444825949076158,-4.267402175617796,0.9100284828959235,1.3961226538960012,-1.9835605493483026,-0.8151084788641667,1.0558676863369514,2.2213377195334845,0
0.3365587451846723,0.3266422142747599,-0.35272222827955074,-3.670664570930133,-1.8645243813575763,0.0859101712547683,4.093373664390066,-2.3105473149003966,0.882089270663341,1.8769964165124002,1
1.2384473724990812,2.348160377752089,1.682907344764416,-1.4857044606365437,-0.313226397294456,1.6297618148914093,-1.8286610909436103,-0.041145598995088406,0.4959067430427082,1.3987660129599884,0
0.48897356078932086,0.11220367068470188,0.09346656204024571,0.16419174322723715,-1.92859164684772,2.4186087307449213,-0.5241083033625307,0.8357069065362641,0.8929009122709298,0.8257882439339532,0
-0.5299703863751533,-1.2126641139966734,-0.4787793601858425,0.5233843806325075,-2.5868641060408493,1.5899604875822835,0.3695573241727306,0.9594599705471871,2.0291254846852524,0.493265159820361,1
0.06989774381398806,1.3057577943603533,0.2181572693420262,-2.597407284742324,-2.4378412926913846,0.9541764035145697,-0.5627264454525512,-0.3249523337569662,3.598238906806451,2.16749062729337,0
0.19039197935674967,-5.6972192892107225,-0.12582150713764562,5.275348699577296,-3.229809684243708,-0.673767356361219,1.6232659800230405,2.428430114953952,-2.800223281709714,1.6628622104821535,0
1.6588596190032612,1.8735161166175978,1.2536187722337926,-2.115869009750885,-1.5141917724219844,1.3926552704656763,-1.529258104795816,-0.30164296669932855,1.325784105110533,1.9895275124853526,0
0.2789352057457143,-4.81608247899327,-0.38480333395031874,4.127215509067105,-5.44348420328165,4.375972800107709,2.4510576432043405,2.881796262944012,-0.5013074998173228,0.7560208478142603,0
-1.9035540455252355,-4.092542224965745,0.6620869501750091,4.421038096803454,-0.07905583231920366,-1.1429737831261855,0.6853268049959789,2.833892684794057,-0.6210371753908447,-0.8757091023751861,1
0.34135744878508056,-2.4562191689336723,-0.12706830365275823,0.8798713100337864,-1.2359376161153954,-0.6441172916857121,0.9095257255378414,-0.06457557344279818,0.3575751028504175,-1.5406909069693406,1
-0.3504460396653888,2.463647549518347,-0.34616392898374865,-0.7042998512996519,-0.7820545892638613,2.556234406876542,-0.08898175144400255,-0.9562015341112912,-0.35502017841675126,1.3242789393535435,1
-2.86567455014346,-5.222162245325416,0.005520061576894775,7.876408420783134,-0.4927565451681669,-1.6444182268279461,0.8454014936696275,3.0207809457673394,-3.847487245851371,0.3726658377335428,0
0.657520195573086,1.3404052685232921,0.10645441032767002,-0.7968472332294805,-0.634164089020127,2.5204107136444973,-1.0898419775820503,1.69449501925541,1.0510979293126708,1.8756914433561824,1
-1.7454302863739923,-0.18905447790059302,-0.8647836386787531,1.2550889769896945,-0.7070557720794788,0.019600444202838796,1.431999623465568,-1.5037168117440576,-1.066662671924655,-0.2168975264682751,1
2.2664452627660294,4.3540804331267635,0.2493731796799451,-6.419241785795555,0.9523437438971296,0.17539893110946325,-1.2410138488900593,-0.8399748244461365,2.9725650794058556,2.655662137923903,0
-0.9612591365052344,-0.06565065929405484,-0.33347938786390635,1.8269225790169306,0.9887346587299408,-1.5315479982901006,-1.505299354765358,-0.34715030052940077,-0.8668466619108574,-0.913968195397526,1
2.610078263498621,2.071775563891394,-1.1490039356655233,-3.504466400297901,1.304825277273566,0.6991256761073334,0.09761626892763031,0.8164172315982514,-0.2901582346488969,2.567190618800936,1
1.9726669972495534,0.33220570495768775,-0.4199463682354075,-0.9953050754109912,1.733933511673421,-2.0317166541125027,-1.9752584701442366,-1.151449742938134,-0.1767246197011293,-2.552942513962079,1
0.36281065752269215,0.6986125828658076,1.235086322270831,3.3193057139863598,-1.889066934665701,1.3522937515765343,-2.8314845367953323,-0.05813708520845817,-2.7893807691137606,2.1784522929162864,0
2.2893431629055234,-1.9261662839848526,-1.4864685600382432,1.867178512922129,-3.60136650783773,-0.9844075992352388,-1.5240268825620744,-0.9334205529191464,-1.5626260263660368,1.6068532483138975,0
2.645707260426412,-0.5085388052047108,-0.45686243415968675,-4.0352786037251835,-2.3915809228780534,0.9885329809788279,1.172616993426193,-1.6506981923561086,3.4921099765108137,-2.045129534053024,1
1.2905238151823404,1.711960763848311,0.8095472995755639,-3.807444041963148,-1.0840719946747013,-1.5771631228781335,-1.849867744279062,-0.02753905141167956,3.5227563742422956,3.524286456934383,0
1.450336696846913,0.3368478431947116,0.2874923602288157,-2.7322404967700944,-0.9607771768588038,0.1044185740633069,0.6586795451633193,-0.3746827844625502,1.6060800805784505,0.9789443534699749,1
-0.6705067863488585,-0.31741903610012323,-0.40358397150289976,4.212459535796224,-0.08749061685873172,1.5988766095454814,-0.716428844966412,1.4351195659873963,-4.000021331836155,1.601227239557352,0
-0.1459495917551037,-3.5737918870017698,1.1469782824743313,4.378668956874174,-4.3122041965509315,2.1652862650086133,-0.3729168122274594,1.3720560078304553,-0.13741278057438988,-0.5030197872149205,0
-0.06202036349778128,1.6029736161790782,-1.0574191246283817,-2.3581128000966123,-2.1509178275344576,1.7114542532062682,1.0556862620874947,-2.452912538209359,1.6608650888287233,0.1438363806486822,1
1.0555316659038767,0.7740451290038269,-0.5137287729688174,2.5624779891324323,-0.6561150356297889,1.4949581320724645,-2.739620016132446,1.131004778577081,-2.7112397488935738,2.176231677180515,0
-1.5480441919704018,0.7657806828799801,-0.9781651490293624,0.18226882060043267,-2.5006482616415076,2.2077920323115086,1.240465398810154,-0.6459837615414998,0.5083084709101877,2.07383043191757,1
4.733263313912429,1.7052409382107179,0.25382446713401763,-7.234116963788913,1.393923804715162,0.2721173533717406,1.3186465801655292,0.4249523539707105,2.1069613027706393,1.2248197292066711,1
0.8383496864855206,-2.2898966835635206,0.8722960533705852,4.458006628449047,-3.184111328409479,0.07786436074215553,-1.37937328845234,0.5360398826908044,-3.2123094836432617,2.2919260587400117,0
0.2851243246528564,-0.3364057038212033,-0.4999163545028187,0.37691039356403094,-1.5662991092563558,0.9797663439686669,-0.561706659030528,1.0030720005482086,0.6990893363084341,1.4668626060178565,0
-1.3065235353332008,2.86130091129882,-0.3878498990080281,2.8339031525786833,-0.6270422763949892,3.642296419292879,-2.158168298162564,0.6193389839613208,-2.720796687034809,2.9188233043068603,0
0.9166471983194583,-2.1472900449254233,-0.17676781189143614,2.0483030981968633,-1.183323948442885,-0.8431474625441264,1.7822429899582026,0.23399850172352532,-3.7087716134296294,2.4057276728466124,0
1.8157447372529973,-0.33010377489921366,-0.48810821113815306,-3.1909925810939774,-1.2485983947969683,-0.3920236629305103,1.4483700431819146,-0.9248050849021525,1.7645048356491997,0.35588747153308165,0
4.9433672478416035,-1.072336529524027,-1.189548326646359,-5.614411575291201,1.7813438967567525,-4.026760364230684,0.7070267871535674,1.0813248956417105,1.541782766524833,1.529519577302812,1
3.6997302147999327,-0.7088479357639146,0.8412967992969753,-2.8032868395236568,1.7690706963246243,-1.663992394487817,-0.8804819292825437,3.7656415555733895,0.8008528069688138,2.9834786727408997,1
2.0913445079853776,-1.5432882136601394,0.724356819307866,1.6555912816352463,-1.7691599174683894,-0.5918013572068097,-1.5844545414514357,0.24861062595656924,-1.4703110781175304,0.8129032317800174,0
1.361652155217157,1.651258722130282,1.6618670536093028,-5.592244261675523,-2.245522984096751,-0.6482724897954011,0.3869913423562916,0.11654725112579578,4.492848764408587,5.232901375903385,0
2.7901224369977644,3.5522039531239504,0.8924758382252787,-4.018017200121093,-0.3160090385870358,1.194997924784358,-1.668807487033844,-2.0667164928658868,0.7463862906035035,0.9666501110279709,0
-0.03666764068336559,-4.998101719415788,0.2844453383312143,4.375184835271161,0.5744250578675607,-2.9450495582190594,-0.7917335725824548,1.868778939414418,-0.8345786256065344,-3.682090917091012,1
1.512265024878333,4.4987819300305185,-0.2528356827323326,-5.361556015470724,-1.0669876148495983,3.807169609792365,1.393073677121113,-4.629209254211556,1.2908349341184149,-1.5913415213479647,1
1.7762537987614522,0.02107628591424394,1.617166713161997,-0.5786745067519125,0.6388143887874853,-0.4261537880520021,-2.4881537435220005,1.9699251654759982,1.1090419182607085,0.5181335568197225,1
0.06544529622490636,0.5743380546751476,-0.20658369782800381,-1.3356183265566663,0.3935715849976693,-0.9852896480908611,-2.0062337985320364,2.6400822251755005,2.7990323124747913,2.9261626092098965,0
-3.2071722292759413,-7.483620636892207,-1.0667111074708924,9.016926825270009,-1.3010341969564418,-2.153187944840111,2.632583463021448,3.2262100533981855,-4.297441003664286,-0.2300945100317866,1
3.022823579538631,1.4939449477800706,1.2518532547824426,-3.7615832032580405,-2.409617512363477,1.3028276957539218,-0.0675395324054473,-1.478555016661112,1.343241814458376,1.9050348338598464,0
1.31908118382428,1.2549869435654901,0.6424703761132661,-3.6349573946795375,0.671469933696516,-2.2271005680111347,-1.2778182932511628,-0.511508065634019,2.768138473373089,0.8014972989299316,0
0.9882924160462361,4.368545987425691,0.6354185679411821,-5.309200252426485,2.227159484059363,2.0297922031207,1.0465775636689658,-1.3200515892660605,1.0516344541918277,0.28701633437008833,0
-2.0416187810192854,-5.088679314950053,0.20965384523978461,3.2510725985081326,-2.09266297913096,0.003229480890704961,4.77161197599107,1.063685779633031,-0.8342504143108095,-1.0030345843519797,1
-0.09961777500705304,1.9973878056952434,-2.6701685634617562,-1.6787083111877696,-2.063361518271737,3.568465755855231,0.4762653230924231,-1.2204865731986168,1.5592334981298577,0.1733329465547021,1
2.570174078624694,2.646017115396093,-0.16464869637180155,-3.7328543538041044,1.6780350083343798,0.537696749650409,-0.6660839046046008,-0.1802655655058456,0.10819163374365359,0.9740827998518734,1
0.5532371570929249,1.7522308328553557,-1.1734284392760543,-1.620411840006074,-0.3767706082912815,1.1982950742238652,0.6888186369033054,-0.7898542662803352,-0.5637795259272005,1.8984772690809983,1
1.142109143220516,0.9809553941555605,-0.023372054146216723,1.7123627555021597,-2.5014239298761622,2.3643195675930704,-3.4893588994440674,0.7393541441954448,-0.3054621601947355,1.9621055269848757,0
-1.6827887231154715,0.7368526082218982,2.3694354359239758,1.640649347823654,-1.7601173959132972,2.6224379533643134,-0.3688748886889607,-1.1883298062255503,0.3032750968618487,-1.3555603359681752,0
1.474874251984843,4.652381638042348,-0.10350071675863783,-5.136612495751164,1.3956873963138872,1.701567202433484,-0.31210986934199214,-2.5718260689337344,1.2571949183015256,-0.4657922879486325,0
-4.004219457478246,-9.49640428053311,-0.6039178958862044,10.640399113857795,-0.7217152780699521,-3.161063394050092,2.9454952457885457,4.003116382609326,-4.102629314547535,-2.322172389824529,1
-0.06255420568372183,5.58460962531988,-0.5273258780273912,-0.008682968546923544,-0.491061906599531,3.3778341899996156,-3.240610844651058,-1.590459394950773,-2.255828185728806,3.6326476149893656,0
1.6246015092198918,3.000997268947914,-0.7815126834635994,-5.2325476601576195,-0.11592329821177094,0.6486176168081752,-0.10701528055062637,-0.4343854681282544,2.7731547143730824,2.7059642602140355,0
-0.5985820062912137,0.5922874568675245,2.2852086216609058,-0.6594590934814574,-2.125154665908162,1.4201170083377328,0.8150963427952143,-1.3781857405330702,1.0338359250459859,0.4442234663096877,1
2.340875582059671,3.1890290845316627,-0.4889655598580671,-3.8564712784744977,-1.764301938365859,2.540047209104298,-0.3786656098803318,-1.440012334615031,0.8794349829133332,2.6539195559223203,0
-2.4895352625656857,-4.317306424652834,-0.2647996823328623,3.571297269076601,-2.2368112323162994,-0.1192812055590955,2.1535947455660107,0.9593530807654848,0.9467419304544491,-2.0504018930146515,1
0.607037400390799,-0.8332485775557174,-0.8500508456830119,-1.2741221112673122,-1.4378874951340266,-0.35701516388975074,0.7610759533748268,0.4783637517895749,1.5487748407945718,1.5060133686330786,1
0.19323453252015388,-3.061719557545229,-0.6665739028792889,3.516808636884418,-0.24258330110235082,-1.7173227869838512,0.4589390644779584,0.6921816476437102,-3.0266915060444197,-0.19527260010114866,1
1.8388553390644142,3.5378914257956677,0.5355541283499521,-4.0869596180464285,1.92503813179535,0.4388452335009603,-1.6631839430495556,-0.6520546252670645,1.3716741358823588,0.2552539764691558,0
2.186275201559093,1.7732674151768315,0.15717419244408162,-2.1418134246045506,0.42683093954640117,1.5976048880568205,-0.9345432942524727,0.06186084537242709,0.13776742688958055,0.22838734899917346,0
0.4674387138908658,-3.4624300239330874,1.0819677416802032,4.27762424972458,-4.929470852828306,-0.42271273097458906,-0.6497975860081777,-1.3706417822515735,-1.6565682111366176,0.03242011031848846,0
2.564348040678907,5.339173804631277,0.9160750980968998,-4.99683588138972,-0.9151373861982641,0.9096079100050063,-1.3420955775896257,-4.777633545301672,-0.17945980626826186,1.9282380862548854,0
3.1953668357114746,7.640452511876803,0.08767364930063971,-10.46926058364797,2.325182233867594,-0.9877368875470733,-2.1015336539731444,-2.7800480110499044,4.166214401216712,3.7200193475254415,0
0.19907640354562883,3.6675288385824563,0.6910204703232081,-3.081226590801968,-1.7937487871445876,4.444631480632662,1.2216171016291926,-2.714324426541242,0.825435006177383,0.3354414986003341,1
0.12036008222743144,-0.4252947177665363,0.2882204784217181,1.9787191885575026,-2.3437051142581034,0.008784160150723141,-0.5448556179977193,-1.3441608509654352,-1.8604724551653018,1.3343112592224933,0
0.09430074372825625,1.0416475141245936,0.039499214334403426,1.0724558341492636,0.36047210990059586,0.46159583204206933,-3.035004272255989,2.325805881243923,0.12370285439324336,2.435044551533347,0
0.20062005846876718,-2.8931974327262324,-1.071133063833534,3.3276205607253595,-2.178737407536829,1.5549044099653928,-0.3412512583070533,1.0030567519596414,-0.30863007592101344,-2.2439038869358336,0
0.35985152781612206,-2.8751370346215337,0.22801372920606855,5.536489312670724,-3.52891580946243,0.38298552761220794,-1.758043996185221,0.7210259238311159,-2.973495636764988,1.2953787862441226,0
0.8109099593170532,-3.0624868562102496,0.7705817040471252,2.0996324104646926,-0.4687665195112882,-1.5735077587230653,0.06453419093197132,0.6657758485331963,-0.972424059226612,-1.3948786085211005,1
-1.6784816377564984,1.5773622818856516,1.4206670341536325,1.0443542109956676,-0.922702309640675,1.284782856722765,1.1716473809863683,-1.8955633145235191,-2.2895930317340514,1.7345610468914003,0
0.7467506807265974,0.368510254285034,-0.34721064987611777,-1.052445723870892,-1.0970861413898483,0.29021039771128265,-0.8619664056596739,-0.2741228696633735,1.476495188243705,0.2543562299919415,1
1.8654146910792566,4.030793330635554,0.8932108930113205,-2.3071494248667213,-0.7360370162413137,2.6525159223695294,-2.983964170369126,-0.44941272811168576,0.5699814314908167,2.5205337705919946,0
1.554921499844324,-0.2834365502285697,-0.3100917164852351,-2.5570724633239643,-2.270513688015983,0.22535967350305697,0.7370415787291,-0.6952963799955123,2.157983267203049,0.9555690172008036,0
1.072882612797472,-1.1122419147548368,0.7868558024826998,0.11366845580962176,-1.841193757474697,2.6015137477203814,1.0074260602358285,1.467125766822512,0.3349806143580978,0.5398087672536587,0
1.0912279408791967,0.965503947125122,1.1713224632245185,-0.3121841326105125,0.08130972561934158,1.353458933298713,-1.05451222672802,0.012647522990799409,-0.323543909312219,-0.38008220910746915,0
4.355017368121884,-0.40610168564007093,0.9577716312789476,-6.930875101186754,0.6766191232230925,-2.444790889848702,2.72335590004998,-0.08162634306127714,2.1840360087616064,1.6856270533570266,1
-0.9874784825733814,-2.529397050853138,0.5498018627706688,1.2009127309377152,-1.2441101921662172,-0.3666504827578462,1.7727336806436762,-0.11672584507324935,0.7412487425537961,-1.7710906323640816,1
0.28377977962661005,-2.9027484915914026,0.42645961812946986,2.664585109728265,-1.7378258375925177,0.8282604410096966,0.697487027825777,1.3583336024188557,-0.8867966211453661,-0.5527896567479522,0
-2.3950740931655776,-3.019866600838677,-0.4027571048041882,4.453437150834043,-0.3210823920842588,-1.162157016137754,0.900408450019059,1.0654119135289448,-1.690013748768533,-0.5998760251347156,1
1.6519479477391656,3.170291347802865,-0.6070080997113586,-4.015176606895725,2.8845398202590924,0.4072400656305525,-1.8196437552662983,2.3399365263770786,1.902135565076624,2.4413654925498416,0
0.04811397793239014,2.0358305266978514,-1.8572090102808716,-3.220020812497404,-1.5421323398915008,3.4770178882951903,4.356993343046682,-0.43167340315518243,-0.5743253309958098,4.423522129234605,1
1.4674644567975483,0.7547573908294154,-0.9748771628784919,-3.288706385377367,-0.23252741122274923,0.5414832539293505,1.926551034573548,0.4587804991041191,0.6270928073439548,2.7631564948516862,1
3.4092320023995932,1.5712978211494977,0.6339020354464492,-2.57483328327475,-0.5254738491376063,-0.23254609384237646,-1.4751988908753115,-1.9439529434641463,-0.4949444452450924,0.34852052006669443,0
-1.727770963963991,-4.549447117063661,-0.4557181739043223,5.736860402164297,-1.419178092058793,-1.0330182216948582,0.9960748211122871,1.8776001427190008,-2.43267509918906,-0.11219500083659006,1
-0.5895346119398079,1.0712734589362385,-0.6460308328228046,0.8118153461289866,0.7436433952265737,-0.6133786726850206,-3.526795358343389,2.4861592781295574,1.2842039204890399,2.4429073707302997,0
3.5305987996349133,1.6432730380081566,0.20964899916102075,-5.379881334071385,0.9647466260277007,-0.004968397033919381,0.6406404190799764,-0.232038954179287,1.340682179273723,0.9932793358991066,1
-2.666478012606847,-6.0078040550245895,2.0274233851559957,6.394351722548681,-0.7308206208902884,-2.1927593414118918,2.694756502796198,1.7971801632057425,-2.836743881727897,-1.3191824789308466,1
2.10523130659607,1.6041421322591611,0.9712934794027097,-4.305783017015531,-2.060096876361529,1.4910492853599389,0.9494407689998716,-1.2733847199208808,2.109972490996169,1.8785773643726142,0
1.3973272127470557,-0.1826437871771997,-2.022372367030088,-0.8389032200494388,-0.2676106444449947,-0.31781377237988306,-1.1524640617069664,1.391303475581183,0.9654193667424256,1.4118333068466087,1
2.6452446101259355,3.1615415784246013,-0.014560083619176363,-3.963135490144731,2.7930575891459353,1.0262954656888101,-1.7988806487170348,1.7715710518034002,0.9593290771799945,1.516168751963868,0
1.6536120805991903,-1.4192372889774667,-2.182459383758874,2.9358352026439265,-0.344432594952239,2.6957149485202834,-1.3376110848163791,1.6680806746826253,-1.9950542416212116,-2.311399204347829,0
0.4128157236037804,0.711472896126065,-0.29440126648216086,-0.33453586522093426,0.25330029528684705,1.3175696912530726,-1.5515717282680326,2.660960724414326,1.2487285142076812,1.880105613787377,0
1.2156429731245775,-1.979167956845998,-0.11576283572598063,-0.21285445980293846,-2.8790492746149807,-1.0707787296753462,1.6897701269811995,-2.3271872098310538,-0.4048211438550299,-0.2687931329761626,0
-1.6244158704003335,-3.14561387944102,-0.22224677207175522,3.902193689675681,0.22977955679223183,-1.6810678377578,-0.49999769784623727,1.4042176603810077,-0.3530456549476112,-2.1176009981171475,1
-3.7587636602463874,-5.769165878603868,-2.38127812529829,6.962973058785658,-3.8911049339945265,0.7254102310929837,3.183306346392708,2.7537740810015108,-1.6227009499411627,1.62795101314831,1
1.4130335980847442,1.362368381232392,-0.4358222279452311,1.9356071072902028,-2.037649430843644,1.8364953656151948,-3.2796082832530713,-0.5765340246723772,-1.9775245290352372,1.5568959782668257,0
-0.5577456459443524,-0.2776520357160646,-0.6604028995476336,3.7148332533358457,-2.6266369678853616,1.5509665431419888,-0.8247656920770221,-0.020030522817956697,-3.003556276663107,2.7135724933548726,0
-2.4426348498989645,0.9578368320733665,-1.7206051319147262,1.5953111538241416,-2.405727580152403,2.0871678810186762,0.5207362477544,-1.0141602405677186,-0.20785862416834489,1.735463656766472,1
0.6751401382201498,-0.925184236617187,-1.9232937211127745,1.4128616095614286,0.3576191210920272,0.8539350592229519,-1.3054343886139743,3.119630575634119,-0.14697973737146897,0.9173505587810558,0
1.6343688050797067,1.9598904370186108,1.8742796536382518,-1.5087007365970804,-0.17859805933999395,1.2561872137088799,-1.9255185652368048,0.6633982118255626,0.461995994275033,1.993242552454841,0
3.034491157134654,0.27194554901435314,0.16903455486493113,-0.982061569948486,-3.405528855675139,3.880113163096014,0.6956448162326134,-1.8113592858433698,-0.8900934137196301,-0.6337097942714722,0
0.5377408094555308,0.7101837960313492,-0.9609660383210771,-2.3685819690043752,-2.003805383765019,0.30281883340068005,-0.5301806285840693,0.950961209653926,3.0235863881600884,3.521048256266048,0
-1.0369917974507752,-2.8153099968733155,0.4193891380413392,5.593403422443003,-1.846732296956258,2.0316159906587874,-1.461244245633805,3.4760788311696826,-1.2584525141306195,0.4437832932978161,0
2.9682797452814116,0.8777151657932395,-0.7610988183104346,0.8715218591077039,-2.0092488765093908,1.4527807826391013,-5.074271907174275,0.9767330775606902,0.2107044383540504,1.2370592797958169,0
1.6214233567005505,2.0094720836557483,-1.826101520216718,-3.1760180972508847,-2.1175019875818126,1.7014872294247176,-0.4294907131521387,-0.140040380171375,1.8783900678360776,3.45031022520317,0
2.3033792868918503,3.7762915627022644,-0.18345185387836582,-6.109639567378701,-0.8114570031253804,2.802595359104039,2.0673936636559747,-3.3067326436242985,1.2038511740537294,0.4464987459547849,1
-0.47903408144880544,-0.7852722540991142,-0.9655420561868867,-0.7875347586223155,-1.4888010447331776,-0.469374598688201,-0.6145130617813788,2.0480995685432495,3.3779473762104133,2.3447752826941732,0
-1.0448176306807118,-0.4613594254690889,-0.12652544129773519,0.516347997182209,-1.951728322219549,-1.284819309366649,0.030359920059255585,-2.1765259499287426,0.6741118411069094,-0.16011439591016385,1
-0.3485018705813345,-0.5041889498338159,-0.300612136575309,-0.46849276540306095,-3.3662178832019087,0.0064709133818048326,-0.3667552690879815,-0.9302997743821799,2.607178605407312,1.084747703947626,0
1.793178616837551,-5.307230548519335,0.40894276690095327,1.2045811329557303,-0.5463654995716616,-2.6801657044826737,1.5735390270855483,-0.27710241918712875,0.23083813050814306,-5.18824026231209,1
1.1825579558815364,0.1984054051939359,0.5638016995012187,-1.5978090632402597,-2.482716389969104,0.9069747582335334,-0.4915943008267415,-0.16619310206504712,2.076417921247521,1.430541406816363,1
0.2790055499246835,-1.1376810894782936,-0.8673671270789272,-0.034620341810499736,-1.1394738521064465,-0.3669680847001119,1.7004362007725513,-1.3867255025167884,-0.5826356562285564,-0.6644443130263696,1
2.6063399899102526,-3.2679156034701915,-0.1675200133299536,1.541952921365524,-0.8568795981523194,-1.8447468081699716,-0.16845744126359152,1.9143729153728422,-1.8699687956974436,1.4868448941401307,0
1.2081840090822198,-0.32708858561656035,0.7379727520802429,-3.7678376978367294,-0.7148589299289194,-2.441420746041912,3.0220515156524472,-1.9413645535902662,0.6827558395152435,1.9139580298511492,1
2.5856677420003322,1.700598107449275,-0.1140776434103487,-5.021356440140894,-0.677037338078999,-0.9456815110813224,-0.5584337616425905,-1.871521106782625,2.893237356398228,0.488863525411381,0
-0.4629106701287309,-4.000867896978791,-1.1272282991651237,5.520030934837483,-1.7640116135153758,1.4402545814867536,-1.254247357283792,3.4477675892229662,-0.7240748586134111,-1.3275964098961897,0
0.2157973992269676,0.10768920778235047,0.13075806893238537,-1.2042326296522166,0.5834105015399902,-1.285414512914946,-1.9465623355779729,2.9447373591239607,2.8032954720828958,2.655087390441092,0
0.3903752542256227,-2.239413541810984,-1.2228404254303467,0.5944941479942343,-2.5350473848437067,0.005370246019000935,-0.05212774356569694,1.2057977342132329,1.875831452266989,0.622682618538015,1
-2.270632805256576,-2.43327228422419,0.8345893681522774,3.5406460991390207,0.5010379054249885,-1.8127770156139063,1.7093801102702009,-0.1774499322030456,-2.397361842446422,-1.0603703174900352,1
-1.1362182007357227,-0.21009241635419135,0.5779987437344671,2.6999232514921125,-1.0998322708378538,1.2673759133012983,0.7403872733979784,-1.702511681791678,-2.665691833200274,-0.9793580975469682,0
2.0430088081457867,-3.565188950024466,0.6503793131768049,0.2974634163771928,-1.095855725821819,-1.6194460268518842,-0.3488874412081009,0.4765413861369209,1.6208284250702736,-3.2104849644442988,1
0.7196818271818342,5.612632978267812,-0.09113924262461215,-3.2349653038718227,-0.3887213583163728,3.1845015019185468,-2.273544691880521,-2.174820660423948,0.8074319275710706,1.8428432841959728,0
0.679863124978624,4.937811751674481,-1.6987983770722583,-3.2635671922436673,1.1730886230680686,1.6767959747640102,-0.6559009303501246,-2.590194257707055,-0.8001473013836339,1.2474334129498341,0
0.7108892795391775,3.344401172561343,0.35325300754767947,-2.8235927797135667,0.30147068857018144,-0.1421691073737279,-2.3324260664434453,-1.800331586578436,1.6114738381306561,0.6524499020909612,0
2.845160972802457,3.7280793114118422,-0.840713753121399,-4.499120577231954,1.156392482626543,0.5038731678767593,-1.6975308717827082,-1.6165685993705496,0.7462695723926438,0.5411444437452684,0
1.0586901626924037,0.4433293394039056,0.1039536101320018,4.569220954804492,-0.343612024678418,1.1641241298234406,-3.1114064137123716,1.8032346451233798,-5.298869767318672,3.6875760019498807,0
0.2665598848422315,0.7359700413311777,0.35889016101162935,2.116670620948027,-2.2294260310945377,1.7219318842966014,-2.5680176231257636,-0.9895868505713838,-0.8209814248976939,-0.013622864506231736,0
3.77088272255942,-3.263040400535527,-1.2249306376523077,2.565740708821509,-4.320072873034744,-1.7006783588385854,-3.3833420104086716,-0.7047743887279176,-0.8986527535154294,-0.03296587173742904,0
2.1386144252107693,0.8239922582324805,0.5779282260853302,-2.404778062148058,-0.22814378698039062,-1.5496157198190565,1.5390364099386966,-2.794745139838949,-2.140311330325347,1.5059944873082267,1
1.1318160247513067,0.538385387331407,0.796452387101133,-3.91712576055974,-2.47771018587935,1.841206692147322,2.493539921062184,-1.4347278596797879,2.6585076962447816,0.5697404396207524,1
-0.27569503392834127,-3.404952486400882,0.48465220376713575,3.5663183116045545,0.4072142354563433,-1.3121007086470902,-0.015176375572775402,2.7402179051612987,-1.512636562024711,-0.2182611500758126,1
2.395322382132527,0.765686393310716,0.0331261847123887,-2.97684894514977,0.9539316341899895,-0.2967985357469922,-0.37415918770005263,-1.1316687380045702,1.0756757953305809,-2.2008484819173315,0
2.809562119409268,3.947779980782916,0.5350778912858252,-2.9008958387135375,0.3433871283034391,1.177639482634076,-2.8891586508967277,-0.8713350061994071,-0.4087283956584806,2.4115969871670355,0
2.627941601024748,-0.6464387177443861,1.6985361077277807,0.8541358949006664,-2.119695394465359,-1.147099801024976,-1.2878062873817235,-1.6653712336185245,-2.5365750374843827,1.4206597130515364,0
-0.45900150111303084,-1.1573145345448301,1.2189684317314358,1.2111668411664875,-0.8968172189501793,-2.434582998714161,-1.2260662404889118,-0.5269353127371424,0.4360792547688227,0.23015914191933595,1
-1.0935519494002133,1.74391364923813,-1.3190245348493348,-3.549549317854523,1.8377894154434617,0.41779565193161927,5.051912891456638,-2.567262466504296,-0.7294294571008252,-0.5278678541063302,0
-0.2109538913458875,-0.32878030772326494,-0.740266424139329,2.1235210696036293,0.07522085404663392,1.6211638557920622,0.9940783576184329,1.527307739681698,-3.064742864747051,2.060005871129868,0
-0.6807959591040069,-4.936924572764653,-1.3433967896236871,4.472591271130102,0.40273555409450523,-2.8283561611078074,0.27214249687550607,1.518176891425989,-1.3713565080444141,-3.0486480342107654,1
-2.2895947525630476,-8.768510478176212,-0.2938012623669021,9.003868728291733,-0.5277457402186629,-2.5472852671105835,3.2214311672231704,4.652827756465583,-4.5919370611487285,-0.4873122741323642,1
1.7173178364769215,1.4463500838798267,-0.5753338188530707,-3.6357695924498286,0.12193933631888365,0.5125380537788049,1.2902328372904106,-0.8310311375977006,0.649271001437806,1.0955257017747753,1
-1.5327488739529564,1.3550523085181523,1.7520697995709342,2.8789365887544376,-0.5594883543514746,3.78511183983371,-0.8054943516790839,1.444568125369968,-1.9013772081981721,1.6129956049357186,0
1.9295891358705966,1.2499683071349883,-0.38602264228919986,1.5007077636769732,-1.4924136754637432,1.5640936508325702,-4.252149845536714,-0.015143414028393032,-0.895897086772401,0.5335784581264527,0
-1.3119918028290893,-0.065471091953233,0.010074066103018288,0.6601352440450318,-2.1122006587985975,1.192779842975125,1.3163044504281969,-0.0900600344807786,-0.0482837359560786,2.37680216685035,1
1.0277183009354764,-0.9036895237632362,0.3129803428883831,0.4920703386679447,-1.98347110291694,0.3308186121149771,-1.168328473586449,-0.9756281895406707,0.8832831474856448,-1.721823678199013,0
2.661665196527415,0.8221937904810694,-1.0342191806144139,-2.840592268628569,2.1526585946574928,-1.3041798823456472,1.4274644015481948,-0.9122368764004087,-2.1276064030453776,0.48118464405937156,0
-0.6217228386041777,-0.02473954207679585,-0.9158825671043479,0.174402494950551,-2.6456092250202845,1.053023302168139,2.0972262024720916,-1.902832136552857,-0.9374991266315382,1.599691078689672,1
-0.11883848930976648,-3.676866868394544,-0.9392077453702788,2.4108459628182177,-5.1211496143597595,2.288850890430733,1.8868385439940836,2.0481976250446583,0.7524009905114528,2.4162506295405235,0
-1.4757685216400298,-7.621211830947612,1.6607708574140039,6.799617526736056,-1.748971797790075,-1.9869484437749758,1.9623851654211926,2.896394178902784,-1.7639591017741578,-2.2324418397620605,1
-0.5882164263342169,-0.8266967392540281,0.6049148882755169,3.292928160184795,-1.6115681354371696,0.5051359853436199,-0.056785304797769665,-0.8982929335292708,-2.934283938849225,0.4729277725030727,0
0.8159706230800495,-1.584597724882313,0.6478782317197667,1.9085018778551666,0.06610510621423105,0.9160378691748496,-1.4247022193269663,2.7910870804776797,0.0014649531827941598,-0.5750466724274259,0
-0.7576804274944624,-1.9461349136309924,0.2573172913665644,2.4884478268695482,-2.071721959027527,1.1731029662552745,-0.5845978885162215,3.1988280037245396,0.8344253566533207,2.378614522056956,0
0.8190074696903678,-0.712371065885568,-0.11315173431103208,1.2735859094430728,-1.4352774951381198,1.3328414151941408,-1.0404110936052446,0.23408215854972225,-0.13407401068171687,-0.8637900041528397,0
1.1015649604385187,3.7900973663770468,-0.07949242236958863,-4.825107073269583,2.1703657209676774,1.4058296976903317,0.8113861748279099,-0.8314263144393923,0.8610042417693269,0.7655278827024103,0
1.6946550764455672,-2.9517008189149267,-0.41490023982058416,-0.6167161808929033,-1.4578419510993559,-0.3981709319377673,-0.24935299821248802,1.0305767660268912,3.162352075600685,-2.880091996058776,1
0.11223036675016662,-1.7104140433490544,1.0296524108395197,0.6218191219271526,-0.5643257705904515,-2.9308325921896774,-0.7275705059820385,0.3767067218538951,0.587204757202534,0.9656468966308334,1
2.936747550236202,0.6867785182744527,-0.5001672442797757,-1.8448121433295805,-0.07874941689902093,-0.38553580939110277,-0.7579902652911767,-0.8567116797187595,-0.8341452894938823,0.5580696334552493,0
0.7534219100246542,-1.9911161598911775,0.8460677117282689,0.6870911007958925,-2.764226186224912,0.30941908145825214,-0.3843339538945695,2.1395741177972094,1.4325808577489711,2.5651801237109915,0
-0.727087591087755,0.8189235895922451,0.7493042260710482,-2.180841593887334,-2.7143461186361075,0.6773406370190823,2.312897004627886,-3.097170504170311,1.4501865595111763,0.6625511154576661,1
0.697227650928726,-0.6646832675858434,-1.4461970802115134,2.7592077398092583,0.5974251323768323,-0.006757646475931356,-0.9153490177912775,1.380318021143506,-3.475702517818574,1.3555549477779083,0
0.11432287661740848,-0.937750778833277,0.5302746130755317,0.4859307380493578,-1.2333301828177379,-0.08520078842837409,1.6073706761817814,-0.8736729892733299,-1.2720429925680892,0.6191833484509002,1
-1.5389881490173543,-1.147775482279493,-0.5059790800926279,1.75162440771009,-2.8321473430480153,1.54107029311563,1.8329627812497735,-0.28622841629903584,-0.35270423511388604,1.275164934710853,1
1.3806288344602822,1.4969524414977442,0.3285064108308565,-1.4358205190163678,0.17670948703427025,1.0675664950440822,-1.5455671924519065,0.037535896172788186,0.7823844482533018,-0.08433860770054524,0
0.4489452108291748,-2.6375924706302314,1.0801210038058053,0.792420038729725,-2.7403195184593683,0.07415910146577864,0.21694249163800516,1.998086684849307,1.752253677834013,1.6066767240184894,0
0.04979786501930894,-1.665149033085807,0.7499298364748307,-2.354656817597353,-3.0470823535015694,0.10814737070626879,3.8001286880253295,-0.09592645394323052,2.1771097638866235,2.582867227986494,1
-1.3724352856790758,0.6587251104177572,-0.7759481827747975,1.83795180977382,-0.8157172594074104,2.092143538024672,0.32953511937502344,1.7645128277586513,-1.5452692238021508,3.7443266518767184,1
1.3875139784001116,3.7010609163307655,0.03809790604570054,-5.423343425648499,0.1051677706356815,-0.9303987047584255,-2.1444461749391035,-0.2660148323847513,3.8112826411457466,3.872999233413187,0
1.0673610978324497,-2.2680242528675505,-0.7788806735065258,0.7339968513352159,-0.11509516649230356,-1.7999052717875497,-0.39089501649549674,-0.5410080006755669,0.23308638236655077,-3.0353823079941367,1
-3.26454012045321,-1.8536130096769972,0.9243260608885991,5.254253967386716,0.7510102682783459,-1.4902712063282046,0.38931856669646525,0.7677854116469817,-3.216386072655518,0.27189751929458983,1
2.23694237362357,4.091038817923269,-0.05521790967287086,-6.196097959409323,-1.1668931955619244,1.1164657731147147,-0.6676154272777646,-2.635049218774988,3.1320302107695595,1.779486783623425,0
-3.275541433183447,-5.4227761212059535,-1.1731949293275592,6.257719128748213,-0.9522855111439074,-1.1767099007107595,2.123222162686259,2.5364461044501416,-1.5798861136821465,-1.0123259875191402,1
0.02414254669980076,0.4840983290475504,-0.4390456783031338,2.4134531383630495,-2.3609834809941885,1.463658472346792,-1.6137916633741782,-1.2902989371372553,-1.8027415637884037,0.6881024073917941,0
0.20032205444197193,2.6327639681414725,-0.02703217600793632,-1.9120409472838218,1.0734007535615837,2.4233902424686673,0.07365685104070008,0.9600388595915474,0.18133476704706575,1.7954777683575665,0
-1.4175278274056509,-1.4942651315955982,-0.6086517041739332,1.2896809944666168,-1.9669940992790296,0.3673855387547059,-0.5288738648408335,3.5809149148165718,2.4362511164976097,3.723726214201807,0
0.35239082874256855,-3.956136426168015,-0.6941174036451351,3.4080203194860257,1.1228715999955203,-3.2169105568005105,-0.8968919885470739,1.159579096725766,-1.2178484055528105,-3.255476197344353,1
-1.668029763949263,-4.003860504820383,0.19575409670465527,3.8878804817645234,-0.7054952526995437,-1.181181536809111,0.36371522100959097,1.3757840938321988,0.2921410016435322,-2.681084007246065,1
0.913852272209541,-1.1763881478044353,0.43038936222921303,4.496932867409344,-2.8330954625713565,1.8019239267509999,-4.554124430467498,2.664727423884079,-0.7134416263533432,1.7285608108488408,0
0.7993286869957821,2.60938394630067,0.045195679104027796,-3.2332146734252944,-0.8090018151539243,2.9806845252091243,2.4396000660145334,-0.8441069676965656,-0.44011397627150206,3.0184890655550256,1
0.898977995446004,-1.7374602780306978,-0.7300262748469055,2.0463374765155455,-0.10663167687513586,1.308407608767342,-0.8268519058364342,1.5230857247506826,-0.4842676501521157,-2.3785926888461213,0
2.323673012679083,1.0992473489743515,0.26142261190077065,-6.375003217497764,-2.266859821219688,2.0721703577372934,4.033228887951157,-2.510691414600014,2.864167313952853,0.24275069349064393,1
0.23764255836211046,-1.9643766041958803,1.0949222818024005,1.9042819359674301,-1.8342797203443644,1.117106959758631,-0.10768937847596982,0.7813355427275823,0.1578334939967232,-1.013867626916909,0
1.0929479684712917,1.4202151342199985,-0.7784709136737361,-3.172322433430722,-0.4687273236437053,1.0000439262932743,-0.14763789742224998,1.8143796438389397,2.4179973967010713,3.6095926666896587,0
2.5328162927497706,0.6323465571226325,-0.23375342001212782,-1.8202251421203155,-0.6669629285444495,1.5637416571951526,0.26532780879415685,-0.43980208603306825,-0.4307181895499288,0.1567353425553203,0
2.1197670240903204,-0.4557044635952581,0.2052381537895957,-2.985666004457747,-0.5738278493707341,-0.22051629065021183,0.8296441708122677,1.3418115793641263,1.8258806304634208,2.022272840713834,1
-0.5873695278229822,-5.125644365609912,-0.12604366786472296,2.2870139278599795,-2.773176312942099,0.313322035997897,3.0508598783042915,1.4777507566304167,1.0844434904669455,-1.8280426300963815,0
0.9223491653163519,4.785039756305015,-0.25177530416290167,-2.021997555188857,0.5454110578967031,1.2571685091084988,-1.150803189714813,-3.350027383688394,-2.4469685651829662,1.8038137584290042,0
-1.5662910767739096,-5.115526952874947,0.6645105611186066,5.778865184642121,-0.6937079249086877,-1.5997496678583487,-0.07886932889225617,2.906566365476457,-1.1382532987226075,-1.3562826904390657,1
0.15168613991503765,-2.327611541865599,1.401905528828877,2.6458531748225806,-3.415552941250896,3.3419680459626355,0.42780389842422584,2.2657718088337084,0.15287231864326767,0.7953597185822797,0
-0.8855469119867286,-5.433850642178762,-0.6219218623796416,4.689795146664899,-2.671851774926146,-0.24854812549321714,2.5205514327506586,2.159079045992916,-1.7311288403768441,0.3374128070924074,1
-1.0710702392171054,3.3087003199836094,0.43543992673092885,-0.10616816734003329,-0.7349091851500205,3.913875226036828,0.36050794429906874,-0.6168808177946395,-1.4483474793272881,2.5875613625970124,1
2.1513606012235367,1.7202070215377077,0.6988260716115383,-3.6245013577885032,0.8957757197984528,-0.18216525362332647,0.804765607853578,-0.9113298989524393,-0.14640889000288326,1.2359070150402776,1
0.901387636074058,2.9662430586331703,-0.13251772398110415,-3.0672303046682177,0.9500970708499996,-0.5366847456370221,-3.0976227094400164,1.7848267228990915,2.687482662373934,3.970712564247911,0
0.9875615094829364,2.2994665768522253,-0.385441721114373,-4.534949859712648,0.8253742352024,-1.296699922524331,-1.8048276924210338,2.609299685714796,4.0313388911007335,5.224727986793045,0
-1.8880791094687086,-0.630660870273848,0.39972390439894123,1.389605909540787,-2.0256069556284726,0.5060515594795449,1.8308037847131808,0.07280994249283435,-0.6667619651040726,2.909509833262331,1
-0.3641003673623756,-4.453987610574678,2.72200009345846,4.5925978243639,2.0147381125249675,-4.0967614170082465,-0.6568149843484135,1.0878312919052668,-2.3426534285521474,-3.8728112415773017,1
2.8436301795225445,2.3892467911360336,-1.0872833501943513,-3.1425786614891047,0.2808594830890867,1.9169502518770822,-0.9716984474961347,-0.3481799298546897,0.33664795340564,0.45405893942893716,0
-1.121873928335326,-3.2885018261801076,1.5392502682606957,3.4846323402362196,1.5228105874157847,-2.24843583390384,1.0978341751856409,1.6824234216263623,-2.246315923841143,-1.1873493611176933,1
-1.1167762658935763,0.8083606259723739,-1.3453163810344513,1.174886181305862,-1.6105790967965405,1.462029782791463,-0.9900056358193292,-0.5704746055475662,0.324889097539813,0.47420354747732785,1
4.187516267405315,2.1779739132696725,0.3026841857908549,-5.663215089134286,0.6658888815283506,1.7045861782803626,-0.4638889340922647,0.47298092524669166,2.315449568420566,0.32558489878384866,1
-0.8988429785138989,-1.5834692889342694,-0.6911840706855457,3.093654735190579,-0.7945962245284139,0.45502361116317,-1.4921880132465557,2.7819116749992494,0.08088697583128535,1.103745641740649,0
0.38795889821030627,0.9361088219719197,-0.7549707325688033,-0.841091513705336,-1.9120937276044834,0.2988824219721009,0.8799928523165907,-2.8145489568168642,-0.9082368611276571,0.933814529722375,0
1.4662608502647974,-1.6224157068704015,-0.2759394224963439,3.5504142926118556,-1.9718340070448765,0.8047325239971495,-2.4753709625349734,1.5244594758970837,-2.028050424512966,1.0484404750489587,0
3.487027956083302,1.6323275767435725,0.45005063750665686,-5.12446144821276,0.06761225397333837,0.625255221146439,-0.49035526053974743,-0.949294731383496,2.6642538557577917,-0.9532945800332804,1
0.6719471210974096,3.962071095325557,-0.1559030830304772,-1.0391660127867643,-1.1105981418300441,1.7442197207111925,-1.876073261914192,-3.0832916834395383,-1.4243078002802376,1.6470316544900703,0
3.215222378859971,1.8767614843688158,-0.9969521204229594,-1.5090806248379576,-0.708013084738172,0.05234614141216387,-1.9455023461481922,-1.5031372719601053,-1.7436180023731485,1.9008358966693129,0
-0.6097082815242141,0.1846835695258475,1.3951837087813734,3.8189955607545247,-2.991458893504402,2.2617291984229437,-1.7005400664464383,-0.42999696120157094,-2.380481207654036,1.7450402862886913,0
0.3909285962029685,-4.097724729673321,0.801811716526057,4.008194400974166,1.2810582983187535,-2.6976332891161072,-0.47677047882033063,2.4850535620022365,-2.3161426119642607,-1.4288428207499677,1
4.163956142831773,-1.8759144864423045,-0.7036343690547946,-5.089107961582565,-0.9589133190357901,-3.1703903948898917,-0.06908351933782897,-1.247708129325936,4.379163568081865,-2.4535319406277885,1
2.85562373510061,4.061219023094524,-0.6767911728274771,-3.7688810074596177,0.15477826659455407,1.4782773458959568,-2.334440320668491,-1.4726639515188313,0.3633088918131182,1.5578733791387747,0
1.0808264293897063,3.661161119957085,0.10329197385978922,0.4811464329982965,-0.5873305814998989,2.707080983245767,-3.514690037141821,-0.39992723594808366,-1.8561076966568109,2.5711006356985884,0
0.38124433736518504,-5.555040959664408,0.880880532462236,3.613678970754045,-1.787596286356751,-1.453403613683072,1.1507564384365234,1.9317547503916475,-0.5296878177028715,-1.651777671551808,1
-0.8608025949386803,-4.537407406209737,0.6754466403604793,4.053483653063913,-0.005697640627131961,-2.1076796940672686,1.3628670421896436,0.9802690682343274,-1.8026878236809574,-2.456723563988769,1
1.5885376572843382,2.093336202775641,-0.7353098131850854,-3.0058715319668807,1.341499587637772,0.05502834228006703,-1.28468985366908,-0.6218536627518929,1.3735778912784513,-0.761670430597795,0
0.7663810381909736,5.447954102352424,1.1407454617753499,-2.339390943850985,0.4425962949095139,1.8565610514981246,-0.9794663844129418,-3.5600010758969485,-2.5324689442193336,2.290556667721547,0
-2.6688345131431,3.3816267728290246,-0.7720020403824981,-2.0529958654315843,1.2181248404746956,2.208109161995245,3.5710305640308935,-3.3965756691261304,-0.8823543602315028,-0.9096991038465934,0
-1.4131570390755672,1.8192930312298399,0.38414533541679635,2.5676124031594494,-2.098781510611668,3.059858965889799,-1.0774990917428098,-1.1689009303002342,-1.9796897468439179,1.4341251022226635,0
1.13115735519285,2.9070469108034835,0.09615678998629515,-4.035665793718174,-1.6359553401806048,3.063778802979068,1.3348406870738982,-2.6261857230475014,1.4520466532722638,0.22765895087086085,1
-0.4598882412711216,2.855416475209596,-0.984848643997843,-1.6857353418319247,-0.5970680342223819,2.608739494569708,2.1211227789137412,-0.9292073844118159,-1.5965641296342783,3.813906756701771,1
0.6471563211987912,2.8006530383374306,-0.24432984401248906,-0.7441069841149818,1.3628509955004016,1.1421590962951653,-3.0929989212092157,0.9284373726285128,0.33857074132326703,1.0102391968279332,0
-1.2804079848527663,-2.718118578116759,-0.36141930126207383,7.786613641311306,-5.010656209591042,1.7479284988911594,-3.386303585166902,0.6360133725633443,-2.232599860028131,0.6072748498045247,0
-1.815865756290254,1.215975793067141,-0.41315922614488004,-0.18460008922782953,-2.9267895867592304,3.541897670808554,2.5167457075068698,-0.8602493380130282,0.11641669088252726,2.6701584043256474,1
2.58802065454822,-6.679562392196297,-0.08558745436221483,3.70640547686869,-0.24467743874299042,-4.576055609329503,0.528499960503888,-0.07952787067471023,-2.686153984540766,-4.69801617555731,1
-0.56048409098639,-4.473835668718037,-0.48170030101762323,4.369590646154092,-0.6896136699290007,-2.0366931824912093,0.4180541833218778,1.1679993287855648,-1.6421456500031142,-1.7714097253288297,1
-1.205553458404883,2.2718853257706364,1.638629559190881,0.2770030053065368,-1.0023183337967854,1.9632424934668233,0.06793894719578841,-1.9450799134002572,-1.0310973797025746,0.8880292380996536,1
-0.37359803182334894,-1.0562113427186919,0.5007640352981665,1.8341370640036925,-1.1907898075323957,0.3877403276756922,-2.0472076158309385,3.1418324425346245,1.3297143466140124,2.297887549470037,0
0.7662293512420274,3.550864947906054,-0.5719804747663928,-1.3235166094891824,-0.02695541990636685,2.550351225130818,-1.8513346876199899,-0.530061978706414,-0.36835635381800935,1.750488618570094,0
3.061104563440295,0.09492422524719246,1.0036579343720606,-6.040118255709208,-1.9351017298176325,0.8064016535213927,2.602601611272487,-1.314174569263757,3.6645717632128085,-0.06583539120404458,1
1.4648003432467909,4.100909119627681,1.2568636594468583,-6.954920286777515,1.6644618439742693,0.5620736308009276,2.927900957471565,-2.8475388922127935,0.8272094520675759,1.3211924945233529,0
0.7771708992761241,0.4447330425609157,0.9917502361421581,0.19075040283946357,-0.9683213348955516,-1.2995817227513078,0.10491752808512833,-3.738029652274431,-2.335576863283368,-0.687085003282367,1
1.2107279427840552,0.8300558731473876,1.166986698025061,0.5029866288614431,-2.4124630228863455,1.9195763027624002,-2.1560077892889047,-0.6202306280222958,0.1451109326424025,0.5620274321122285,0
0.3717901626992004,1.7360915761776416,1.061705192888064,-2.556541435989926,-0.283692395092919,1.010250969836341,0.2836460757614647,-1.4959583114921369,1.5572655889520992,-0.5616569891334129,0
0.08953533389158808,-4.259006744297941,0.8170665367316424,5.273601988904788,-5.063068966437233,1.0103866819934595,-1.3389141245479088,0.8593951172961733,-0.34014942922952107,-0.5653958043917864,0
2.8878690141201586,0.948273501285114,-0.20370308267240372,-1.139171404465068,0.5533486270224612,1.8378965114218917,-1.2749289925977214,0.47193221217323067,-0.7181401423234375,-0.8346521032939394,0
1.6349912793771941,2.621003511869871,-0.7401926362628996,-2.7645960363945448,0.2013015412191579,0.1343296374370916,0.1901727502845385,-2.74639719771535,-1.159081562906638,0.8298260352527749,1
-1.1239603623119292,-1.0810319403802382,0.6882170523873422,0.48607547425461395,-1.486720703678011,-1.6656662439533934,1.376826405588628,-0.7112613375835302,-0.10760178880844018,2.013765833466474,1
-0.993740304965736,-2.4223478746780476,0.7482191151802536,2.90852768339028,0.542163904657831,-1.702174831254997,0.15536123045774397,0.5353432612456284,-1.2229452650726964,-1.6957803358386248,1
0.5505367465524162,0.6571755633981136,0.02841512684456848,0.3708200259559996,-2.0892596825837852,1.495410885309064,-1.3555208412393702,-0.5346059296583165,0.27123581940912156,0.8024512138666794,0
0.2865640588405448,-0.08032670214178275,-0.6154791704055079,1.979452324683016,0.9153683164021524,0.9827209063140191,-2.669586308002403,3.0368610478200857,-0.24040402918695825,0.4914391117697695,0
1.4098670472343473,-2.9786190316530408,0.436604378573489,0.440624159997518,-1.2375905412090906,-1.1794736225208342,0.8029345100503904,-0.3929758108084094,0.3633029669503167,-2.4080475098135175,1
-1.8119362280299711,-3.1832545658715006,0.44227363070019904,3.6306991333900274,-2.687900467047374,0.11437105012178872,1.6685880001771107,0.6391860227944854,-0.8253591676940835,0.5951570946191904,1
1.30238400026157,0.6508854933926608,-1.046293061019234,-2.3216605492255575,-0.3555868593974131,-0.3193392693405199,-1.0382547895572616,0.3367327023952579,2.2468777309521624,0.7986554149316549,0
-1.4740843232081193,-3.668215972851114,-1.4730518882601773,3.102426628933967,-2.1221406967437755,-0.16909519462574718,1.7490694710011452,0.4171085762251585,0.018086665319793083,-1.5517671386964778,1
0.15400075474368347,-0.6437917734567675,-0.07322632487386727,1.5006992309583556,-1.3197414474170914,0.43137358571579487,-1.8501746596612803,0.30273342155168437,0.6296476797304328,-0.7128590982708685,0
-0.2771578012369431,0.9774840449534289,0.4556477299331832,-1.2802968171086448,-1.3575702372976373,0.7756801856794228,0.9360435057234044,-1.223478504107353,0.5841602888922096,1.3021392667264293,1
0.992175052705303,-2.289970453798598,1.2187799076190962,-0.04862578720321221,-3.9275618899412508,1.9843799293541466,1.6266283078163877,0.9853231705605099,1.5351602693843087,1.2787207226454214,0
-0.2683037273431441,0.6796098233837717,0.46210166145346804,1.5930521044678034,-0.2292808546343137,0.6773472711131965,-2.3519578934062513,1.106649901868693,-0.2994332083762319,1.1694005821733402,1
-1.394837947833433,-2.462973885605262,-0.9266958584107264,2.1465114753678907,-1.4542014942125376,0.23748827224118352,2.343305987916515,-0.11921751188664209,-0.6810243969337405,-0.9239509707238747,1
1.9623617226438923,-1.1073849741278237,0.7646303613197197,-4.366647997948881,-1.743288658918766,-0.42150423539411785,3.5077173251071394,-0.4800581344369401,2.2977167822484423,1.4568662266946588,1
1.2647044450811298,2.2108548769940843,-0.1516513506796982,-2.420996536606551,-1.9258853797445614,0.8260118767847415,-0.672976834578128,-2.526784858684631,0.7595498867224071,1.2532024953701266,0
0.145947746849434,2.2184818269053386,0.7466923436470014,-1.173006591569915,-0.07313242809533826,1.8711429767452685,-0.028005081713353253,-0.4291240335924018,-0.3597845650598668,1.4818501909570654,1
0.6913761578901825,1.0075978690283889,-1.6916548995665759,-2.5799029521060906,-1.593060836710832,0.021881736515065753,1.4655886701236982,-3.7731312281001492,0.6624287744749833,-1.0520793584919468,1
0.3734929601032717,1.6920527079953653,-0.26289073698394533,-2.5545597595075544,-1.0138516408838036,1.9001784163044682,1.8242225510873435,-0.7619946606189728,0.3955786683176403,2.1864341998868264,1
0.6784214987258654,1.856029128368534,0.2388545464865143,-3.8180427533759502,0.27002698226927135,-1.4225724695546247,-1.985010868226437,1.4432977509035472,4.108762828432223,3.4199525257267127,0
-0.8335666329836133,-1.8089303386257527,0.7841441732480867,3.7806345597231963,-1.6149494135315705,-0.20576036296368883,0.7273383483824452,-0.44517176576309525,-3.302739971321255,0.9151886301508942,0
3.1951758795574046,4.227560620338855,-0.1830316598419254,-7.7423291717463245,0.7153373024999639,-0.9543465694201052,2.1232383726107122,-5.480273380442906,0.17735694976098304,0.5513371701411205,0
0.39522595642912317,-1.1415068979592493,0.37390798546464543,-1.6767194914817505,-1.6264687747000548,-1.3934369274045442,1.7047289101692238,-0.5685012170712168,1.3977271040272656,1.480688051507969,1
-0.6508048964794555,-6.031061440406581,0.8881681309154673,5.091051255850526,0.23006398143168738,-3.703563470573438,0.007167069798549086,1.5509287588703289,-1.0248165530441666,-4.062309044896451,1
0.8739326481769991,-0.11940093631556065,0.14800016819292877,1.495440815252643,-1.1608134251134774,2.0330498749053634,-1.818256221179181,0.8226588579655614,-0.22870188599252472,-0.5426149184880422,0
-0.8906278951803173,0.14388504978057434,-0.4167817884178211,3.386161840968228,-1.088857940965091,1.3496863577413447,-0.30560961394550634,-0.48689456577109136,-3.4312040212977157,1.2006950449584421,0
0.11025569562605697,-0.5680538143501578,1.137161236058344,-1.4951377024844634,-3.301365723869456,0.753728365626343,0.41502475690156415,-1.5252714402845466,3.3339728133170707,-0.8005165586276382,1
0.7506014233672359,2.5349123039805184,-0.35609038191998454,-1.4960302818134368,-1.017834072144943,1.0435458773376607,-0.002503002557428191,-3.4536711256156685,-1.2045418094897262,0.23028639359224445,0
1.2100359982767217,-0.4646701694487049,1.3915089553964086,0.7614033114791003,1.654731584821815,-3.4554623370840103,-0.770938786109868,-2.727344492237193,-2.913773313263957,-2.471754344095422,1
-0.5847689269283556,-2.4107182839459638,-0.16767956644060616,2.33579571139501,-1.69704159758259,-0.0507816717577787,-1.2046237567226796,3.1753088873850794,1.54827305760569,1.5779587799844914,0
-3.906009753150281,-2.4399820430327743,-0.4742071914242323,5.604055983741269,-0.9613961798502009,-0.3399724746031194,2.5010874612666427,0.5979771330378243,-3.7765676636416647,1.828974192328296,1
2.4432628188333236,1.7510741620373416,-0.27587376532129876,-1.295032425113869,0.024635313823511806,0.8779757502417294,-1.4772482996908747,0.35801101967340565,-1.2463008562032165,2.50492748957645,0
0.8348498833069666,0.4680470483393202,1.7951826891409621,-0.7235160930102881,-1.4869200085628638,0.7304751841026739,-1.1042134944478137,-0.32447778461347476,1.2260570063917176,0.41973932623998134,0
1.265249801943106,0.5980097029647649,-0.6365670212220248,2.00487237520825,-3.3366420478023113,0.8609071652852149,-2.239983951328872,-1.9268474556847135,-2.2972617097458095,1.9981544900958257,0
0.18428365507462752,0.9496114652497287,1.128613674402964,0.5872479189154166,-1.179500479489188,0.6609719372691519,0.2280693456882783,-1.7572905446138816,-2.198215133600981,1.3431359702995476,0
-0.38230091676319944,2.8722874497594826,-0.9194239620556831,-1.4996654238415605,-1.5064408014934023,1.6775651329901318,0.20374815299063354,-3.5969071159924333,-0.1600374155540123,0.15135359865718467,0
1.3153089916914953,-0.32752932898954795,0.68459375352188,-5.2941220704878305,-3.265545478392433,1.1609446417577098,4.824292479284247,-2.1988267264524923,3.0606111718826625,1.0713540717201553,1
0.11279963254134584,1.5122333532102645,0.3008418923161398,-1.9006802981987247,-0.8404857485810264,-0.3323031233912457,-1.9451654191675352,0.31642497363665933,2.8434977219649253,2.1384877553005497,0
-1.4314948582082236,-5.755714383699842,-0.897777797795955,5.654106658294416,-1.193029616174102,-1.4546522285734738,1.133200997111445,3.123289812376793,-1.4394466523721436,-0.6512285145296532,1
2.6329668353640474,-0.3533835416182198,0.6334967040864007,1.4316682129561047,-3.0326162911683188,0.7860404554703055,-2.6428231572171095,-0.332911609131435,-1.420402216090206,1.7029816508971958,0
-0.4347652684814687,-2.4814720074736005,0.8469606592638066,1.7541078804688044,-1.3716528425361352,-0.33844149316692507,0.05101600169859133,0.9284064234641115,0.9740886774653934,-1.0976500371590323,1
-1.6772733734432563,-3.6644122181393235,0.8294990484533449,3.4756195359595643,-1.3604144034288728,-1.1503329592736868,1.2378804939198322,0.5694545846065676,-0.34491380099707203,-1.4617281074682502,1
0.9766332216531145,3.666833992743615,0.7949389289756393,-3.480079821679146,0.2240612184781139,1.3382071665286668,-0.2160256124642006,-3.1265519036564817,0.4020443988108209,-0.4203738662768548,0
4.683094322110411,3.1348990719865686,-1.1592984381428082,-6.032766361804034,2.1524920742484563,-2.2377374947461885,-0.09711919512277978,-2.9051082741765537,-1.3219968500558992,1.335568512483682,0
-0.5170617758454897,-2.641805893504975,0.007038140077805655,3.2549087165007418,0.1832265190373934,-2.0144530464972883,-0.8214960605227126,0.2945948523811094,-1.094058416535006,-2.237950097531562,1
3.5497575639271397,-3.5943762977620755,0.09354072099349824,2.139429593707539,-1.5591739694546718,-2.1621381761747624,-0.94877793284168,1.065342655312628,-2.713784302603872,0.9951507758673969,0
0.7597260321581641,2.797119764912059,-0.3999352742969727,-3.2603999314110426,-0.663723591469666,2.9486866825443414,1.7455774633256826,-1.0586573657036003,0.13416597587319623,2.0878031143274205,1
-0.8058620370616125,-5.65719498647098,-0.9267867332962766,4.289779826153334,-1.6497143669942278,-1.165104766263538,1.2965199901537017,2.305370257243865,-0.09156747109791674,-1.9876734281775892,1
2.7642623898094314,0.9811395649745134,-0.44912997550759676,-0.9901116425501222,0.6062155273714513,-0.50492285880729,-1.2168433548886326,-0.2148831850766103,-2.0538582251225583,1.5495559241767034,0
0.9464498814855186,1.6414620223326273,0.1447197979977875,-1.039638494320733,-0.2453373545120816,0.770780305822628,-0.49972840054299317,-1.528816121228398,-0.7015497961217103,0.17120917185875884,0
2.320071622071599,4.142684702369376,0.4447505307814653,-5.244202197081094,-0.16011339768301625,3.7844823067107187,0.7420771063643997,-1.953553636229872,1.1014722864694297,0.3009631759821253,1
0.9964676786242643,2.6395188571598256,1.4179894827678983,-4.372418450928002,-0.8157449430127851,0.12219952138156776,1.5699212485882543,-4.603990968931316,0.8342371295214919,-0.6902441277166027,1
-1.7125583930027606,-1.8617541505683264,-0.8404859714511935,5.963593040583781,-2.335734726449439,2.2493366442918514,-2.3778476203237715,2.4040304906686494,-1.1440965108555452,0.3215438073783907,0
1.0861020117861326,2.4491950981104504,-0.09628558153525175,-3.33168247821153,-1.1886197549326056,1.3304773408898076,-0.3797143864856113,-1.924884190396559,1.9426224601599849,0.4639520994445756,0
1.9068843616100728,0.7759654533965633,0.9032306211273866,0.2143764433579444,-0.5874388438762421,0.26520792070430865,-1.6388137517274504,-1.0080372069314478,-1.6811649257878325,0.352072804959217,0
2.501788780385814,-0.7723025619350378,-1.1307583561440129,0.5689583538143135,-1.5040738996827034,3.7173199667560204,0.4999253256127614,1.3096226357538812,-1.4928654902206708,-0.1838127608673954,0
2.1792445984103246,-4.548276994875231,-0.7054621137373859,0.2543036907965774,-2.1477458271802528,-1.2692752085507768,0.8691348011043369,0.30402954551583095,1.8235121523306073,-3.4031382997499113,1
-3.5871095738516288,-3.3516719481982875,0.1274285460388784,4.629916935659753,-1.5390665466264843,0.45694764137639665,2.777441608464109,1.839690403027007,-1.2625101015152873,0.8945132925381072,1
1.0427640578331998,1.2272480396562295,-1.2262597531785975,-4.338229757813879,-2.795769185277928,1.5265658121858223,2.020340122669864,-3.5606317834082564,2.9922952822393363,-1.1300425583774723,0
0.672191880847111,-2.468799461874767,-0.11656215519923845,-0.9086595725654825,-3.0103024626599386,-0.2672852140248645,0.5310871629278346,1.6467082445724688,3.5072421154427773,1.438423327575531,0
-0.8068694809357666,0.7693184289974545,-0.9419095278652909,-0.21851906952456446,-0.6836602246277348,0.7702990354043955,2.26639911202783,0.2518108504605543,-1.78758834150642,4.31369810646137,1
1.7162639080756377,4.165637839992843,0.4160815193483018,-3.619817542736697,1.0709832244743285,3.2126701898196846,0.6353956016624548,-0.2778765820404283,-1.1718541491564385,2.883790675729773,1
2.9555962070412996,-0.35171577765624595,0.21284816860377934,0.7403184891462864,0.0298946457532967,-1.4028822451736898,-1.0804653367697974,-0.795277147778026,-3.7389153150715946,1.139872436183104,0
3.2003955362034553,-0.005884760559743085,0.4160798614452137,-1.924694703397612,-1.928257404866005,2.310605704647943,0.7725909677803269,-1.0469919910392393,-0.22874271894972864,-0.6638457682724479,0
1.6272753702191318,-2.2556113728279867,-1.1080213621838009,-2.964032254906509,-3.3238097497595094,-1.1540330938364889,0.8453791284883803,-1.3044440335859224,4.75857942123333,-1.7049766302676095,1
0.11625992268102625,1.7153531979135173,-0.5679138104878273,1.843292274246884,-1.7662194407913585,1.4518495981706583,-1.1952971973694262,-1.867199640198608,-3.1801115013606864,2.150614681288127,0
1.2055260929119835,-0.6917903324970852,-0.574281877100275,1.248497571859463,-0.7866381498926669,1.6697817305912475,-0.9675085187020441,1.0408919794786813,-0.59748308659956,-0.6337907478190434,0
0.21711696860770968,0.7093894929358601,0.13898450854115516,-0.641439726233167,0.7038213072423987,-0.13874117754254223,-2.3393185934606393,1.985181497462702,2.111762339072552,0.8568521506819139,0
-0.404690563000073,3.5103507766920305,0.2677200982785203,0.43082985987539457,-2.8921598984124968,2.964740284732038,-2.609718414933673,-2.856901188806531,-0.31241283934033803,1.354838390401265,0
-0.817604704615601,0.4464116123889571,-0.31378070423789584,2.161189209316161,-0.4196316558569385,1.6513584274538102,0.5679542157776298,0.23093180040380434,-2.8713914888398437,1.7642198277304595,0
-1.2704149294148528,3.5023924888365263,1.2788150442795534,-0.5742801207277713,-0.04262620715890264,3.7686247074478496,-0.7831157275519314,-0.7237814173517061,0.3998430320459274,0.15816178160852412,1
-0.8870443623982787,-3.3243043926302827,0.19336141561926623,2.7024955894618494,-2.031105689885175,0.04721855418975185,1.6759233602541552,1.312923671759949,-0.3889247730869011,0.2761639397837323,1
3.7084957559904614,0.961161302540793,-1.0169504832530614,-4.288855174283095,0.9777670875092619,-0.3492232794360617,-1.0900446515717634,0.7738990446963341,1.982673935236644,0.2572045736698335,1
0.05110611415861921,-0.3606198650315875,0.08595166062806185,0.2328854723405689,-0.42922715487049967,0.7094391984457538,-1.1259821193807822,2.5921699220681935,1.5454162028088883,1.6648469579971592,0
1.708465515102037,3.9972838534451602,-0.059799262028206124,-5.968246469748631,2.6819550548165982,-2.920854746329014,-3.4878382398073935,0.3980277265322514,4.110943390756551,2.84320835509435,0
-0.6724847292738818,-1.774988926442008,-0.32485075912976646,2.852086872880399,-2.0206784429155107,1.7780810372024414,-0.7616617116157163,2.682912520380204,0.4311966822839517,1.2107887175044456,0
2.1495579004483405,3.981724244051685,1.284926999680931,-5.4519488317029605,-0.43876273451420766,-0.18527809981080479,-1.7605619863849942,-3.2075603855396952,2.708276967743087,0.6219739968405089,0
2.7479163363197365,-0.2912854660602653,0.6950759827043788,-1.4154356720959123,-0.2950425591356187,-1.1964257006989025,0.32150264206592993,-1.5515974143167415,-1.4762148425194659,-0.0051331308425228706,0
-0.3765129792347628,2.7137069186316705,-0.15010670952468677,-0.3392520794123248,-0.41664262663640705,1.5682839085188132,-1.2678779656857664,-1.8955891379955174,-0.43897980765549116,0.19853792549662186,1
1.8499489128782995,1.4400726338850491,0.2813498930989341,-0.39793671770532246,-1.5096435965629693,0.7882445861570013,-1.7885217424914153,-1.317693394605079,-1.0263376686196806,1.4187281877802707,0
0.9593219311125163,3.805893108069263,0.5279860005548361,-1.190545668424211,0.9761963854129354,1.947927491813651,-1.6942944779558178,-1.2210768046044989,-1.6866391169205628,1.1310543041135934,0
2.2358915498000003,2.861367975944625,0.0385067342796963,-7.033875051963426,2.131598730467251,-1.4931228672099532,-0.6602101172086294,1.5876933409526557,4.35576500045757,3.5042321464813404,0
-0.10066709460506695,-1.4411898440776543,0.6075467236359323,0.33042583055861474,-0.43294778270034107,0.9389908337335422,1.5827255480493863,1.3274011514857493,0.28242119493896367,-0.12968916874488623,0
-1.6844141144163443,-2.0375091247954655,-0.0184139138487231,3.1280562000108727,-1.472039739225187,1.2749022954952558,1.1068795106654061,1.3499577969067338,-0.7009784055356227,0.17100959598349164,0
-2.8110199267630414,-3.6254397941199343,2.4194001564768643,3.079523599737225,-4.9463653572498245,2.3475680187953656,4.384031807004958,0.43701133025455563,0.21980154523166662,1.4422963064733345,1
2.085233148617552,-2.8194703646293786,-0.04637907526441867,-0.568770095238743,-1.2368532131383967,-1.0012756220422292,1.0098711425808837,-0.8827988420354256,0.8386604074136579,-3.188304274662912,1
-0.33425913213310277,2.5615406849331888,-1.4991545298994322,-2.9072913619892624,-2.1162009682964635,3.6927174758389367,3.0032284168072025,-1.5404435883368435,0.3553120685079749,2.8905058808695987,1
1.0658176954255674,1.55477938880435,-0.9074689430425155,-2.087573935516601,1.2635489976368222,-0.4347003753966556,-2.050325855975608,0.9434197398775819,1.7883198803528961,0.6556017759615205,0
1.2796102182018294,2.2914052142963994,-2.0823657900540864,-3.5586329063720674,-1.7809888152962907,2.2246868004337212,-0.29300973695052424,-3.5677511238932036,2.780748402760086,-2.9145518973007323,1
2.920213614855191,5.22321059520785,1.3636304077042072,-7.5009154325505225,1.6500708305241605,0.8138601631945519,-0.4699310935216692,-1.7430388882552177,2.1863686166945877,1.9670631341688791,0
-1.6816945358220585,-2.045292648238731,1.4899060819500585,3.1178928805257144,-1.7031325098244525,0.006514668940423407,0.3891022603699268,0.4233688950490758,-0.4560795518754862,-0.05281351394822964,1
-2.0557410091883206,0.924654307524886,0.4112890045259721,-0.3269381812282599,-2.639371482358592,1.763156707782774,3.3396966259702086,-2.3398013576497716,-0.6975316120709274,2.419752306894984,1
2.900723117512353,2.0959811921201252,-1.1563841896172586,-4.188672292689614,-1.8991731796862439,-0.35241021276261586,-1.2115524252529524,-3.9125096041002623,1.8564701586503691,-0.6583365506962244,0
-0.9659424434629165,-5.071099662412308,-1.352724111809922,6.292901274702462,-3.181262777858345,-0.05038107908174583,-1.6263745374999243,2.53977888660139,-0.05001509381840319,-1.424988170410641,0
4.217635521418686,5.634470540127642,-1.2128316109589588,-7.042453526118786,1.3962931953704518,2.3461660691869364,-0.8691666632153252,-3.171525832446604,0.6210137419440718,-0.273865343460604,0
-0.4421631126008214,4.085694725663562,0.38705466463016064,1.0409834615264886,0.16403475867050488,3.551266499663348,-2.9452154139705318,-0.1764586044919203,-1.7836382201734216,1.8356686818964758,0
-1.261932596848093,-4.191304639116742,1.0640875612646588,2.996206480504953,-2.4885433622320012,0.24690087348065415,3.1015853989665696,1.3099861961757553,-0.633226215182944,0.18520866367982625,1
-0.6401882875950526,0.08718573805034373,0.9821463674254431,1.2243347458368947,-1.7580613965161156,-0.1639447966827221,-2.5580060914886986,-1.515341669007681,1.632342400904038,-1.8836892697291296,0
-0.9130798720589262,-0.5689382949726428,-0.4305919719940252,0.9420509388187542,-0.9217816747686588,-0.1432995059929839,1.776325704737941,-1.4269086520316123,-1.4862006915302084,0.2052643854165459,0
-2.5278728448028174,-4.497541129913878,0.9301662288815993,4.832760071542987,-0.7114473262288388,-1.8484133955600583,2.512241764385447,0.5800347417508271,-2.1465554384521717,-1.383007911811134,1
1.6387051725626547,0.25607207588542485,0.718753662890496,-2.5246869681110966,0.13393247917507112,-1.1740562841111966,0.022858052774244686,-0.3655354782868818,1.1212462286614284,0.5328838025289762,1
1.8138681914170702,0.3635670425312045,-0.5645164696500872,-3.177012939996574,-0.7222619893216351,0.3463217079587362,1.0832019968938797,0.1252118720083133,1.4545708071117545,1.5308002889752483,1
5.110774651907039,1.6367410597141476,0.9714708022217614,-10.33520187950006,-0.8262407949313448,1.904292113229537,5.315073435603666,-1.2149142621969098,3.442910424977058,1.8659166435762595,1
-0.31797309394736084,-6.3933897289907105,0.4940334307362432,5.688955331847764,-2.4129551977257613,-2.4843328425528535,1.1267175634982851,0.8786457516271038,-2.2392341350331892,-1.7939145393566909,1
-2.1634018394337695,-5.589761969204977,-0.5789217226249154,5.860718360140107,-0.926157322307596,-0.7679669337855454,1.7508634833035899,3.765872854124949,-1.508411843063814,-0.1470883024712354,1
2.559436578571293,-0.2608388856790765,0.9655099200936897,-4.895542285021965,-1.1070398257984966,-1.0065744251556996,1.756588873072313,-1.34234662539679,2.874460277707798,-0.04058749974054776,1
-3.556500841108784,-1.3249956516849237,0.08113172128985101,3.4379843808397528,-2.537675039265573,1.7621997875279676,1.4168082064993568,1.0313517371953964,0.08519501076539648,1.7244021465604327,1
-2.1117041264144865,0.8301531253943168,1.2939343070874951,1.6838853002599312,-1.487026519828994,0.5050518260820062,0.25465423618893446,-1.106965382503851,-1.1440297795227026,2.1501326956000093,1
1.8758176788256238,-0.7047568701931465,-2.089217950327953,-2.6312248966245804,-0.43925674148303817,-0.3577629686847805,1.2063527729836874,1.418262394083193,1.3985270121649562,2.10512930675509,1
-1.4741993636628825,-4.330763036705697,0.9406282708924532,5.721685641665983,-1.3414427526989405,-1.5656100769498318,-0.5417792820059253,1.8409270291761655,-1.6041349060237575,-0.6892638288074033,1
1.7691942469933313,-5.105632276060211,-0.2007399609098749,4.192226027544874,-3.615529355555251,-1.438689532516634,-0.5756474514365323,0.834462073368452,-1.6386462598863054,-0.24196685755249092,0
-1.2330806262059664,-0.46324876300084944,0.380053899988502,1.3705828192228073,-0.46263699052797225,0.3853542411370183,0.3246767660854428,0.402694355035918,-0.22007791292782564,0.3180074296178228,1
-0.47895587174174126,2.1546350568271513,1.791770291066106,3.800461126885654,-2.647352031068591,2.3961502134818726,-3.9938229522116666,-1.2235177909914718,-2.6369826253110036,2.0884586461760457,0
0.4990140711292298,1.6928098459139023,-2.1112942002051245,-1.117474264954045,-0.4918893531736047,1.4297603435856059,-1.1254304520123657,-0.2136977180326014,0.8547706969691022,0.6695426514070952,0
0.881609564278411,1.3074009848195471,-0.14789660410477606,-0.8648649457524393,-0.5769484597365686,1.1188296364235415,-1.80373625542539,1.1928049741724582,1.0391365395565733,2.135180206796557,0
1.4837146694079415,0.2650175431325975,-0.3179309590996428,0.5036684394000632,-1.173179444996731,0.8752319124376319,-1.5554788150199332,0.08308720687269244,-0.7263436041158633,0.8278352959230664,0
0.6415131510219017,-0.6729420586259995,-0.25154294717554654,-2.0360454146274494,-1.1163573884126443,-0.41441327827894225,2.7456224334906745,0.13480682013093026,0.30092523117962544,2.7817856649633197,1
-3.083245494480698,1.4700508270861234,1.3510932562826954,2.404803640802502,-2.609687806714387,1.267580286435354,-1.052252875170868,-3.5061456365721164,0.01987235453836267,-1.110091527679237,1
2.8413729852936953,1.018888240104499,-1.3564525673180317,-6.187434785108041,-2.1908323715477467,2.1251933705285873,2.028577907388005,-1.5891618291894365,4.213393358010897,-0.630560050534922,1
0.8731655981787216,1.3007385823902002,-0.8523975715259022,-2.2597680309649197,-1.5576559645165968,0.9593287725337414,0.8257354922991628,-2.1234887185154103,0.6021253960845583,0.5405133955879742,0
2.72659192976353,-2.1720802160638346,0.09863860590298834,-0.053209495481877415,-3.808729874530744,2.687647891229785,1.358590555914668,-0.6098999092784863,0.011055909695362742,-1.2787124113657593,0
1.8051920294761326,-2.0683036744942354,0.3142250306759863,0.8343831374729881,-2.078723707782292,-1.697916357012947,0.5332073063043654,-1.550738655908219,-1.8294115001784135,0.34396600646070463,0
-3.2200140544706866,-0.01118088373747084,0.1561105317151694,3.7412219534658395,-2.1531828944113993,1.299328181782386,-0.14407472751279804,0.3017205286857789,-1.1359463332344646,2.6024405662486516,1
-1.387518915530013,-2.807943926462774,-1.2755979416267895,2.233060157582583,-2.6022058353621014,0.6631961108306215,3.72913026719569,-0.17425844800019163,-1.5548455491828794,0.9667650512522121,1
1.414077970686766,1.6404743304515446,1.746924637185638,-1.7675203572437923,-0.6043442663457769,0.6616230276637297,-0.25313961223762615,-1.1853538756989037,-0.4073303225602394,1.3947320509201986,0
-0.6711088449751128,-3.092624796243012,1.5308879349781943,3.2723633684837297,-1.2859590475835943,-0.3708620861014523,1.655477825578042,1.5945964509268526,-2.1471394889864364,1.4328222765387086,1
2.2507700849908074,0.1133259911739154,-0.4304355740914681,-2.3945778979035364,1.2671017087766185,-0.8295874017683007,1.0053147498462445,2.9304656580840702,-0.8021830597464421,4.97987236868064,1
1.8444366172914386,-0.5588823997401037,0.2156152416020934,-1.0128694577411705,-3.079988608754413,1.7611120818282588,0.2632409014747159,0.8424318822799197,0.9836123667580181,2.6354178605900254,0
-1.1743753188618902,-6.997000045581668,1.0389986383065721,6.788703008558784,0.17218885024039698,-3.9174229348844984,1.7655818995526404,1.522150135584849,-3.808384423793217,-2.9265212160333363,1
2.6057112672509226,3.688154710413564,-0.0024611965659689064,-5.768325587341191,-1.1143747362816738,5.097143485424431,1.7980553654923073,-1.1551799671791243,1.7641841930626851,0.9712180222763541,1
1.541359841656155,1.5157619544458398,-0.5243351702522092,-3.022433710555533,-1.0315288434902405,1.3823440489005239,-0.13108207221389256,-0.9800207861996248,1.875807977734202,0.1534878820336314,1
-0.16736124416910936,0.8191218686869645,0.06381038788646871,-0.6393249789667727,-0.2717940545215478,0.023642249064214305,-0.23648872187567416,-1.1865797746358724,0.45437319115513564,-0.3777901143339998,1
2.3700829537349093,0.3405521337064129,0.435453342708006,-1.0922161538240893,-3.414618211688658,-0.36863984645687875,-1.0865218977876985,-3.533485891546969,-0.08671209418230474,0.16371186689752604,0
-0.1721217097631742,-6.26019491514627,0.1920544202780396,4.568444334199069,-1.459206841030257,-1.9790997819778542,1.0919655516316684,2.1777416728332177,-0.6618708632614267,-2.425704813923055,1
-0.41260439130042603,-0.35338792275721426,-0.930043229075509,0.03863427110119005,-0.3700444556651633,-1.3351805308649594,-2.071779497387495,1.483830130523566,2.473312915244466,1.1160036963101332,0
2.0237621804441375,3.014273094783503,-0.8868881342778374,-2.635389887375236,-0.4677183101058554,0.49526150541516356,-1.2084024303753351,-2.46918187618876,-0.6251174933723305,1.407010961195858,0
-0.6196790371422665,0.964488995602347,-0.41589374936411566,-0.9750223003523789,-0.658665694417135,0.9861400328053042,3.3611332931447775,0.12669865493708032,-2.1532518070349957,5.088462858957286,1
2.6046354310392656,4.265301461044771,-0.6034656069056843,-5.451825348263545,0.5048202209042694,1.0574217325599138,-1.3010619390019094,-0.44678677079717843,1.6590735551107674,3.4418996290987316,0
2.9219553186811043,0.4012625729273099,0.3924259647993461,-1.2328550747468192,-0.5414216880921425,1.8910224363044124,-0.520105446875613,-0.3259991746690927,-0.5174526731523896,-1.0980608519008865,0
1.8906049702681993,2.017017166272681,0.43059824701689986,-4.393587833750919,0.567390183534527,0.19595553712132407,1.9383733321800776,-2.3768084348469882,0.04729429931958906,0.15918427234707855,0
2.3257810691577605,-3.233388559348778,1.737887516290644,1.127429663885068,0.31124515623007665,-2.45310703677107,0.57548578932094,-0.2953037916801855,-2.013616852820813,-2.420928557166085,1
-2.1966007045517495,-1.4841089212446095,1.1851713884967752,0.9046688944883042,-3.590731024446077,2.3499547815662276,3.5785173022256,-0.07626847792088154,0.8097366029971862,1.667363025553258,1
1.2104509020448497,3.635638144582645,0.9153203567733573,-4.916906327318064,-1.3119088835950676,1.3219632828513945,-0.9388715267394852,0.21093907136814127,3.2033897477227735,5.120322941093513,0
0.4686448182888866,-1.7259668692585792,-1.5327271237665299,-0.6325352352313547,-0.5091120430204329,-2.6637627213684696,0.9274632545143767,0.9625277611427514,0.4793872906464214,2.5867845182826983,1
0.342852063321497,3.9108622486375633,1.0974187560562016,-2.8296101098370774,0.7649447114693042,2.2410387308040645,-0.2371782429293393,-1.3605423521762303,0.11830724485628519,1.0215918422426375,0
1.893354747251689,0.3211086903585004,-0.7233050491606203,-3.2145653346027747,-0.6612647989108162,-0.47804695248235807,-0.55027209686289,1.3499087775367493,2.7817225445107914,2.4751802022317504,0
1.405183285330744,1.6019286696260486,-0.199830556142087,-1.2570398338964544,0.25216966090781767,0.36190442757904495,-0.18300089011338017,-1.408756382213022,-1.4496346012887678,0.6294174136776816,0
0.32249444409861017,0.8832600779655386,-0.4874683355165616,-1.2885130539882088,-1.004911725669906,-0.8092016522612819,-2.196326250217215,1.6067892204685672,2.4582768144342038,3.8662375912868,0
0.6860495930799169,-1.3400009698790323,0.7780650938173344,2.2232172574178506,1.4792595437071552,-2.945457159284949,-0.028637738465378426,-1.5359113278896492,-4.026554481599668,-1.4795080599154247,1
-0.6617801795449161,1.8962517587532823,-0.718764228953969,-0.2951669783152895,0.8085524962914126,0.38507634714562633,-3.455816421169173,3.4371366660647618,2.3734804514592094,3.6239049556298557,0
0.26675431638214697,-0.505207773359455,1.0279242808276456,1.313178310085847,-0.21764859352861687,-0.3051564537997349,0.7839015985253002,-0.1831119207426467,-2.711714145179704,1.450596241438117,0
2.235862386242534,-1.0690435760615968,0.08198821866333222,1.909032607943228,-0.46391691361442067,0.432323277042186,-2.2123242226328483,2.417107504414371,-1.7343835013848536,1.631394389888255,0
-2.182286781843386,-5.221926431050493,0.1243304840879506,5.422544069531039,-2.323539333772695,-0.38790254766878995,1.2661563852728226,1.870051532677369,-0.3501160038817489,-1.689477197056463,1
0.9696957527924126,1.627346286619003,-0.08394035019526828,-2.764974106595735,-1.1775285653774092,1.870258664069513,1.1206476344863792,-0.9203631160980302,0.8813201202852277,1.4168324081099222,1
-2.7838759185764284,-4.719193312925945,0.15839100767051378,4.163256642997519,-1.5028885571777284,-1.0055387663350164,2.5399516432344194,0.9622480199037423,-0.021622875671954533,-2.103784656336244,1
0.9867974858337746,-0.28566446662401623,-2.094400023706706,1.4271386410532059,0.44003241725255604,1.898756480348596,-1.87111139560123,3.137435954631994,-0.2950849728002425,0.49786274191540747,0
-2.3423820125361057,1.9758375366419425,-0.6532485207993931,2.8477018303544193,0.1634018792220837,0.8899671731172636,-1.2421271786105383,-0.11361510923106166,-2.6780830317689066,2.689252623965658,1
-0.9596636883420799,1.4467926985150512,2.407651825856835,-2.2523960031058294,-1.4853089682192595,0.9877675501927553,3.5914474357762547,-4.129120302950161,-0.31354819987173055,-0.2750119063971279,0
-0.5776501700273775,0.4789993473785771,0.6866526570439871,1.628836263972534,-1.3873003699644177,1.1205669108408938,0.36117621464687555,-1.0176115589363883,-2.240831112118638,1.5003867844079894,0
-2.420102242869966,-2.30650560418719,-1.3686501857166442,2.914460613557942,-3.030778137357652,1.5667013422830385,2.004501524215168,0.73092454311441,0.22831662484877113,0.7889954021886936,1
0.911698876688033,1.4601899149138624,1.3998925731117757,-3.161878005125763,-0.5093301212602085,0.7194618706910638,2.000909257372047,-2.5433483679256934,0.3113122095466405,-0.22756768907484026,1
2.6670850431404736,0.5443129692208658,-0.41225287528318977,-1.864332649002703,-0.18640364194896164,-0.36943939150268945,-0.36236472052511237,-0.36461363975172734,-0.7233790556411468,1.394301107185795,0
0.4563926735174446,1.1666038064720325,-0.6945215377981757,-0.7538775709248475,-0.06299195166254812,0.7570463940047336,-0.32105551801242393,0.07798578344902807,-0.21876622108782295,1.3887660277602623,1
1.0208646998635962,-0.05485378628186949,-0.08042189836282479,-0.5960581464356307,-1.432868556678644,1.1509948256186904,-0.9264675923170758,1.0366490845535916,1.4568873099726063,1.0172452688713893,0
1.1573098650752542,-0.4084902396915651,0.8909629637523213,-2.724787759934745,-3.299759341585469,1.6287463828006925,2.8315883151462238,-2.482828967491619,1.6713812241108092,-0.5445096965308527,1
-0.6133677309395928,1.854411010070132,-1.5141762553184575,2.756113871718139,-1.1439658457082884,3.0136642791940855,-2.0595774976593377,0.12943845161487588,-2.393280773299798,1.7526809648885566,0
-1.7602581008728255,-6.665257586319265,-2.004844687041461,6.266596708215345,-1.4472765507169931,-1.7602734760838943,2.529578441904775,2.280927678210397,-2.3845333421060433,-1.4897915417155705,1
-0.1881704950293417,1.130827210950036,-0.41562117996792225,-1.1447840455753646,-0.4186945067454294,1.2340064551835046,2.2092811937389056,0.37772126751375734,-1.280641071179355,3.940746435761823,1
0.5218089798658664,0.3345217457633618,0.6671273636680194,1.260305533962044,0.5495184098155581,1.1657312770883463,-2.3261336277310845,2.4366686038110004,-0.16302688333277882,0.8394822990085704,0
1.3154148834686221,1.6059605219465565,-0.47796979038926446,-3.543846914584521,-2.0649289603672196,2.743550196062608,1.221784587039262,-2.126636636862239,2.2090842770161334,-0.8084263185746259,1
2.1395689100528275,-1.9903621039991626,-0.06966258432715645,-1.4500781848628577,-0.977123713098573,-2.1320495581104764,1.852275101240874,-2.055566657675941,-0.40098665782517606,-1.3809581671573805,0
1.3230186607345424,1.2175548046767972,0.4675944340142803,-2.7441132176824707,-3.147900543693902,0.381573060848042,-0.6961248981420323,-2.8666749817594708,2.5031400323048616,0.33816310323072307,0
0.08243448394199693,-1.710257509374785,-1.1844736929346762,4.3690607390315215,-3.789681325754659,1.643403849350695,-2.211884923106561,0.9942360288317167,-1.2405280065178195,1.5374523705422811,0
0.5932205462949023,2.448439089426444,-1.0808395204039583,1.4379299309235867,0.3352851614856487,3.2464477907083866,-3.071225208291455,0.7939916103189696,-1.4899496388668108,0.2671277077914592,0
-2.171763230055691,0.821597922756756,-0.7226805379144481,1.9558497240941637,-0.8665309535140769,2.368820531035897,0.8937203479869666,-0.10791606761158878,-1.3713282575632921,1.111448079165095,0
0.400295764474893,-0.1818993780312538,1.2780697116583917,1.1923572097773778,-2.897824444747144,2.19895195349792,-0.8677735235006117,-0.6924217571879807,0.18640284038607458,-0.20922500548192846,0
-1.5345279014032032,-1.7190187957519487,-0.839356803886984,2.209158099496065,-1.0837835457976719,-0.602646455276627,0.9037576499017382,-1.0423450201197677,-0.4667273802001358,-1.636874699024319,1
-4.068400417501337,2.1797525815337266,0.82790102129821,4.243566894484446,-0.4052986476965381,1.2615322282356236,0.13507515967412964,-0.797174752104721,-4.355786164367692,4.141428406392022,1
-1.7260072750709272,-3.014779556061287,-2.1593665294002897,2.2021196073555873,-2.2193156958877047,0.9178500616321252,3.078007432363829,0.5910822740381103,-0.04721082696293655,-0.3333574838747476,1
-0.44314508535564934,-4.960613203288228,-3.0991588814149167,4.03478102123871,-1.7157195779114112,-1.5594355604720826,2.255282182984211,0.5406713444500644,-2.2247160361952263,-1.1401515229575045,1
1.0942062005973667,1.9564323082954678,-0.5658956626855925,-1.7752783798015537,-1.5923226268624313,1.8190671290054938,-0.8941418333720604,-1.6778281967979223,0.9433036545541896,0.20623082816892213,0
2.0658792771218693,0.5978651612564568,-0.08225316407208333,-5.334407974777887,-0.9643004555980594,-1.1493516642532615,3.3134910323528297,-2.7733226346036326,1.2793475092874271,1.0730353373381352,1
2.7116059146987253,1.047521718585254,-1.3751664896040974,-3.8928435530572947,-0.6273645978420977,-1.0440013306737113,0.9245636734657492,-3.096375809254291,0.22272868613740293,-0.18158927572870853,0
0.7026108295894621,0.755370642423473,0.6579699230702358,-1.0472940877801908,-1.0185269111800341,0.5304680833856907,-0.7689951491773417,-0.7246260393816741,1.023521982952589,0.1579329453730115,1
-2.5749933333386386,-2.484304024656308,-1.0043459070803902,4.220775992754151,0.21359567602527618,-0.4895339230445045,0.5548415229573385,2.16598246749946,-1.2296706588228763,0.021505488609497858,1
0.5709550209116572,1.4164755656981447,0.4180670163809998,3.28160667194709,-2.7880223948853837,2.918599399257802,-4.776004621179322,0.2669490114591664,-1.0025700985824828,1.337853097214418,0
0.9011047284861893,-0.309012174264972,-0.07221983796376137,0.5561281938327738,-1.5965169260045062,1.4477246330899622,-0.9639160891251317,0.16004690001197686,0.3531241427678534,-0.3442768874205866,0
1.6866579395196228,3.323141557093712,-1.572089269131218,-4.2590727637715915,-0.871374953481281,1.0969365387641674,-1.5308356686925324,-2.9524971796054658,2.6719929080342943,-0.864411769148332,0
0.747665148793764,2.1933325914166257,2.6457015875833068,-0.9860925603160343,-0.08534442603438308,0.5129336811785172,0.14755337930520063,-1.8866459426441535,-2.1398960053321434,1.8537461908070991,0
-0.1704616111631283,-0.22470807418164732,-0.6180161530686241,1.3766787170102277,-2.0154524543244055,1.822250572715702,-1.2850761830567432,1.9715196886568216,0.6877044910251959,2.4086124458355602,0
2.2334286818047193,0.9698792499826204,0.49862230414300046,-4.771047977752704,-1.0554028365036976,0.5194381397019951,1.8521392057418187,-1.6778627543718865,2.0406444011178158,0.3182011355397695,1
-0.5523294319526582,1.6927921951499652,-0.10159116005261025,-1.7053682662041538,-2.374416609746792,3.618714943707101,1.9122716569567897,-1.0237626543988347,1.0380530974096207,1.5210310972604812,1
3.1637256226757136,2.884987964517127,0.5149374593992042,-5.751143579087948,-0.7209743044452503,-0.17385890621297384,-0.3597071177368273,-2.886893993868739,1.9606652753528104,0.8792349982872825,0
-2.243157817284966,-1.763055267325022,-0.5358802788344833,4.131255471817741,-0.1750437645921954,-1.1930784854363206,0.7747192383193452,0.09915534631105194,-2.927868414763018,0.5845403573459678,1
-0.1475248295935,-3.1885273013689206,1.1818163745400758,3.6569924372902194,0.33152457959994885,-3.03513944644718,-0.22482294770552502,-0.9322735825721149,-2.5387169972814077,-3.0114420916789935,1
1.2723439206478573,1.4331016367818727,0.37533814708887697,-0.013195358560136601,-0.4293158410523167,2.064443456688063,-2.6448525708742316,0.3537928403766506,0.45292848558806753,-0.476702894745612,0
-2.9307316360742797,-3.905936933045306,-0.33921653891974307,5.53892909476722,-0.7601118795159286,-1.0239483695684135,2.627833993275087,1.1250991322076838,-3.349961944425155,0.36379660964598837,1
0.7100121641116647,-2.6265688008366284,0.4400362904981885,1.9499358464235674,-2.04026741245934,-0.25902626883032087,-1.0138248384778743,0.9925850317587952,0.7394767131327767,-0.8493946102587706,0
2.4239997823551,-1.1631485262052785,-0.5548472295766775,1.1255851648657724,-2.942966736531549,0.5379431740970326,-2.3223214154871137,-0.21598945354440957,-0.04951682704149618,0.024481466873618074,0
-0.11375837532138766,-5.683138880138853,-0.5347881005594257,5.274845704388429,-0.8928220019089494,-2.5291925643603252,-0.14680596479747599,1.754345263032586,-1.6066063146830256,-2.5382952989090413,1
0.10163497811660449,-3.2645844689319543,-1.4426385054220043,6.1793831065923985,-1.2257841078413136,3.357910343908175,-1.571337306008114,3.589562737852894,-2.2265299904359557,-2.18799281073661,0
0.2658217856734173,-0.7554843533501197,1.34467483919824,3.705747334107994,-3.9805716892605285,1.2737427591498658,-2.846343389078017,0.21876448041872743,-1.1468561230896606,2.335436255156947,0
3.3662429495231643,0.6526876745013059,-1.8047580962331466,-2.753177997860347,1.081721580317022,-0.6176517901287581,-0.7849985240853297,0.2617502513907146,-0.09213657657970997,0.34920348344537944,0
-0.015979729873035087,-1.9415970007816468,0.09587290686052864,2.820816684961694,-1.628354896270833,1.2356400512047128,-0.8038091694274394,1.3210799140071607,-0.264535396491973,-0.8087897882513695,0
-0.06482835402165832,0.24588711812334504,-1.589349225566278,0.8421025127912756,-1.1190837555705708,1.2208639473125227,0.3724681120007407,0.533986006280285,-1.342822461556061,2.5169109374139977,0
1.902049819688183,1.4654838861787527,0.22173029822546206,-4.801880461470524,-1.688419038575838,1.7766246903075085,2.304678720820416,-2.5483004915379492,2.0385343826645093,-0.36172365782561533,1
0.819331355075237,1.0936495486501252,-0.4065598871811916,-1.3097166534441054,-0.3763649771055372,-0.39531829450121636,-1.3235999515230166,-1.6319839491313362,0.9756391165917413,-0.8645176479430381,1
1.6460234110099232,5.597895228667734,-0.6651343267864724,-4.047450489048192,-0.8109623819070311,2.4521850098332445,-2.8592798496697123,-3.231800834984567,1.3833490495484355,1.011607665220335,0
-2.686853859966056,-5.924870001741118,0.3564529140469915,6.608581204990469,-1.4132967320222891,-1.6955823269456411,1.4647749748093397,1.6991188552746932,-1.6139655368735952,-2.3084000113948546,1
0.45157560165239163,-0.31713017673943245,-0.4344646897916499,-0.7725035483525795,-0.7281466232687576,0.2623688856553582,1.5503669947491443,-0.6526416480033932,-0.33441934731649026,0.3939862207163608,0
-1.817671087408038,-4.7189396223160385,0.517242071002436,4.813535722062466,-0.9291036285014771,-0.9302331435286385,0.8636184204079734,2.635530266628112,-0.4959856481091002,-1.2314757216451098,1
1.6705520526648399,-3.077156243892887,0.9284336905510534,-0.26029070679790595,-3.1778133838577007,0.44350016951079685,0.7540035904828832,2.0594884584210558,2.2074680646105507,1.2831463501441405,0
-0.9649836532031382,-1.9290756547679389,0.23857109228894183,2.2074027540326426,-1.092514636048566,-0.5925810936097444,0.9875216859504381,-0.2712563219936177,-0.9868145210802383,-0.4593817956173303,1
-1.1158851981421716,-2.943065401237354,-0.1648879361720025,4.022166776826091,-0.5048316091358782,-1.7064932389658298,0.9395692517712049,-0.09321360953696178,-2.8808208831167126,-0.6406085251827457,1
2.6357868243722193,3.9464697129091433,-0.48435972594724036,-6.220131160858974,0.21277460746276255,3.4982002082428103,2.808848588902478,-1.7588809400114578,0.11272308516052598,1.8801583032301301,1
0.36031036961604823,0.4704943863734351,-0.7090266528428065,-1.3043248102158778,-1.2590149765693144,0.7269148830652061,-0.37898543581218513,1.2881530926243792,1.8253435743460455,2.721127490663524,0
-0.3392758920709926,0.2687911499747175,-0.3733556972208234,-1.3663568224516467,-1.5920118842119368,-0.506402645407225,1.5484960818324065,-2.4240252150990926,0.5489715273039182,0.39570716340899725,1
-0.1915852033738501,-0.5398081898860516,2.6153935650871283,-3.0034159076992393,-3.342632532936299,-1.1305113987528594,1.9159101276736417,-4.709352437046679,3.6700819914298615,-2.6941329674268912,1
-1.8978454437279821,0.39694883217435006,-0.022824755855237834,4.356964582439388,-2.2984543376286446,2.86121682029773,-2.5715736334663477,0.6031384654312728,-0.8483737347160678,0.5626851603722021,0
0.8911229261625196,0.4810475014274658,-0.19345205725102613,-0.5637491638087001,-0.25225470948033024,1.6675483735390886,-0.8839904995100264,2.666146638255086,0.8459288363171275,2.4914067006213565,0
1.8638895030847018,-2.1674018918698854,-1.7274249249070137,0.6757401993352863,-1.2747823489571986,-0.7044196301294645,0.5221143326109258,-0.08100764579699882,-1.1482563685015774,-0.29104720338969325,1
4.735931022867145,0.4980051632273052,2.344068050981456,-6.383921422131871,0.41081433745514473,-0.5923742880911607,0.23627074209979815,0.6156944577436836,3.230362409830453,0.5283020564981018,1
2.6729138314167264,2.1070159230771,0.7601416821663518,-4.661158255242594,0.26888688674294103,2.1193279207210356,1.2384969754549926,0.6945538465299315,0.9969691850675558,2.401701483235364,1
0.08789763786932836,1.403073867381544,1.356251046698584,-2.287954081223787,-2.0119929214069803,0.422205411361707,-1.1476607641670962,0.7218830835087793,3.2279832819133207,3.775576546409242,0
-1.959015400038938,-4.526144710535004,-0.053702178764776495,6.064214485314879,-1.4405804460074236,-0.5730714768109029,0.5357030873407582,2.9726105774950806,-2.0353344339871855,0.6187940936602199,1
-0.8267519618787144,-2.1947553410101874,1.0963049120912878,3.3785837338589766,-0.37774611146937087,-1.4249934940216722,-0.7955929149501051,0.33653228629262877,-1.2246424469373187,-1.1184650907206812,1
2.613520953815269,-0.4608598049354443,0.6074578004205566,-4.743495944706614,-0.7838688940640842,0.21465644314974752,3.2755318137141445,0.9179565151055773,1.6416913758943854,2.8465582476619664,1
0.9671347003752125,-2.9892398642762052,-0.5921599665711079,3.547697480008078,-1.739713523015698,-0.23697829840497842,-1.0618062094095024,1.273708987192844,-1.6099010174252766,-0.30991217120196435,0
-1.866350537694279,-4.528337262804296,0.9070644425600894,3.9413441456968332,-2.114550064760495,-0.0630090780854955,1.8062793241366433,2.248694967487265,0.22259495399012952,-0.48272771185485797,1
-0.16559830954594723,3.7208374489154012,0.34215406394860565,-2.495656593087075,-0.9413437363975035,3.660401318417669,1.6897287406942483,-2.2334765028159334,-0.7497112964392905,1.9330050711083127,1
0.5831218935052049,-0.5592697236746282,-0.3119152556325995,-1.2475584084020361,-2.0508946903542755,-0.44061182336652394,-0.9564298532984057,-1.1073275864965377,3.13012730047466,-1.3908742673866858,1
-2.104568654356517,-7.648720135943708,1.714164113902413,7.73913627514107,-1.3974823882423693,-2.382220021366377,1.316400187259413,3.0671328995248857,-2.0061140791097007,-2.397086460878526,1
-0.110497350279949,-2.4840241361306585,0.13606700481355624,1.7046745951400442,-3.0081208302081714,0.36460767409271666,1.8430433667259516,-0.6424651702569886,-0.7184368272914644,0.18258952863091427,1
-1.1292176301519445,-4.274917198992601,-0.7065712846963044,4.712225025593016,-0.22956043226856226,-1.776284203049162,0.20683737206792563,2.003301657976247,-1.5043715973470424,-1.3390183063378809,0
0.7436731964733689,3.5455969628360298,-1.1479928950040434,-2.5799082206634916,0.5528658266493816,1.840877473432864,0.2734496917447955,-1.850233630139821,-0.9747265056457155,1.310518892668643,0
-0.04208143591392366,-1.2180795391347936,-1.047721650336669,3.2461431409806223,-1.6792811659782578,2.1796437383927647,-1.6821419391496208,2.4286987547621828,-0.5364187607965809,0.797895365918283,0
1.7581315807205755,2.9008742974969044,0.9115069486070524,-4.356568931914421,-0.6320042302678635,1.664985362843378,0.3803648464165934,-3.3919963677237805,1.5214543276463095,-1.4987348569968275,1
3.9257807742251853,-4.128808656475724,-0.7167216046624241,1.993221906474426,-3.007697552372262,-2.452957214387837,-1.8531842168232444,0.9470029259073398,-1.221432930587087,1.009456304184968,0
2.1075766864153755,-2.8235513866671336,-0.40562480167808596,1.5507748820363165,-1.9573175015069757,1.3059087367613182,-0.03560110555894658,0.4738129268211918,-0.2991716705307299,-2.725406088677025,0
0.9099730138906341,0.5242212415885097,-0.18475340097743445,-1.2195788119283468,0.9157210775797351,-0.4430953003491829,-1.8315088249741116,2.3963378095752734,1.7133351270952901,1.7594407648994634,0
1.7427886915378032,-2.5741045842008,0.4533786869817841,5.645190778764886,-4.48408026313097,0.42892900795502775,-3.4164403391984997,0.3339331260120775,-3.2893847536205794,1.798556324439803,0
1.5724609728834742,4.0002218539806975,-0.9275289408526682,-7.942063810802719,-2.054915566790386,-0.6165869448812764,0.09854555366022133,-1.0989962735815029,5.149181213650438,6.754276855614176,0
0.3309289343059786,-2.3609384612424336,-0.2826149364130685,2.350977331584609,-2.278986452728632,0.4989959402689642,-0.8748004213145216,1.8804669801424252,0.38546007236880986,0.764161055243866,0
2.2897810541240107,2.2499611296007602,1.910138403897504,-5.021581430070954,1.963583765060843,-1.3076447940040237,-1.308992834227767,0.5972993498923367,2.7752742139590483,1.3234926256941602,0
2.840323537562432,2.3209758508997536,-2.5338712002048056,-4.0564773389910505,-0.39965234981978637,0.6116807393270682,-1.522547776951721,0.04426880642860209,1.8888230725265567,2.3065555482762727,0
-0.49695159891569984,4.195911855530918,-1.7695940329657978,-0.9827412012173281,-0.917770245486904,3.3220340343002195,-1.385916933660234,-1.4242547775636183,-0.2839290602920028,2.1873144176492856,0
4.182004947390127,-1.3587676013340362,-0.4146179445771507,-0.6008690133048656,-1.6343635786862025,-1.6094421438525681,-2.5848415779652805,0.04989326413931483,-0.036911005239286365,0.48779492487009235,0
-2.0162181083122106,1.2673066163927673,-0.41981289110946773,3.57343831452456,-0.7979692557612759,-0.7969072386606408,-4.799770276337704,-2.3060568600542624,-0.010852074272984735,-2.2946558620935664,1
2.2110024544634257,-2.005445051910378,0.10037097272494933,1.1378249802130478,-0.7698363118396593,-1.2066156406909978,0.4265275800951136,-0.2700723532188134,-2.709563542091147,0.31810031797870675,0
3.8220053188429923,-0.4552407699920427,-1.080211802723299,-6.644018878720138,-2.163756395648584,-0.45197709550261966,1.1227762552886917,-2.2552880256831993,5.535652105758462,-2.646917753382234,1
0.7815610117517859,-0.40790960098963086,1.1708551974828183,1.6013853541166998,0.7768561516646835,2.253204021595246,-0.8782277492802366,1.514768998732683,-1.009833152857266,-2.16810155174778,0
1.2890621729029492,-0.7231728225603073,2.3225658794280273,-0.44992698714876217,-1.5199560684936562,1.5279036616898056,-0.22306071602836075,2.440647666595879,1.1726447968239415,2.2984181721661194,0
0.8459705911914395,-0.023235107669664374,-0.16934280104169797,-3.6855531197048808,-1.8074694025008513,0.10238856064016255,3.8432122013650147,-1.8030709256112694,1.024948494661521,1.7092075047000854,1
0.7196946637199402,-1.4072672382826907,1.8625299518752712,0.7933979385526767,-3.6947249431740437,0.6994489179898573,-0.4331951892282522,-2.4930598589508572,1.072229779674281,-2.4791283930902495,0
2.3725284393816866,-2.4386937964113513,1.6555134600525057,2.631346614502167,-2.5887979854023175,0.09606063184516345,-3.238169959034555,2.349267204093995,-0.03029399474572081,1.0840809319074305,0
1.8829663315600367,-0.9285200697170831,-0.10816798818635462,-0.7155787378849083,0.6476196708996762,0.09360096261217776,0.08264149256882813,0.8294838871283774,0.018204273106386726,-1.3716157048659512,0
0.42433621176060077,2.019098452549514,-0.3848939703400987,-2.160760222901313,-1.605726702155036,0.8641293290797055,-1.3853402190274378,-0.37799748201210637,2.2739663774236076,2.4235837632057216,0
0.30983846903790035,1.303046420679133,-1.554612373150055,-3.092688528721212,-2.0681826289959866,0.7523603670374194,1.6922193807231753,-3.6667094227431676,1.6883252208676582,-0.8985028169690645,1
3.997879535989009,-1.2446072894583642,-2.233946497410113,0.26767931168148895,-1.1111611955987675,-0.8792700268320333,-2.1850160916980172,0.5565014509517701,-1.5103202388272117,0.8829329903219078,0
4.046615298679595,5.3459141164566395,1.0985582127853524,-8.013115942124404,3.2020400798299917,-0.6717563735737411,-0.04332118017661157,-4.067138455968774,0.266888106280885,-0.7147465318688471,0
-0.1646443504297852,-4.445883888113994,1.0624952635468503,4.2447670484417905,-2.4623013754076606,0.37117128550769174,-0.4045652730007634,1.1695929685728583,0.2947774460303598,-3.380182588775252,0
-1.0991854432488386,-4.781252455549014,-0.7437800796421032,4.901643649215253,-1.26030752135433,-1.7182193502210754,1.3208060807323314,1.4534076646827236,-2.2178432126352963,-0.5233388574835267,1
0.7207633002418691,2.2315637109945694,2.3974557097241314,-1.9717804183241117,-0.5574839872365323,1.8235909872164315,0.04662111642133093,-1.1898762095300932,0.1880599379063126,0.8848680400520147,1
2.7852978216934625,1.2031713588497126,0.14812646694701967,-3.8329277067661622,1.150064614198394,0.8577030132542702,0.9247199747686441,1.8920486546731832,0.3540206253425294,2.9047525941034875,1
-0.2796253686598442,2.9377545883872367,0.39683880791588144,-0.343657406801307,-0.5455215976309236,1.6572023927532937,-0.5637181812004635,-2.435035455310061,-1.54315274661699,0.9046600807692416,0
0.7459915000922615,-0.4034509626432038,0.9695568919343804,-2.245598979580812,-0.2936641392765946,-0.3268902592227305,2.131903987765833,-1.8506607172984841,0.8900542752922782,-1.881295003792098,0
0.5886484985220225,-3.819750053810969,1.214712092260623,2.855227350731657,-3.9317763396014374,1.4211194527338882,1.4268898543463866,0.8266265808177391,-0.5813298548392498,-0.09518432090400486,0
-1.0985208993850606,-5.710832784736937,0.4797658631275814,5.998185853285366,-0.346214304989385,-2.577335066940649,-1.0812271473163544,3.0666572033176425,-0.6623326137848456,-2.4587380639094745,1
-1.7749561986673412,-3.5325506941372415,-0.7153954143034251,2.237326835330101,-1.2556889828072682,-0.4338726045164635,2.2542111757569847,0.09393238233212164,0.8397228496909319,-2.9469941954620777,1
0.09162732826564235,-2.6481302092282535,0.4061527126544425,2.7926565714567038,0.5415102434759447,-2.435183985873312,-0.2873297628909004,0.19910044279267414,-1.895962653948624,-1.6566443655570111,1
0.6483310126612543,-1.8570937508746788,1.901123805040806,0.49872988175169664,-1.1179814145232818,-1.0201818592853953,1.3453300271416933,-1.4791956662746197,-0.8253053213838791,-1.47249502653548,1
-2.9349717310748287,-6.032372140790598,0.8325340986569876,6.511316900127786,-2.2731056399380174,-0.8218539199631448,1.636725810987153,2.4666585705888155,-0.7307722577175219,-1.3922169320994855,1
0.3978631132892946,0.17042772949979512,-1.139030712196612,0.22920385733678134,-0.9214241424701455,0.2171069551883258,1.2402643684915646,-1.0811369101705801,-2.1928595170598864,1.7576196504210877,1
1.191699581171651,0.11670694892131896,-0.7077318864440825,-1.1028386268175314,-0.29011075723040936,-1.0372504941342233,0.8674320781795231,-2.6907854095847425,-1.1239698037549102,-1.132983716794557,1
1.1976960858220516,1.9342544537203348,-0.8628703095459447,-1.6841532581007175,-1.8498917855018275,3.04941063517145,-0.2580046338379194,-0.29698725187969877,0.5697555256832603,1.8913887562600653,0
1.4075123182155806,2.866129679931247,-0.6144271363134823,-3.228377441479181,0.014786640577203913,2.6202771286238287,0.8880577641391378,-0.49459999831565193,-0.10641161226423268,2.0511218549142423,1
0.8448574374240426,2.1592217058759875,0.6279324133919456,-2.937379649975045,-0.16616318619023107,1.6738747205341848,1.7736545294274944,-0.6293046569448537,-0.33892695240361403,2.60036725779451,1
1.7704724292541516,3.6724250420300146,-0.44198598554633667,-1.2492050844276117,-0.44134501119628544,2.420268255894385,-3.1432983096330864,-0.9566552611846129,-0.4582665721098764,1.3475118470290277,0
0.5903192187726398,4.853940941536906,-0.0286623638702127,-2.09646172131428,0.27104854232005837,4.465380758285015,-0.8089114010177687,-1.3819687888329786,-0.877779837749115,1.0456313603414205,1
0.7916183782740587,0.10364354583223724,-0.9686208812600632,-4.75838241461035,-2.6936600793743275,1.172728653919618,4.839766736892779,-1.4895797445652674,2.1395328274562533,2.5651651804986493,0
2.6296681090800713,0.9431468974780912,0.016689505641256458,-2.3325662071944313,-1.840486242066063,1.7223404200809846,-0.10177537100258849,-1.6060843138626941,0.4887819516737013,-0.22552377826326797,0
0.4459153822908124,-1.37622089430415,-1.2191507409421403,-0.01030806237505392,-1.3775544233967913,0.13396808321528075,1.5267292195904885,-0.7971906297873481,-0.0649842223998317,-0.7830381125314089,1
1.9118080630778769,4.798596094307201,1.2774991886388645,-3.039847794739204,2.5460168856031054,2.328716621103327,-2.704887672186986,0.020308546834229557,-0.14105152973258628,0.6063808144151763,0
0.8912757450691315,-0.4954847698408917,-0.6889929312469696,-1.5700302034665778,-2.0010776473375556,1.1856110638865445,0.13303952936040697,0.8561059979443013,2.6996417730654025,0.7606732874594646,1
0.5734617013440438,-4.392388424021323,-0.1711915843919336,5.8686791004782455,-1.9717034078309639,2.810920967137072,-0.4235317137053216,2.7617307324948035,-2.1610913565383414,-3.0451948474314374,0
-0.5843547749632667,0.5945022734721651,-1.5482732957714977,-0.8458419946797237,-0.8585019515013175,0.7746437989672628,-0.3237442259579455,-0.44589043253651384,2.0778428382839307,-0.5587758925839807,1
0.13482185428162508,-2.8985134609119934,0.8974096356414422,2.9762558327879374,-0.7214964735473826,-0.11535064469581968,-1.2775435889888593,3.177494757216509,0.29151598096115716,-0.05502993495164343,0
0.25336112509266706,1.7073662550357223,0.6953888675191684,0.29583543574837096,0.06491299966098096,1.0443233430615115,-1.5586494220989815,-0.08848217855149842,-0.9093139606340019,1.156532612695071,1
0.165648849322939,-1.7558185776794955,0.8664630202173134,4.97140982955493,-5.110801744080143,1.529199868969399,-3.830866173704672,-0.7448843400936211,-0.32545880550428397,-0.6439328877343111,0
2.282059941585568,1.5284247147624113,-0.5029349657428671,-5.344101228053622,-2.4430646024473135,1.6561151246409551,1.4298285670885988,-3.778290314315247,3.3903781964502495,-2.1518005977828367,1
-0.12739571246418357,-4.750517134028035,2.0355509517844705,4.135907973656895,0.14209622363872643,-2.4528969456342735,-0.25923761305158854,1.9014226736367976,-0.9844372769439251,-2.6793075270974898,1
1.1769186113401457,3.403935253026128,1.5228219558256755,-5.238983527342299,-1.6091484670045753,3.1416628748293065,2.5652460797140844,-3.948176555726557,1.4038450947995702,-0.24745459474572162,1
2.198661319781781,0.7212787439645135,0.33565504959746034,-5.605998246006156,-0.8728963596015542,0.6509546329563066,4.568591648868885,-0.9905039773792346,0.8079844340215903,2.9067960148356375,1
-0.19997861043183163,-4.318147223439113,0.3592117001494681,2.8670436487699544,-1.8624087434017027,-0.6043489699056495,1.8591304100395565,1.2244994731276098,-0.6446412655460548,-0.8866962060766672,1
0.7381133782337705,2.652116222086476,-0.010261324056122885,-0.29376624286640024,-0.1959489969108189,0.9325679053883323,0.04381336106945111,-2.5343656824808685,-3.5046468228332195,2.0249069179699175,0
3.2539784329284624,-0.47759245047315846,-0.35736913571952855,-3.178471211546814,-2.074159316419231,0.5503738697958274,0.9066540296385865,-1.664527158353355,1.388829527159391,-0.9981643568911238,0
1.0641545563579173,0.7333698226615937,0.2225759228273703,-3.259990898699837,-1.8266490182666946,2.584367746802327,2.5761749071358775,0.2955098469986501,1.5496350069190017,2.417087157103411,1
2.2906563643241853,1.5108474986093439,0.22104085403072404,-2.801714442524137,-0.3073057249842125,-0.34540851960342933,0.38498149733646714,-1.9346839049224505,-0.8103580872984614,1.369117179537607,0
-1.2359157241622745,4.135067758250387,-1.3549964853490122,-0.12213946426737657,-1.6667052598177419,3.9085606722753394,-2.23910351593529,-1.4002242146326915,0.5971059279404864,1.520985866142555,0
-2.4663222638964406,-3.2110204868968446,0.33895651447689823,3.0969242163602395,-2.1035329884533502,1.099300962817476,3.3262988734096184,1.76592014148818,-0.5742183724720294,1.1691069736240864,1
1.612380985926274,0.5598160120977241,0.0890497819039576,-1.8162736376159054,-2.0821708381932305,2.0569330657824714,0.07303368865292015,0.7395812729871342,1.2850084936111332,2.3583284263205435,0
1.6777631949705332,-5.080186297452633,-1.7360079981512697,2.3979708025147826,-2.3798710830158543,-2.4410434815075135,2.797939431943337,-0.6075578785272215,-2.902620204655931,-0.3215763469006636,0
-0.11355395430520532,2.4586032398656092,1.1768463427649425,-1.9831231746574207,-1.183260252846004,2.3044528475650674,0.9449073161982724,-1.7157783872287542,0.23676892768290225,1.38427149378675,1
1.0280261531770871,-4.672817359939399,-0.038535928060617626,1.8076297477571464,-1.6151928884714701,-0.8867363751454498,1.4063822166412485,1.5734934951060622,0.37981908035191747,-1.8274062965245133,1
0.4371379806534411,2.9966059939869796,-0.7165187914679252,2.368476376394008,0.4601379642779986,2.757294864227051,-3.9058429602459057,0.822908915950127,-2.8941399378786326,1.9042868004867226,0
-1.8611442515781156,-3.9175896432006985,-0.058134694824582035,4.5374805755793455,-2.140573173456831,-0.3602641148165854,2.6165040242347075,0.6863101558442862,-2.530424172028349,0.5751925399072526,1
1.6056322870272735,0.004969277287488015,0.05908311268305488,0.5766590243574438,-0.35086737172452365,-0.21565682695434485,-0.16735593526303283,-0.969218117577887,-2.707471880830111,0.6915715115676349,0
4.481718248711707,2.1346404866968194,1.1017560649693177,-5.739321167431842,-0.35170195167284113,0.3416500005989962,-1.6292643723249705,-2.3094901036885607,2.97258016753678,-2.0505790763835527,1
-0.37343972544817927,-7.063407353453252,-1.7114826552412208,4.773567376037922,-1.309414879527401,-2.3402166502087964,1.393402877067944,2.513812125302071,-0.18153313366182167,-3.2432492836007176,1
-1.0452761036405582,3.4881389065560855,-0.9125686376583437,-1.0565732974770974,-2.571968169295178,3.892205251542273,-0.5446529535994706,-3.712881213892897,1.0983217870246014,-1.0486632429124598,1
1.683426847168354,-1.1097149303535891,-0.4384916879174412,-3.427176208274041,-1.1494195067017006,-1.6347903023600954,2.070757606683091,-0.4502547293588929,2.043301208138114,1.2160452396308012,1
0.07940630721718356,-1.3424109176492183,-0.10508454426147494,-2.387417453765946,-2.347916002576574,-1.1733510384663162,3.6221376107539416,-1.4500016098047737,1.3169209831269646,1.836856656568198,1
-0.7780908433671005,-0.9117999690084141,0.7643059123528986,3.9423624047042702,-1.0288360162530006,1.9584648371673257,-2.3897991352836216,3.197859294160154,-0.6226601336434643,1.3901359046533708,0
2.0753760094761273,3.1149043820126767,-2.286848210523642,-1.8338591519077523,1.002318183042723,1.2392181414051249,-1.6415631856373203,-0.3430180671002181,-1.505785044807559,2.0080508988448136,0
0.9844100703285714,-1.353791774062828,0.5346479121921659,2.0851420483388763,-1.9248377087447026,2.202247653907471,-0.933871962042625,1.3434020470234058,-0.4506719061791429,-0.3234907210000011,0
3.171740977641498,5.611646496884601,-0.09963760438463885,-5.777314265060045,1.9959015686652353,1.4033533749203246,-2.3377446846613577,-1.4822375713861708,0.8761804833043078,1.389548774660914,0
-1.4937540498274324,-4.648184511018945,-0.6183400505836503,4.2003861423697035,-1.6821250938983858,-1.0375777595853493,1.9370692645570025,0.8785404373046919,-1.0691238581673967,-1.5682686608253227,1
-1.1856089854107823,-1.4678771817360556,-0.6714918804125037,2.355841025610428,-1.1247269814242218,-0.44836698624649207,0.6078797725860139,-0.1580129865310982,-1.1115012313235442,0.2531665766801552,1
-2.4593712697659775,-2.2109021485863294,-1.130416258776733,3.99962852289986,-3.2070755946381024,0.7777703254077155,1.6794783599282397,-0.2208324022479773,-1.5691760476322754,1.4209193733473966,1
-1.9486506790603144,-5.049346385957811,1.3014023903076917,4.43777021499979,-2.4653415862025647,-0.565237584900417,2.6268746018460254,1.1010298155478169,-0.812755536435695,-1.0256188536095365,1
-3.1707419418295846,-6.333983933883526,0.5463551292116606,9.340750333555498,0.060762761924794795,-2.9801508417101035,0.5677004058548394,3.2376991068838983,-4.717615481502611,-0.319450315525625,1
0.02644622016187259,3.126424456130998,-2.326498368576001,-1.0323830566500398,1.3933284710090068,-1.2966529318730804,-4.433388331173335,-0.9665591892912551,1.446245778575194,-0.03920183999905391,0
0.49548510925424283,-0.5370055573829575,-2.002740135114591,3.391621266696238,1.3965579411677864,1.3355477695207059,-2.86830744807933,1.7472402428938367,-1.7062748760634436,-2.8227807190613587,0
2.636748440728849,2.7089198687639686,-0.38109590826264966,-1.361343945442708,0.05716268143652581,0.48768428138944564,-3.1803081002913647,-1.0163085300485823,-0.9557073378445866,1.2702686213687873,0
-1.1812316804314804,-3.385737618763639,0.8806094692797957,5.5539323536393255,-2.8309830616950107,0.14810435119605248,1.1224859818622774,0.09428781362499494,-3.7349786544148125,0.7945923509851109,0
1.4083429649042971,-2.3147256400107463,0.9724980242383855,1.1059640376713744,-0.9828251429780682,-1.5660395454164258,0.4721822983598244,-0.6649164200514044,-1.455839856719956,-0.7949420412160297,1
-4.301849047342293,-5.6876106289137445,1.6634517237687367,7.148518747448125,-2.5295338663201807,0.5478610835103488,3.192222947858752,3.6629240611631686,-1.642046344132075,1.3290547308791547,1
-0.9976850965134677,-3.625207528399486,-0.6279618866352241,5.407596878050991,1.6751033512054634,-3.059445923054234,-1.3837196573939345,2.5785093704698627,-2.7682422651095058,-0.9912413098116806,1
-0.7533693303270117,2.2904645703284627,0.2670095256804177,-1.1577551929619236,0.5145279462132302,-0.001463245393804602,-2.647651362984434,2.229670487958574,2.3368788968453247,3.8864717139641627,0
-0.3718907905783124,5.700888612364362,0.6013563104009826,-3.0545211443920484,-0.19092774808749657,2.787308550613829,-1.2453087254394046,-3.4570122136952244,0.43950391822666846,0.9783122249673815,1
-4.100183565887101,-5.404840156900568,-1.0423006061154738,6.942430140696685,-1.9895959055441594,0.4823310171057684,3.6645188082524087,3.4724280775307257,-2.5290666292708024,1.5895815249884873,1
-1.6509611020168606,-2.4585294628261227,0.2045650554265352,3.200801170523682,-1.1754924134954003,-0.45205048083027666,-0.07093923484947684,1.0297213432609258,0.14051320893692898,-0.7401398591067317,1
2.6999483215001283,2.399760874963811,-0.9269579656601225,-3.7378854410398925,0.4571438051551653,1.1628679875530357,-0.9201079638845816,0.14514215675066744,0.9759964177499544,1.5359487149181925,0
-0.23781265193171663,-4.985830337200995,2.275954683473312,5.406527237329511,0.5963079724820235,-2.9648815776786845,-0.0019311812782547566,2.1146970470484323,-3.1519431573796832,-1.5427868141179122,1
3.3033007279550595,0.7690289678476868,-0.011799672576654577,-3.1298361367333682,-2.5039085873869604,1.8601871390976181,0.47455059616193207,-1.8174010206692786,0.7033275739754443,0.25411498275738553,0
-1.0303568111823047,5.48830141783326,-0.44861885347185215,-4.14696331763521,0.5860211114317542,2.687520245860502,0.9408977815415589,-3.7488986318670645,0.786779439343323,0.25865355806660106,0
0.8709206165713335,-1.5242238356053301,-0.20757837812967986,0.9518726331157805,-3.752855316212747,1.3920295726696228,-0.43025756351646416,1.1768178049187943,0.9487326547335296,2.389612627353475,0
1.0313345911313292,5.6879163522524445,-1.492010943090201,-2.713443724235759,0.4870706362610093,3.781006687143194,-3.6164628761791566,-1.509553385266773,1.147528482529521,-0.03564741113117775,0
0.1187596765553881,2.1149042374638176,0.4330191251005383,-0.20049497004068845,-0.44550699624742474,2.9230492216830615,-1.6044457386094577,0.3972150552656195,0.4918345117465155,0.4570133388575397,0
2.460005024234807,2.444749328030408,-0.6344798110760931,-5.2605549355634995,0.7995776301188438,1.589824713231088,3.209417015608734,-0.4705210229253469,-0.6530480946599488,3.1483794393818885,1
-1.0648872751564902,0.38002130959614633,-0.08418527102160372,1.3131978876396107,0.4446624482908963,-0.0657826434688471,-1.8384719964766059,1.1473323123302268,0.5295700335508804,0.3809842778116759,1
2.806391981757396,-0.19067494764048618,-1.044719946157889,-1.6521924852436227,-2.46564710850988,-0.7225046662013557,-2.505014205687746,-1.6549954803504778,2.211772180870548,-1.0277679337574783,0
2.605716472865846,2.6463220349516368,1.4957400275269388,-6.260088328298522,-1.7178973864738916,0.6376670464921278,0.34824009816304846,-1.3224528896478431,3.410196836041411,3.106717950769537,0
-0.46932155132921394,0.6566283820370463,-1.1535548314688453,0.011661779816124549,-1.0962307535572142,0.658751513278259,0.15468584455515433,-0.24740530010205897,-0.09283872622691969,1.8373187087938758,1
0.5612503739470214,2.4098990952454797,-0.8061076734223602,-2.3060054289472194,1.5417515044056227,-0.004160783205174212,-2.4161100609022275,2.2030645818592838,2.0907749870139076,2.8369127703711188,0
-2.276853141517541,-0.0057362701846536985,-0.13099290482614936,1.177667054137591,-2.774566630685526,0.7989508424020464,1.5014030887210323,-1.5440834749195913,-0.06404614498674088,1.770680405499201,1
-1.795326313723514,1.3694472784003187,-0.7261495172901765,0.9156621861998236,-2.0236595481000643,0.7336478300360474,-1.3583125659065205,-3.1033543236727144,0.9935359414437983,-1.6030426656618455,1
-1.0129650043527636,-7.484954529862033,1.9099866264016472,6.1902050654883,-3.217640622048595,-0.7755367422731666,2.6614027703065597,3.2380863044586317,-1.5842381421370244,-0.26278926226390986,1
1.5876884685511623,5.030282834254067,1.0795179420483583,-3.333474951626574,1.7319231044466266,-0.114085336135749,-4.370497216431513,-1.228205902719525,1.139067303877196,1.391889421500881,0
1.1441100759983616,-1.2681772213944553,1.4918569328368507,2.824610206172029,-1.4300623649016726,2.895345207641971,-0.8210532412505454,1.5591847449448584,-1.77833076884056,-0.5963230694712174,0
-1.1198230330848205,-4.292638138854567,-1.3815827158233382,3.3269924213811057,-1.894874777502992,-0.3707037931022744,2.2315684720179734,1.4251023010691142,-0.6088641511952015,-0.5664109158615616,1
-1.6553926633833709,-3.2256053229108943,1.0909950714331964,3.599387679520858,-3.329162802557781,0.44920292143338236,2.9344902653283658,-0.4005385644816284,-2.0119391710011607,0.9339487158535802,1
0.6573083196821976,4.4375210806237435,0.6164054575776785,-2.4982700124678017,0.01685704619452033,1.7867203997455317,-1.2874595720169322,-3.0512859974133386,-0.4421371473618718,0.6483484263025647,0
2.7481482703298434,-2.406947538492935,-1.5778489055364946,1.2750048493421757,-1.2139685070693669,-1.2633650760543333,-0.840489502276803,0.5502501330619651,-1.6715603120775717,0.25995182728059885,0
-1.015564008138158,0.15025924073417735,2.6348778008515854,0.6159996944485382,-0.42631524062918047,-0.958626718946211,0.8421007787933262,-0.6162090774590739,-1.3023587356227977,2.2742213692159527,1
0.7421684774100392,-3.747132461901027,0.0790634675369142,2.1947684061108124,-1.2790530071018245,-0.24432783527512558,0.28319360830434814,2.636772532479413,0.2896978018501788,-0.4232751001413704,1
-0.17743673804729965,0.6336860232402831,1.064634229172203,-0.04927860756773754,1.3034258067391145,0.6243530312951335,-1.9187600858055953,4.749575260595241,1.4635193619098827,3.8357197029451036,0
2.7734068966341283,1.9437828294164106,1.2309151282545694,-5.366683280696504,-1.2998623614840623,2.3128443725346908,0.9488069493836051,-2.0227042651925276,2.9247690755283955,-1.195483124081146,1
-1.9410629780830377,2.1484507114747897,0.564181006861278,1.8935080237717847,-1.0027511764476889,3.0539947783798636,-0.5494213870949919,-0.6863153050621279,-1.416383909563205,1.1429171150890691,0
3.6083739750545734,1.2715683375310927,-0.024891358958867175,-5.945398017350057,-0.09470024212197625,2.56233142427121,2.5116563853592946,1.7863907621750452,1.8845123328446327,2.994721977756844,1
0.5131159724102354,1.6339114608855168,-0.09674817357507606,-1.971611830326651,-0.06720078528168272,0.4714360120270833,0.7725685204691073,-1.6008898003172525,-0.22636115125292955,0.6641783147976505,0
0.9028554295214379,-0.4059658252262045,-1.5246007112203077,0.49401022561349084,-2.028273689030936,1.3023783632421493,-0.8930834652888962,-0.28158906013376717,0.4947845889352157,-0.41580345298547927,0
2.2206563133524675,0.9217826270073727,-0.5868263035402915,-3.9428935502492513,0.5905488668988075,-0.7638944156123386,-0.8681073920083693,1.063254850390673,2.841110560577774,1.3301352769276025,0
-0.5161169467609459,3.517849024939522,1.8831379637864223,-1.3120859234819888,-1.4822850230367617,3.4920851268424484,-1.5427611641486525,-1.7926621257668838,1.526402236182907,-0.03619961368552849,0
-3.937342097821939,-1.7782961495122547,0.9960324981416815,3.9553734170829147,-0.9022669425432026,-0.017107309042129204,0.8212555328210673,0.2929319487907637,0.0020570602432992136,-1.0160012497846742,1
0.21146567865435828,0.14304953448451802,0.45481529938647897,-0.48193467291258146,-1.4338122255557113,-0.013845074749090136,-0.19635001516499373,-0.938210951545549,0.7013932350420218,0.4950447546491217,1
1.1276756220212187,2.454137325073196,-0.5732675845681501,-2.6458632614117814,-0.2626279798055752,2.0704767857634123,0.04622308992732049,-0.6945593611563017,0.5445777292927069,1.1512756860847504,1
2.342222524963552,1.7004515448968633,0.5936912896062224,-4.080280261551393,-1.3454150271263017,2.439053278510692,0.4869508314056963,-0.8341143525401086,2.2243471108049064,0.20302660843798515,1
0.9937093781005417,2.6037995104397895,0.24498771517251056,-1.2148053567238297,-0.9358437220759968,0.9749245436070125,-2.655568732809735,-1.0025892652632988,0.6853305390465365,1.4309624118134117,1
2.947502449662652,-0.28036080524365564,0.03278817041999191,-4.119101053642227,0.08989319179858968,-1.263596037205236,0.4519348539346485,0.625782224048316,2.2798799799728515,0.9762396033984937,1
3.916369455309872,1.436542183857185,0.5863025706657604,-2.096437759144425,0.35535692716358036,-1.2234883225053008,-2.0073255784874853,-1.5503734846130381,-1.6956619296965039,0.857770814304879,0
1.15720594589059,1.5710210435413121,-0.17612660343708286,-4.902965299320367,-0.9343728909538748,-1.736180480955865,-1.3563286861134942,1.195670001475569,4.937770385332921,4.6832593736266475,0
2.2479109451442683,0.04051945063830706,0.2964616412996486,-4.589752487711473,-0.9158502132269857,0.31807060623713934,3.2531986532174773,0.028537265519223753,1.2786298776886376,2.6181329617192266,1
1.1459351084370955,-2.6509208233301047,-0.31973439735844195,1.1549632139402337,1.0798351674278623,-2.89789733033624,-0.8096763898464707,-0.3045454415366622,-0.21326959935298506,-3.9246883749969026,1
2.5610006915324726,-0.3700584399433112,-0.1359522276216958,-3.3898789310864306,-2.520076063813576,0.2362276452012383,1.0455814719018188,-0.9029150393401297,2.10262537292489,1.1062407910968437,0
0.5089790868725785,2.0879193476992564,-0.5265474069719648,-1.8026682390982949,-1.4335254420139092,1.7940890954062532,0.06520413199231156,-1.2745362623331045,0.4140357581488836,1.7380450110171362,0
-1.6346326649678518,-3.240017113167592,0.9842302175110447,5.316769400456499,-3.8644474663695965,2.1964969446774836,0.4051994512986101,1.8750486813554907,-1.2104818303530835,1.1899466767649216,0
-1.4096678261181343,-2.384865879587704,-0.17640280998039587,3.7518645056915867,2.072104977640359,-2.8220814220304438,-1.483281163463483,0.9447953056081594,-1.0462157287672071,-3.1678641656688744,1
0.8152182397893017,-3.0588631192724143,0.6605442890536065,1.4623152121671514,-1.0468864219602674,-1.370905943182724,0.4028642668999013,-0.09871097844431076,-0.13908600845314278,-2.1704264822010164,1
-1.869719316071448,2.741234607599598,-0.19080560634254315,-0.6939172717494833,-4.466694078640078,2.770473130324005,0.14075791540577898,-4.780987070073284,1.4485786071625535,0.32613885742931525,0
1.492473330603857,-0.005692503872183784,0.43479956102382417,-3.894016550182555,-3.2688184357723986,1.97413644746187,1.4858952673370471,-1.6755986569416972,4.185771321663531,-1.2010843553645723,1
1.0558909372321352,-3.2043997364703447,-0.41351975275847724,0.9910282300789773,-3.1506010409941037,0.6769480998466613,0.7562934031634092,1.4408355298831337,1.2603767516422688,0.2608053209304315,0
2.843503871700829,0.018724145318581763,-0.08942655808509162,-0.5080364636696535,-1.0892688020394252,-0.9732043904543879,-0.8734227406357302,-1.3886625557803152,-1.997284511640494,1.278900003072879,0
-3.564296467547491,-0.7113596945018543,0.8026583881083518,4.487580443062818,-2.058485760015216,-0.5697155595751295,-0.3751984509950066,-1.0806170822753032,-1.567313778707201,1.2737311850961959,1
2.0317700746391174,0.30497782305431576,0.9623218575320852,-0.08046317035624283,-2.2639220620845313,2.510655561131329,-1.081744351714068,0.35792035227567165,-0.12788809304472926,1.0850225334684733,0
0.26225749475055715,1.8857649331552757,-2.5201006813190334,-1.8827519618536124,0.24578605283436206,0.04796491777238765,-1.8625027663192044,1.41023798797396,2.0681020438494726,2.9083062656355416,0
0.7564694319738936,1.708970641057903,-0.08857960304812337,-2.051531713440686,-0.672426136801827,2.1851023481065264,-1.064378063770796,-0.42982596047061195,2.3577565143292234,-1.002084161702515,0
3.6270442049952627,3.915223483696006,-0.10787471540948565,-6.740976470210564,-0.24710296638879392,0.5489828498012361,-0.7006625918171526,-2.917659542887794,2.2647165544700867,0.781374975110565,0
-0.1597011627651872,-4.232236914336724,-4.084630695684418e-05,4.35438189678089,-0.21075244867773968,-2.799587096330887,0.7063062902306079,0.3709552632452596,-3.1273451936814594,-1.4163240804989363,1
0.9042694537222178,-5.101828920588008,1.4720130588065292,1.9538036230229932,-0.9511739411953196,-0.9111432007927281,2.103653195735567,2.1759808100035922,0.022534338441444257,-2.0144770598829957,1
-0.5905712690839775,1.1712096795077451,-0.08819042526735152,-0.3543540837381469,-0.5314313688478577,0.8368414339156384,1.6035316230758334,0.12137851929812116,-1.6323233220858535,4.033748947228408,1
1.68326999614963,1.1832642522696564,0.8283267247538593,-0.8327526133834957,-0.13204525256154176,-0.5557111613144932,0.07840977997645049,-1.5574984073153835,-2.5905024089703526,2.0779812943327522,0
2.0211015217060613,1.5760715484233105,0.044190996795061346,-2.020240152701734,-0.040460093856947044,1.8083676102715323,-1.120027094175403,1.3606541153695697,0.6919930992895367,1.936954306760954,0
-0.5793642300640021,-2.520345968196216,0.4505799664826285,1.0895387452801886,-2.0479036441361735,0.04632403356538162,3.5636247323841372,-1.0931442442468025,-1.2150899879186687,-0.32480621683591815,1
1.8262342435504015,1.104404432354008,0.29994536725017934,-3.708155140626912,-0.8877713166612985,0.9980321328573234,1.4574314852371484,-0.7378612739372117,1.2463209031494904,1.3770703855086674,1
1.0298720811429474,-1.8281563873684294,-1.9290015076434397,1.0773370536223044,-0.9580724103770598,-0.8572216705950302,1.4127967938148527,0.28203715206930857,-2.3525934082089854,1.7744014891795332,0
1.111304453054653,-1.830903751203044,-1.047717379022238,2.6722596450910636,-3.2643544302462537,0.14025509364122402,-0.5040426662190076,-0.09728452693720813,-2.194694069604326,2.211239183597466,0
-1.015593009168236,-0.32821608735079194,0.371550765476065,5.405259678223233,-4.777770481311146,2.760302939972544,-3.396300675463052,-0.1265466228104889,-1.4901131824255813,1.8385483503990239,0
1.256884108688074,-2.3680466292919773,-1.1955195936626615,4.483129488299186,-3.4730759226776104,0.9632804806047157,-3.4991953956058777,1.1962523776049614,-0.8999597195541132,0.005407201989885202,0
-6.487758277362085,-7.865616727632248,1.0793032004252674,11.366896947290227,0.7025035709361522,-2.911372302921451,2.4593632526111975,4.510849452949998,-4.019443866039784,-1.467650137774396,1
2.3176251419646583,2.4190556884221124,-0.13938774628325593,-5.883459702443946,-0.7159879419490879,-0.03233300452877996,-0.18505980800934807,-0.38594575829723765,3.579576908235772,2.969228741217508,0
1.0490178472533336,0.8171918155761883,-0.2851346153344387,-3.4896858782419633,-1.7306495705652059,-0.0250050839341871,0.2772772656169098,-1.4684173768157662,3.1182448735843207,0.3934268043804564,0
0.23316057145281832,2.825079551741997,0.4759515427359308,-3.2116288639029693,0.8280531143385548,1.2459900042650742,1.3716315910738874,-1.5288311561789434,0.1084251003751866,0.8755000051144145,0
0.7963904884234638,-1.8844040283695038,-0.24353186709220243,3.727298886259683,-1.9805791334368448,0.49097731012448764,-0.49547591970766514,0.8135022571722137,-3.4266358732613806,1.8334590985851311,0
1.5924783944145773,2.739464494893427,0.5289090078115841,-3.3058953257958885,-0.5449817113371314,0.9005245924516538,-0.19250508727901083,-2.4506918313894857,0.44548497142773824,0.6390869135570723,1
0.8655532905725769,-1.1046602098840144,-2.1670238381151967,-0.8120575921752226,-1.295835838021559,-0.7758972140103282,-0.316618636609876,0.68249974113562,1.8169241132610614,0.7789328163203645,1
1.093468872838394,-3.501077080905705,-0.14174699680728078,1.3268476021183815,-6.078460138493439,2.3427661390764425,1.9682830660773218,-0.6706852185739101,0.9540246035692634,-0.12416049834657894,0
-0.4584340323816952,-4.275985089879036,-0.3905660584932958,4.083359264714833,0.4889592186121947,-2.3434439025115994,-0.43276676493020627,2.1106524172269934,-0.9523810394662615,-2.2846013457362524,1
2.5146086053404835,2.1423009834618822,0.6714624841228019,-3.6356432049094587,-0.20766872998821972,3.5569426211773103,0.7271809502861457,1.2759341646550642,0.7798392852190038,2.207645145107442,1
0.6843080178636896,0.01796449653192593,0.5928556651036779,-0.03199722949572022,-0.2825412349760432,0.8199460891238801,-1.2638329082037867,1.9835176896849034,0.9118935079149743,1.3297762909956417,0
-2.8587718436783964,2.4323915581114375,1.7824287181230196,3.780560640893826,-0.8652201829737698,1.7429075243197358,-2.8235648593302822,-1.016449198476241,-1.891821791992614,1.2268423144412997,1
0.147925434937634,-1.2112204685715684,-0.0807170021792766,1.981901505165209,-2.6266950722639537,1.6926384084686013,-1.133017145876719,1.2162844089906009,0.5554181862150223,0.6953314616420667,0
-0.11385333649893448,-3.4002884701154863,-0.3598128481341595,3.2269471407739334,0.2835644718990429,-2.2710998012220776,0.15146484776881575,0.8935903389922184,-1.7210701835426891,-1.562186978208638,1
0.7355608161905058,0.9884457048294971,-0.05635976376778086,-0.3348533514314051,-0.5534467720753852,0.7634488794986416,-0.2833225087520743,-1.0359010168091296,-0.9180404001963713,0.47519223952283274,0
1.648871735739209,-0.021806099022933914,0.6664642412654597,-3.4016805106809076,-0.6244389801753163,-1.3467517438493042,1.3318633855881181,-1.0897872081489748,1.4848760293927998,0.8918074864372009,1
4.176985008001385,5.273055450173039,0.24474468205352048,-5.591356733254267,-0.35268937834407277,0.6936338294734077,-2.596273254247183,-3.0825203819844855,0.04911343537638735,2.9867899437505585,0
2.0445953510400745,-1.1531010323084105,-0.6601570524040813,-1.8833645824561482,-0.25537106952879995,-1.2198044862594486,-0.11250021539162902,2.0820766420222343,1.5747280693089667,2.117037436788892,1
-0.4984931416139686,-0.6561756283694735,0.747436340539774,1.3214606866560419,-2.1139772292720114,1.2650581657353974,-1.1481980822685798,3.083630761126717,1.2874856844901292,3.9086461515316495,0
3.007534849444512,2.399082135625816,-1.2607264800993632,-5.6422052415963915,-0.5092840064635767,3.0842850411651237,1.590116063167276,-0.05512353596386843,1.9683978713570511,1.5378254184737903,1
0.6090537870216604,1.0194110601705322,-1.6362501493275248,-1.3120840943405532,-0.7562083666097381,0.9102599038473862,0.7627595240059031,-1.3290793690740006,-0.2785125176336053,0.5313926756166387,0
-0.9624069992251938,0.303788698563074,0.034362991271670515,0.18388686941220986,-0.9557715365705403,-0.9113554777543191,-2.6337303529338563,2.8304702714324037,2.8000062015225557,4.252171639142253,0
2.199337715877652,-1.3640163645115588,-1.2001538107095353,0.9080955474169934,-1.539997322948837,-0.32365641980042525,-0.39033067834080193,0.41744882182048504,-1.8488446025519727,1.7138972236237877,0
1.3658309483337203,0.6209082703427371,0.4209344221242874,-1.230820333342599,0.8706376619181171,0.44125206146886364,-1.4356890350638811,1.6748297955755,1.100095362648233,0.4499855588748616,0
-1.2434115111881199,-5.204688696141832,-1.7682149870183037,4.672796471316465,-0.6147519358967872,-1.5544984856189235,1.4599193019173906,1.8620198105410843,-1.2406740612979519,-2.26886744185751,1
0.651724871762143,-0.7947899021156185,-0.3297364500892954,-0.18099344860918065,-0.3456810053127598,-1.5106378966400609,-1.7047781110605014,1.0013006453705815,1.687912206388983,0.42553032872091345,0
-1.2029938023323843,-4.16071486936545,-1.019874737249432,4.092010026710482,-2.0166534749969753,-0.6241701487865392,1.3786563056068417,1.1473010700573574,-1.086441352627705,-0.5718383569853693,1
-0.7068832601984218,2.3624010663507224,-0.7105950928838916,0.0012569903729540513,-0.19280340712598498,1.8652186291456498,0.4820034371161007,-0.8367738884443543,-1.943671725120923,2.4413506647571728,1
-0.7180367897314497,-3.31736672541034,-0.002607526534208225,2.770617374067282,-2.6983811268939446,-0.1924136690347542,2.288050371884835,-0.4536188761781108,-1.3487715583952014,-0.2609390690379725,0
1.573044787433759,2.2335365906989377,0.46131477944828,-8.028430974906767,-3.668927026225885,2.517477793999687,5.710382127005219,-5.755892154738042,3.537141352759926,-0.46384329895520104,1
3.384015722834665,0.2304833509777635,0.08620235571155054,-6.615788151543461,-1.2851128133106755,0.5167706465768797,3.3419157944887337,-0.8696047390172997,2.980368086046235,1.0775334731828852,1
0.41139329747849473,1.1450836524437487,-0.4425622623075762,3.661570064569146,-3.759262616868615,2.145676571931706,-3.294587940580521,-1.3205466550390235,-2.883366004664726,2.694082811966088,0
0.8608652249413176,0.5624251459766777,0.016210471663786113,0.48720286332690643,-0.6605911856404248,0.5650969888957921,-0.5693167890459849,-1.0749980458397208,-1.5750750765251553,0.20790168603501447,0
2.452848337700156,-0.10243381097689912,-0.3573323223565642,0.8309698485108143,-1.5822805242719211,-0.8425833813000869,-1.0662123050105083,-2.217986236835605,-3.1454358193728793,0.8404466448264517,0
0.5227766593153361,0.10447667306010841,0.039860401743357046,0.6352577403921019,0.7633074159527622,1.0790287433656505,-1.9600195618848657,3.941076479863776,0.6135023150858764,2.3606363379227338,0
-1.2729265634756999,-1.2974745399063687,-1.2254201982156143,2.5782920287324056,-2.3027822816121226,0.574246439616573,0.2656334072177633,-0.06267565497676753,-0.6183770445582351,0.8234208716829938,1
1.2080465294000309,0.4908541389584075,-0.3786977576542616,-4.278286247537454,-1.839680261320089,-0.26120024892147997,2.529149710007442,-3.5472495135244277,2.182077873709486,-1.053176101967951,1
-2.2269244839473608,-2.4561372512022057,-0.6473530745126671,4.548647502896123,0.08553899622986716,-1.6590055847338752,0.6947769459798763,0.7092428983655638,-2.861114047900408,0.3354226751290492,1
2.00949247584452,2.9663121105818773,0.5992814474733466,-0.5479661397643735,1.3640991680960606,2.2127415947606526,-3.361217360424294,2.063331309029674,-1.077642223866792,2.477271003409939,0
-2.404236291623727,1.428819141967011,-0.30381479790209515,1.8609406776625044,-1.402585590380529,1.6790109395771382,0.5598263372219755,-0.5503343679098986,-1.686200033381656,3.0890720288096345,1
2.3684505715172683,-5.09464057367956,0.7238889171494339,4.118811890824683,-2.5678062555887977,-2.1132601852756574,-1.3068362218794867,0.9223362169183873,-1.8886062253451945,-1.2009128942483165,0
0.8181285243880019,-0.7714531511462958,-0.3737057607536208,0.771624095981071,-1.887513534763889,0.3773347177245583,0.3026721191662979,-0.367017020555249,-1.1208052409662566,1.2786678591005063,1
3.1088439163432904,2.949400422101117,-0.5646154554959961,-7.187102567180621,-1.4065052898344041,-0.840700928865955,-0.27891915703516623,-2.592500610313768,3.8629271971903063,2.2987478669376684,0
-1.9751154115328688,2.5678726729287384,2.0711748834759365,-0.1683813185229315,-1.363001489687309,2.585026411878083,1.2242926426287704,-2.9566510985438628,-0.6677732831805938,0.1871716487438756,0
3.500193665377573,3.322659369619132,0.11760464420079242,-6.43393171152109,-1.1299062162730844,2.071056520449262,0.685206291954106,-1.584483387598166,1.9902948203479118,2.3817046142157903,0
0.4203981026837842,-1.745429269621017,0.3299324038500719,1.588308834197332,-1.0570910421603905,1.3433755967521968,-0.5897696016475937,1.8688070971550363,0.6583609373160692,-0.9327549705062268,0
0.18734091592746605,-3.033209394687607,-1.5213476472910896,8.530969330437507,0.03209240008497294,4.882737446174936,-2.5919440477809195,4.528228895535511,-4.701452265507407,-3.304822646184089,0
0.05748678340868485,0.9184103874371823,-1.0306866688314031,-0.6405663447536383,-0.3782080824980729,1.1706089059541112,0.5603355414639747,1.0005289088004745,-0.3577583857406894,2.996858775766925,1
1.0068642956119445,-0.08730045149043696,0.23282306213007803,-0.49692712341359446,0.2769439665722575,0.3508765135761772,-1.5802896780848066,1.720001926158886,1.4927689469791594,-0.0788554827744663,0
3.655092366567745,3.7926877368921197,-0.3502078928894233,-11.201772244752625,-2.1404197527530733,3.808621171353535,7.6095028886711935,-5.47929868842674,2.393751105563712,0.890940194038569,1
2.120549030016245,-0.7167056056861271,-1.3316706827909142,0.14163298359539117,-2.4793900479713953,0.8017118055235332,-3.007001312652834,-0.21010934969407302,2.118675802026196,-1.7803933330309607,0
0.9079275383177084,-0.19864333488579694,1.2453579650170814,1.6067760213546103,-2.8060401360697167,0.4864488128534974,-1.759844513601975,-1.5037771099122441,-0.9098209342821181,0.3860686856595439,0
1.341775944171104,2.8446793846756226,-0.5794823074971726,-2.32141225372463,-0.5897513012910616,0.9323059993762718,-1.9639632203586144,-1.1182017042679147,0.9084301679743559,1.5486513659107128,0
-0.15010603638634556,-6.612455996782647,-2.6711982840835735,5.5613568843242,0.012209221858467512,-3.3830577957813266,-0.014557412734031105,2.439148149591413,-1.425418878527635,-3.555615758517723,1
1.1147545977425277,3.05202292445036,-0.7125500352019113,-2.386689654309554,0.35614943450987346,1.686494433924865,-0.617072322669332,-1.137431318871689,-0.17546617165201295,1.0178434850422808,1
0.1438634005786651,-0.7760876163854364,-0.614545012554613,1.5345841392786774,-1.1971789574278726,0.09134654251831442,0.19125559573131223,-0.9147204401345548,-1.577085970069636,-0.15142514987196165,0
3.8071551751831,0.8290294920341502,0.9637922543256028,-6.345621173381699,-0.7825717778435237,1.1643008450145482,1.8982381579615182,-0.5671068260365764,3.0547963837781573,0.17508762379271814,1
2.38897777910255,2.727797410931445,0.3497471877757676,-4.260050467728302,0.34106463157259403,0.004552177540184776,0.31718009180783446,-2.107245452626081,-0.06490930118488714,1.481796490000186,0
-0.07296141349643159,0.9340161616727809,0.27462597537716726,-3.307497095728424,-3.632527371416658,2.075116569496336,2.752271577115864,-3.4679480452970957,2.6262791370287757,-0.26475311947335944,1
1.2540216427208746,-3.5774253782508003,-1.8569512772735017,1.4660100499133777,-3.4413214687790985,0.7536890086127983,3.1862239548429896,0.7095890542125528,-1.7801410246016132,1.9902642275705582,1
3.508977595035366,0.4733670877565441,-0.3722155856095955,2.39413986262606,-1.3632152692249504,1.3614215866450743,-5.431149459857933,2.4694921230051374,-2.115015970916728,2.998891942790886,0
1.0121222118064204,-0.3207468262666878,-0.4087558243388167,0.7655438476687939,-0.6064018709000885,0.7816534331085719,-0.7439310132698522,0.48659917821755827,-0.7749182100040799,0.1669731578922108,0
-0.43760016583155836,-1.1402321819499326,0.8509138291468048,0.8395173095087799,-0.5319738591586751,-0.6383165701388442,0.3254474840158955,-0.7110679392528501,0.16140044151198252,-1.5288017578065323,1
2.447731404173196,4.26350325437744,0.7246810933584646,-6.83705315068392,0.9996553119892015,0.38389189661725454,1.5327368405585529,-3.4547740100808575,0.7563568051352165,1.0701506528697622,0
1.5980474771239068,-1.4333607484699815,0.07064940806056073,-0.7226402199310011,-2.864208737860272,2.256603976459422,1.5010971120084573,0.6111142458233054,0.9081514243363307,0.6024417539592251,0
0.031024398626200878,3.045488138403026,0.8785874932293701,-1.6971047565872308,-1.0335430211567018,2.907290686507344,0.05989023607414967,-2.2893131090808305,0.08093683394798434,0.1520512967622203,1
-0.9547918896043501,2.540255793153644,-0.7479325200118483,-1.7039320255954276,-1.7528046439701672,3.34848684326799,2.474403751351951,-1.8019997682986517,-0.4091404641706804,2.341490154981829,1
-1.3152019291081491,-3.3801333690816224,0.4409020023082627,4.374668136516211,-0.5082494467591461,-1.2958486524052204,1.0447065876338326,1.3390010028496098,-2.589891180473214,0.22906140150457133,1
0.33079073121614244,-0.46318947959700096,-0.8171986390126216,1.636286067366591,-0.45784779758975747,0.8211141802782519,-1.9359837805042508,1.5388085163142295,0.09910631897272715,0.019198830706850245,0
0.3109972985956133,4.044082524548852,-2.0737825384000668,-2.668460964822527,0.6699578604630654,2.582254863970494,1.678185534735281,-1.713773885878123,-2.1823582750062376,2.9210353759802503,1
0.4215451351686075,-0.6585058751630685,0.5504769378407566,3.1864636193424363,-1.07789220542929,0.5094179833520389,-1.000435691064021,-0.030295638778881306,-3.268921634464658,0.9331339239653624,1
0.14381292323511097,0.2407578956874865,1.116056655280451,0.41646819528093126,-1.4675544364723843,0.5247857042076267,-1.6746140201235276,-0.024115523166903685,1.046097659149695,0.39006176442632434,0
1.009889736375351,-0.16829910331794012,-1.462242359040823,-1.145818189470885,-1.593044429401767,0.9297973932215706,-0.30741200902250765,1.2369128697744547,1.7241319806631696,1.8755125723711854,0
1.285152322918876,0.4121860899305563,0.6264957650430847,-2.372339337174669,-0.6827656139458753,0.3561238368613735,0.3511949771691215,0.20021203695531442,1.5311192839608667,1.1352140074236654,1
1.2849245939440843,-0.5126564918201436,-0.6856681666613604,2.1012530186491882,-1.0996741045671996,0.8990196207315313,-1.9323682407907485,0.7218773299265331,-1.593711862826018,0.4881094353327001,0
3.358747650042685,1.5292877964856946,1.2484471347587451,-7.709442315673113,-1.5746901979712544,1.8420658446159486,3.6814327198296923,-2.28417066946424,3.3643426265500493,0.14118150434520316,1
0.029583887836061806,2.5719340107097834,-0.4624327660811724,-1.92134586164937,-1.0243620715758557,1.3551263418963253,0.08601304175470881,-3.2901591355498634,0.344992581537481,-0.6043345291547471,1
1.6271974503460922,2.6606110460252625,0.7274089612646538,-3.5723258494135557,-0.9187399209320684,1.1560836932909428,-1.6990367787197902,0.48083855083940685,2.5898029453424978,3.2236121771203616,0
1.1905094318281708,-0.055251697303437555,-1.3876023172277938,3.295473861740344,-2.583907640040749,0.4091912516412094,-3.124707238806487,-0.5912245129644298,-2.7702461278052057,1.9616380261770159,0
-0.9295763161880887,3.8114016166558984,-0.094925308981892,-1.8125127828815897,0.5277628392969425,0.45128987491667205,-1.6582120999127907,-2.918667932933591,0.9198397874568491,-0.536654458588885,1
0.1453218027471208,0.9778571718871815,0.9403814551405262,-1.6865180941908484,-0.33931163681778453,-0.9315464718425122,-2.116374450560813,0.13015594798521624,3.053024893234303,0.5911047064568153,0
1.4854241625692688,3.9508635427395613,-1.3882860940476305,-5.793462435477777,-2.2227569764592845,4.7033881715692,2.7203648945630667,-4.035675599769194,1.8342914981659466,-0.39454635498711266,1
-1.0807281747992943,-7.044159753106487,1.4881630943468922,6.323720628309711,1.5912505399253547,-4.63152497268092,0.797900166360893,2.2806635068916146,-2.5701406646818112,-4.433925074765509,1
1.2872968408861556,-3.020659411766153,1.1709723950514748,2.9571727266766232,-2.5460240892873705,-2.730293381859521,1.1829719199997348,-2.807560904588279,-4.416238972581443,0.34802076694487283,0
-1.3938793484003642,2.8408784938955733,-0.2992718001808317,-0.718505330916899,-2.154138354257081,2.810148309448998,0.8345642318895228,-3.3554040134940593,-0.23428218896600184,0.5410921710899175,1
1.7070655840120663,-3.134178249790945,-1.2531139200488015,2.0914304237236445,0.9073811782540409,-2.8375640107294458,-1.15110772282807,0.7329250431848677,-1.3617132227083828,-2.572870496348787,1
-1.6196279376232865,-3.91435998901018,-2.0501367519807245,3.8555474184944876,-1.0337159620379872,-1.6493532259039183,2.351749769864333,-0.03220408031418409,-2.1415633952354147,-1.089760911465056,1
0.12271010512333702,-3.5419965878340953,1.1591538084272444,1.2836847753099707,-2.053140714307837,0.3740702891516965,2.290787928649796,1.3376309948874585,0.4628434667364101,-0.4539986346491013,1
-1.5852787406448965,-3.820178698923841,-0.49681396936700867,3.1039383307299353,-1.0049750099068153,-1.016861829406754,2.3889131619374826,0.7746535441656017,-0.8778296315983318,-1.0936970537550448,1
1.9697969161223639,2.029747895644317,2.225210664386909,-2.1851481767545473,0.7000200961886796,0.934634554086313,-2.300689628208638,0.8949781456656543,1.209323385207178,0.89281548234658,0
1.7187585706045232,0.7052098918162731,0.7991794671717931,-5.670768637246163,-2.3911094197555105,0.6483040806351366,3.380437237296106,-3.1877179259312003,3.056139031182969,-0.22917361727505248,1
-3.7392196260644637,-6.162571188638177,1.277535787825389,6.037487614458995,-3.304272762512858,0.8526977620370704,3.35899258939823,3.533376441876043,0.16035710108814838,0.24363602316566246,1
1.4231111063890842,3.8250916200830387,-1.2076297942436878,-4.070940200791442,0.20033538700066345,2.351807635609889,0.7778342776205203,-2.1589794615565197,-0.03639844531347425,1.1223345474489463,1
0.14437627083194604,-5.660748829278239,0.3021104711748872,4.0322269642836455,0.30636213223752806,-3.770491208011763,1.4353914844239197,0.16621244126197987,-2.3217402109558205,-3.9452865135752924,1
-1.5955022667605725,1.5021234098731355,1.205706399727643,-1.3842163099940648,-0.8092764765690472,2.143801180729321,1.6552204430480009,-0.8511117326553966,1.4439902415798938,0.36010994561683796,0
-4.025303327389533,-3.689198552974049,-1.1909074306403862,5.91986190795232,-2.9735796947433,1.8516845116059413,2.4188388866415105,3.5871897829200163,-1.221657042120602,3.293754839269904,1
0.17862387278146807,-0.7942346666544241,-0.24237877338628477,3.7033012681098643,-3.4397421086908557,0.24856049629574362,-1.4721211188466936,-1.1444146209335007,-2.9718044432870254,2.3667772756226313,0
-0.11089849557578235,0.07504070994468012,-0.050285168657492454,1.7713185798390987,-0.13458510889231856,1.9009338652520287,-1.9846694659205628,3.1714892737659044,0.14932364112506102,1.7230923494280659,0
0.8040469166492114,-0.9297508138332629,-1.0700935155433684,-2.393796602633649,-1.2026128776081273,-1.8748456578490882,2.210965443382955,-0.8330653226276836,0.9481433602546999,1.9509704526593066,1
0.43535031738427055,-1.710807816965556,2.2271128895015346,1.9696878049656206,-1.170702303969199,-0.4919425055890685,0.16091864725142369,0.3233432703077792,-1.6632119297117476,0.755995704439306,0
0.7801642972918847,-4.790204106654468,0.419562212269055,1.9322830144463607,-0.8868320430907537,-0.9701084516058319,0.8641684950026431,2.05466355449913,1.10345702338671,-3.0446315440917573,1
1.1664786198021844,-0.3510288936649174,-1.2349329656262735,1.9590913225944162,1.337625259257266,1.2155191687624547,-2.271751818710893,1.7577223016731756,-1.1802916251390072,-2.1145061663272835,0
2.0761658670226937,-0.5513641360220224,1.516264702240452,-2.2140802579010357,0.1474640684204498,-1.0202251646288718,0.055879404468043736,1.705634226619945,1.1387122352772172,2.124050939177447,1
2.281938730068514,4.199153172590499,0.9508858770725709,-4.262890207624506,3.377631645760512,0.18980711618021617,-3.1535232815711844,0.5638195647011937,1.5250904413760002,0.4207346942885414,0
1.1102443238123545,0.2647209681113809,0.502718963161704,-0.2819726064266154,0.9855745746396338,-1.020653062002443,-1.7714676508974545,0.14003869792252455,0.08683258453656828,-0.7457066018033496,1
1.1953232257940798,-0.20913212622210908,-0.39452150841011985,-1.2495722810410737,-2.5487786882159815,-0.7417834446959877,1.8586931749943227,-3.696141835702363,-1.1336703372162844,0.4306967460025195,0
-1.7303371049671843,1.146114301396285,-1.9681121813520805,2.7307627550633184,-1.867114817510211,1.5782606838799866,0.30348623194483415,-1.7934303078808478,-3.1667978263005647,2.1163808667162236,0
0.6826578220676529,-3.3497791032817337,-0.9378359045514608,3.2094632188201024,-2.2675932743897516,1.7628064061268702,0.02292747657769434,2.049779358233068,-0.41253306563363323,-1.2412585361125839,0
1.6622342800185117,3.8927768809009966,-0.3148573162398638,-6.012371369845746,-1.0803882546302954,3.392286354734378,3.604717538552092,-4.021322038450926,0.33351248982390636,0.6924108876348308,1
-0.6832623163988569,0.7929854046266096,-0.48628990383027526,-1.617517995488338,-1.5572020682941368,0.13361728313406107,2.9206379167306475,-2.2876433581309645,-0.5479512026573443,2.218742828800768,1
2.0227625251302785,2.5406360738144356,0.3519264099556772,-3.399131778694868,1.5357466996842035,0.4944127003607699,-1.871069652815334,1.7875994802459112,1.5800970360563866,2.535294607703628,0
4.140675021885597,-1.4565600794759395,-0.5666254275802535,1.7774062543521902,-2.1534444748650134,-0.3099787531752949,-4.480661731753154,1.8153068917520083,-0.9959184725013366,1.6420515047979622,0
0.47602838343234144,-1.3075504584232522,-0.3332489823210778,3.8015092418698644,0.1302532017466631,3.090446059776312,-1.9712738240336594,4.824830710018746,-1.4392860484872423,0.8867506419916789,0
-3.6561417596487753,-6.773816679426773,-0.35142472436612604,6.656145774813211,-2.5648791643346227,0.2469221954808063,2.64199639300099,4.143778158101574,0.296833669442079,-0.8626846314024658,1
0.998280223167827,-1.2299481046824412,0.059263162290103526,0.9167137877938762,-1.3775934016226496,0.35962670820573295,-0.9055350334941231,-0.21328795385452337,0.32213232041028395,-1.6108157989590959,0
-0.537602848065428,4.406102208118743,-0.3030963299981644,-2.3881296831490273,0.6748478519478192,2.089459116160734,0.4604045334751343,-2.662937703429326,-0.9738928254206884,1.2034521046104407,0
2.631499466395913,0.05467668187652676,0.00541544988533119,-3.1652516039087604,0.25880906788542957,-1.663854187298377,-0.7756311057862335,-0.2836613331206046,1.8449110099973587,-0.1870780937429981,1
-0.8825968921141087,-2.641907172746379,-0.6946535641046829,2.2652249677948975,-2.952776467340291,1.1115685764204373,1.326367781420151,0.8800588860945092,0.3810945452906467,0.36599581754998667,1
-1.3653671638157867,4.320257501246158,-1.7003824946362702,-1.0210022999406847,0.4909456246855952,3.8521300165235894,-0.1198310358835164,-1.0936795566790594,-0.6062735760805575,1.1232771697284363,0
0.5631680115217885,-3.2586692898951752,0.39552593591535146,1.4739106706819802,-2.0524652633078855,-0.17320251613927695,1.16727821473937,1.0166540574875502,0.20927378876914493,-0.36879951897516083,1
0.9160252191978192,4.513761999171411,-1.2321339266579934,-4.0190257944796235,-1.270290501400863,1.9738957868582743,0.04372347691518219,-3.9310792891909423,0.375326136269315,1.5727059000603179,0
2.0601245774816666,3.7283446080426685,-1.6675410666882504,-5.835514251396837,-0.8693318827279477,3.92108596155497,2.3179788219237283,-2.0269506890788875,1.3437598712122631,1.2180224608558519,1
-0.11177801291956935,0.9534256887641461,-0.9740223356047073,0.21230185556856426,-0.6003998242034492,1.2918370127373704,0.16093379547234998,-0.5642217460093866,-0.9706669780208352,0.8836152425697391,0
1.7520412133346033,0.6293460598987536,0.34375942784506036,-3.145446561758239,-5.04257640530258,3.382055163146003,2.268303221034786,-2.0214895012041127,1.8138918539366204,2.2555906458215382,0
2.06888471885445,2.7577508178908685,-0.6841933928473997,-4.621612857792904,-0.954254798427681,2.347001870893866,0.6164932011541364,-2.412783287172333,1.8271776556734647,-0.5371399327060733,1
1.1242152244726127,-0.8916752069225131,-0.6236419401113744,1.0770871824816133,-1.5588635027186988,2.4221378828321525,-0.4225889914043811,0.5985611861572293,-0.0800163492307644,-1.3231578217614035,0
-0.3196878389159148,-2.4183655864085516,-1.0016949009364107,1.2884098949715275,-1.983869091695229,0.4757423267304741,1.7520139946623827,0.04002706349925411,0.14164823201154375,-0.8464617093215282,1
-1.6354675880298077,-2.272614845008107,0.2086925835435391,3.8871823496256854,0.4449282609216918,-1.9958012383636077,-1.1949111225968325,0.620857679125195,-0.8931519615452638,-1.866372127812938,1
1.4772208989948246,1.761319076441515,-2.1712972988683354,-3.8602097235551174,-1.9025383561334046,0.32356027613955185,-0.6784749741860396,-4.317194547755003,3.280830929154275,-3.1596340754618053,1
1.9884723466786256,1.747309805875265,0.13912340458235925,0.7533616235886404,-0.2552417694401121,1.005169700176379,-3.8774386402995042,-0.3270734375819343,-1.2312115527740006,0.14580761111156348,0
0.9631722685323146,1.2988936125744108,1.6307296654757086,-2.694064854311125,-1.4416906969916794,1.5597279084606395,1.3127849521492714,-1.5635549757389922,0.9201775981873436,0.6800100169137471,1
-1.961524675521003,0.1356838655807594,0.7447866297244261,1.097683460564185,-1.5974492538690486,0.3288657570421678,1.7136493719361505,-1.8892435395587102,-1.0588977358685925,0.9321074434544956,1
0.10744334775828257,-1.631699733739016,-0.06040473757777612,2.3211680776599812,-2.7175453079203615,1.309667555145729,-0.7199417275829174,0.6625583332450955,0.03435656926408248,0.1928866240367394,0
1.7928612201776837,3.016960240962629,2.6619712896660075,-1.1516032111978378,2.195386923851239,1.1087193257159034,-2.6330030750780655,1.247720346360151,-1.29283457099404,1.8923666080207937,1
0.40818706603505506,-1.7609378214073068,-1.1162034490795634,0.7771867712247995,1.8424792872601246,-0.9205568696619677,3.2321830231465434,1.0559763804681945,-3.516494961931136,0.6911707439725414,0
1.32920835040867,0.26229355203774785,-0.19693217727735496,0.8555676109981455,-1.0359388668571432,3.207375498039648,-0.9248911665977686,1.732854293160694,-0.7267565906292202,0.8726012939116625,0
-3.082493761794065,-3.19083477287581,-0.42943629650827025,6.164782106411087,-0.46372095508299105,-0.6809437477098734,0.3368925930731316,2.311126660792009,-2.5698760329361727,0.7754148309871474,1
-1.3980544132345676,-0.7631645454351799,-1.381078202718446,3.671533940258834,-0.3029182853557244,-0.8934136660915413,-2.0727194945683225,1.7980844591869594,-1.4035493841415705,2.2912189688961595,1
0.5393617986936183,-3.3103256163754486,0.3025594074423689,1.1064807673299037,-1.9376491959508946,0.4658341988550294,2.078598302654952,1.586726397471716,0.18073667726107212,0.1060074161216431,1
-0.06961762462810395,1.1545511050116541,-0.48713404936806065,-1.9832602859451174,-1.8830436173832803,0.5470814067962905,0.9735990822122371,-2.9776467931434056,1.2010507579361822,-0.3481591830783226,0
-1.6023995945135228,-4.188921962952049,1.277607382712714,5.835686078166143,-0.5980532030407355,-1.3152649645352432,0.08192444302337942,2.28967870390756,-2.4726078466676844,-0.2901313718998585,1
2.69075010556457,2.763368857863526,0.7754273317568555,-1.7465248055634621,0.9275525292660582,1.1368586582683287,-2.6352352532547276,0.5373534271510738,-0.9072097430222231,2.0408717272074117,0
-0.33960827652607883,-4.128780066281091,0.09052256546343859,4.239401326809058,-0.2808542229932872,-1.9532296779622311,0.02947528617062456,1.7578546719620043,-1.7748354963251112,-1.1098683193254768,0
-0.2786466029732394,-5.136197598413763,1.156730415255911,4.675043308971348,-1.8856304198876925,-1.5690947613570927,0.919387943236109,1.2076997447495832,-1.7729797964778369,-1.2407056994436974,1
-0.5863396356005177,-1.1527366411975744,1.0897616974248518,1.6543102446772893,-2.315252969357438,0.9817757578737984,0.3387906943142869,0.3944845271424454,-0.06238492922147054,1.1189813710887972,1
1.8186685838061434,-1.0483288729539535,0.822202382785332,-2.2731713691277395,-0.037611885836563164,-2.054844927058587,0.5579666792587106,0.626822956323603,1.2369305733566296,1.2800072105104892,1
-1.0964761931025708,-0.5882770175748525,-0.3740772583970839,1.5210788571732226,-1.4077278595767466,0.1775223655733832,-2.093917234311469,2.572830187747643,2.0518861088067255,2.3893157884351415,0
-0.5563663359541111,-3.9029678550999045,-0.487948649196249,2.7667180763082304,-2.230088215542504,-0.24928144634308524,2.2872300133369468,0.3029220501528187,-0.8375238386547226,-1.060114569750671,1
2.0493225266661126,2.2796123989274357,0.23810832525421385,0.9768022198691942,-0.8596355966850198,0.6446799456479826,-3.931403951426431,-0.8065963857724394,-2.440426853272153,2.321192129799382,0
-2.4723481205102216,-3.7123892361795496,-0.19099717199523067,3.8854254121472573,-3.948220829528691,1.4987069532260553,4.07627784665467,0.5506244572607539,-1.5388439385621204,1.695411797255319,1
0.23563565161088917,-0.48106224968643063,0.7896730670157065,-0.14646138541054463,-1.0949995757857802,0.24781884045719416,-1.1758018521690454,1.5541442447705203,2.034182281734487,1.0866985748146645,0
-0.4721278463980525,-0.9014539970348319,0.2368039336465641,0.33236543432295557,-1.4843845143868468,0.10455174595686056,0.7288463179955678,1.4837656221802082,0.5809353543112856,2.9422131220686873,1
0.9964506034636116,-0.8307842458966795,0.6795355951937535,-0.20427656782059667,-1.847743171489899,0.03620677116679427,-1.1608368216376959,1.6861718663131324,1.6285567348386474,2.302510627317446,0
-0.00876077508517703,0.35751436958341365,0.5672566126252463,-0.7988929588623814,-0.8466039202682933,-0.4195967445585338,0.8618103170654732,-0.5475820034925898,-0.25105563406564335,2.2554149694835575,1
0.7478114146831218,-0.055901021698895485,0.6172871541468608,2.2984801141112006,0.07842901402110747,0.32155369339363515,-1.1741228787824776,0.4476556826893112,-3.09622753915199,1.0465465315349292,0
1.235454623944351,2.2338757715695547,0.619118512289438,-2.218631857710721,-0.36846881221704475,1.0549034148378174,-0.9583914786458667,-2.2611188800839086,0.7175766891583568,-1.0823620951898651,1
-1.0074435265768873,1.9023385839056133,-0.405614971709498,2.2507520245085195,-0.07806971795586248,1.0033052192263903,-3.528537799822306,-0.43325265615251285,-0.6322784669340478,-0.21912041900435475,1
1.8692972273683808,-0.8121072668479677,1.3596200059831587,0.8728780199601551,0.20098379557917956,2.080495634773923,-0.9848489180111634,2.429166278610749,-0.5626179551474513,-0.6685021382363572,0
0.6788612412600161,-5.179014151832684,-0.8799320083503116,2.8120846731996725,-0.3036865062490145,-1.916681996819304,1.1624293528800285,1.6471563513441994,-0.47599608105388613,-3.1356176062891645,1
3.7208683225355768,1.9850664964726514,-0.2986134794743056,-2.2883125174855663,2.242214536105748,1.1307170300713891,-4.163423183731216,3.697417330495944,1.1817912739624787,1.5048023035299354,1
2.3124774234635312,3.1542919504773295,0.858712405815314,-4.376199890751194,1.1760859930521832,1.0847779773841517,-1.0803824493147394,-1.1037359021623225,1.5674534493246095,-0.4758169788181079,0
-3.018412796416146,-0.20363828932488787,-1.1946262890204093,2.401069613208895,-1.26220322097187,3.1336343779289857,0.7470412390206547,0.5137636474188638,0.8897284093196127,-1.4151630540287754,0
1.114716969867374,-1.9541720014527608,0.6719396872884156,-0.5931820378462617,-3.5615548868372273,0.6791040273589917,0.6902188979012178,0.6179197311230786,2.15908509744854,1.3495718572845572,0
0.06373861033682138,-6.941638882560742,1.7009483575989648,6.298667579588225,1.8293382749330096,-5.337462972637184,1.0173880889822262,1.4774042423733706,-4.618511983258564,-3.754683397623627,1
2.1393841696104285,3.9438728708505546,0.25318353678873656,-5.226257239225033,-0.2249719600567417,3.893961654340698,1.973781792088062,-1.7434034722925273,0.2666384815547763,1.4678687957934013,1
0.6330333152732746,-2.72769613420731,-0.6294488036554696,1.5722357648026264,-0.6050800165946654,-1.596827732324182,1.4002227260057842,-0.3337591862035354,-1.7809468674675748,-0.8288916853017425,1
2.1320635732215325,-1.8605747529572145,-0.7011250944170222,2.526067228344873,-2.2558053754902856,-1.0371156364827034,-2.259316958271551,-0.0011410322729048517,-1.9075407519562173,0.9081266206337855,0
-1.4968884857486118,-1.0354036624573264,0.9058259828170406,4.957840964678659,-2.438546289376891,2.011287713620508,-2.8832531199456577,2.810955264879798,-0.5090007452084484,2.236163155290689,0
1.1399710469134257,-3.8728015592019105,0.2286696696186542,-0.2823566625911892,-3.335022008868759,0.7759357492598145,3.8893964946256516,0.04303445423157748,0.8374912714442302,-0.7365296441671226,1
0.6210548032357732,-0.8330305404766875,1.1856347082423253,1.9594974035892139,1.031632861467707,0.7538712560662095,-1.9629502821798048,3.0112743726947997,-0.4685132262113605,-0.24059186131554977,0
0.6855752922752396,-1.637666711139812,1.2399319048322957,0.3814957979964552,-2.4433890122992374,0.47709863026713006,-0.4158725590123874,1.532083360544501,1.6402457325035287,1.4438746687261115,0
-0.08589908504612875,-3.577754360321829,-0.11336989531944563,4.6566966500576665,0.4061362480761823,-2.4884436360604067,-0.26004837776793477,1.2150906352153124,-3.489409039143891,-0.6278782882879805,1
0.9234494728414102,-0.26257379172141987,-1.1205462757794566,-0.7873428779839912,-0.4558763100341894,-0.7414557997766607,-1.3003483258711137,-1.3317294321901416,1.6750151301562664,-2.6971336291136723,1
2.1192309472679547,-0.7529002675955194,1.455355470328795,-2.1099227157672824,-1.6579052825556788,0.8516494387174102,0.42946033447468057,0.313274975959452,1.9513998317908574,-0.04761863644832909,0
1.6728164600813573,5.586060404349063,0.7667828489965668,-2.842336672186516,0.7215611121639574,2.827622081370915,-3.537290206523064,-1.5129668963331602,0.14054541069837834,1.1436834091821277,0
0.5942167595782497,-1.6626270893802608,-0.7106155194142298,-0.8651194159528444,-2.167791657827967,0.46377123410025134,0.8653082426854661,1.2960593061256203,2.365861715003896,1.0529249631983015,0
0.6152438878943265,2.0025038317933572,0.23745767193676584,-0.2988486183711969,-0.48974589612248787,2.5321284375771915,-2.1609967004220714,-0.12930502802558252,0.6522491081214499,-0.46990488301843314,0
2.3794581543102025,-0.289200405856782,-1.7524207819494007,2.5295803120241716,-4.260976711074066,1.0112180945258273,-4.183406503733739,-0.415564319852041,-1.058870396079497,2.104423150784108,0
-0.4744851445260545,-7.041642669190047,-0.26544077787201475,5.02230030227653,-1.0368728321531138,-1.7870028931170463,1.3114754040878513,3.62907054193946,-0.2060752618577012,-2.56434071959322,1
-2.828183418432241,-2.0688227491000726,-1.1296941688191142,3.5086618329939414,-1.9033431980553561,0.5751236891297438,2.643937221498679,-0.058100135568860845,-1.8090973778265629,0.9211570761029528,1
-0.38389205321254605,-2.4711021571761442,-0.2558846253867874,2.9444926053843425,-3.3066729444294354,0.4801862850499411,0.5788102293675228,-0.6464822674825152,-0.9302477944065874,-0.18644361840522605,0
1.5045364154857124,1.1074376345961354,0.0070984001775593756,-0.9835720933533236,-0.9200488911817573,0.5066377363532936,-0.6993614202517857,-1.4477864154410702,-0.5872289635668264,0.49017385889997966,0
-0.20894738532386392,-0.14050265483817198,1.0033747052562585,-0.6757353154235958,-2.3399815348874116,1.8325204105776802,0.23784708900342633,1.7525365109015267,2.289403784662799,2.812014292027598,0
-0.8942196980088091,-1.2004241657798616,-1.2984071588938326,3.2829390856799856,-1.2138860846093016,0.8779495918687101,-2.4420807937162743,2.8305930970346314,0.5262621496848052,1.1743177224308037,0
3.335321231980404,-0.2723513401364796,-1.2640205848647341,-0.849741317286646,-0.4206504845475557,-1.4095445719734547,-1.8593322963498045,-1.2898035357487987,-0.8420309296828656,-0.8366862262834553,1
1.318811618514546,-2.3202720435159336,0.4703447416588323,2.244267154516757,0.34588330216169005,0.13873705389034452,-1.7027910049200297,2.3362833969008943,-0.2113999597247831,-2.187315870326504,0
-4.039644834862519,-0.3910733663818498,-0.33712492967259566,3.98993030470994,-3.07506134041597,-0.11460363987860234,-0.023336003746351253,-2.3928853424872027,-0.6394067942520041,0.5309646468103304,1
0.5194391917431538,0.4510316155697253,-0.9847775858490169,1.398511150382111,-1.58043888425529,1.5220946178855723,-1.7873562509662495,-0.05173851369068916,-0.6392220394504297,0.5894070868865193,0
0.5777418887832454,-0.9026670505026346,1.1639678234819042,-0.04950940084926479,-1.8455904144240454,2.1688658521062965,0.7310321532119048,2.8277126739646,0.9179034549852751,3.0441443952038987,0
-0.9624455169338183,-3.4780218736685597,0.42020114988463075,3.1933323771643503,0.3580576232903827,-1.6405384669618537,1.490050971667535,0.9032762583494934,-1.6942765844175285,-1.7262384606136791,1
0.4248246048453783,0.6243224236834575,-1.2933724352500597,-1.052996071813044,-0.4475284170093351,0.06446258547651484,0.31640052030520094,0.027714748947598844,0.03974965126664076,1.9807628969964446,1
-2.2872393180634636,5.231420604860287,-3.136944410632009,-4.3153939175031555,1.476753739378172,3.231453766305521,3.3093796701654083,-2.92608349097258,0.4860588394380234,0.7176592950747736,0
1.7439897949455345,1.5467160093539916,0.26393805938753934,-3.9052119327715653,0.04974623447892901,1.1709802974646475,1.9460725340517375,-0.07176481225871145,0.48806432157880797,2.313279291120871,1
4.038978003726446,-0.10063157724694424,1.1773511017291651,-6.97671562660625,-1.0912718605540295,-1.208915525386021,1.995918113053718,-2.3431617166756924,3.9001575237072563,-1.4404092858239972,1
2.999598114791631,1.1128418445633135,0.3718148193471358,-4.163591013374223,0.2773949088078198,1.2700674884435545,1.0566855101598924,1.9270938669734132,0.8850096994701615,3.447419106268358,1
-0.3271242372821874,-1.9946499175550647,-0.1336662444220193,1.974241123173487,-2.636445892136542,0.9156520835631257,-1.0040648053469123,3.560095139978528,1.5668883215545146,3.3652544010071224,0
0.8814786111829515,1.4820085086158086,0.8105786903209016,-3.3602665725787704,-1.5623462624204731,2.017440942925758,1.9682766271290992,-1.3240101479623174,1.343808482215615,1.225735916376878,1
2.047058018568494,2.703390189689112,-0.5484646272376951,-2.077586354579832,-0.28700927968754975,1.2035282711273783,-2.1467884104042483,-1.007917063702279,0.1666503015102918,0.9977074596087775,0
0.8152939860334892,-0.8352898224749261,-1.9926284207722151,-0.4988958927739628,0.24930722157365381,-1.5846103218838792,0.339633370333987,1.410991624667247,-0.28789025336815355,2.549869909063476,1
2.82749202283714,-0.04738841058782754,-0.08708100516831502,-0.8269979606292689,-2.0632061859437565,-0.4762620186981479,-1.3583210644685888,-1.5674876540392186,-0.5045740868197403,0.6668151958737243,0
0.1376545859710514,1.1047346695303022,-0.8187644914454223,-1.6176084679549154,-1.198518910593974,-0.289166276769127,-1.4694414118588777,-0.5251656393270201,2.4982580878897735,1.0685919768071868,0
-3.2001327748816997,-4.827000983416872,-0.14573269458700738,6.623813893771844,-1.0949779443169867,-0.2895238572071279,1.0842616196301935,4.016756697256856,-1.5676148765411577,0.8971605347038618,1
0.18355988480973573,1.541224274550919,-1.1158742350492263,-0.27065652385521927,0.1368105053210491,1.025581501088479,-2.315479175397355,1.2004827769821445,1.0555713592713847,1.2343287385265518,0
-1.559986174278528,2.2471393236992783,-0.7795302802124575,-0.719718313960683,-0.73336164291053,3.900187649304531,0.6265960412518714,0.09771106984928868,1.251899506980155,0.48393203371529636,0
0.7126968094645019,0.3614694774091353,-1.8541714458791532,1.0341438978917221,-0.9345727500920497,3.038359405419549,-0.8633921529675691,2.9466299485217395,-0.6327692376856151,2.9541658806772952,0
0.5364086916165003,-0.412289930689978,-0.7145476755486985,0.04759150150805138,-1.6117293452139372,0.2947961835364459,-0.0766242392631975,-1.1161490685076951,0.2743477165788175,-0.5629433207880288,1
3.8787458148280374,3.1605157672495405,1.6932417416603545,-7.098793221679893,1.2473949842756302,-1.9960283816571471,0.1792042797364346,-4.283479312623964,1.2899911202655034,-0.9339965184139052,0
0.9865306643012849,1.7968701314132778,0.9443229821221635,-1.0565498331229441,-0.22464056290214385,1.1557480074982336,-1.9427807835779745,-0.08248533412309189,0.7538387130696635,0.5269314152476214,1
-1.1153339226582037,-3.2078941208475897,-0.014773926453555637,2.2062993746639563,-1.4141458964679374,-0.8536912083093242,1.0980021802334072,0.14615617009570647,0.7132376796126232,-2.191908183659301,1
-0.01085023131759466,0.4082481776774227,0.6887360064345867,-0.904316518176829,1.0731306203744961,-0.7396262701683329,-2.2470132463494297,3.385687623751913,2.716103566522504,2.3572949736945517,0
-1.2051448227790407,1.118370032810699,-1.66855795436055,-0.32717680553163975,-2.797322271321516,2.8522669320371703,1.1584239987455311,-1.5298175854053504,0.9102086322192612,0.781842920113256,1
0.2822640171756391,-1.0658867275744832,0.5546148354529468,0.04640219005170732,-1.3120958243708833,0.3448010103164364,-0.8240157675223794,1.7942910032802546,2.144533142649065,0.7816390887815219,0
-0.5948006069509562,-2.560327920816895,-0.8030925990287531,-0.24276450477932593,-2.031914981681046,-2.8742250460334677,2.5059193997171834,-0.6300269327047203,0.6689099093804636,2.00794832813795,1
1.4429092395599037,4.591054866479907,0.6590453151355288,-3.3075802067809366,0.34024994027096733,2.1664156422676726,-1.9999957960287362,-1.3989751311533287,0.5512917632516339,1.612875739788263,0
-1.934329218445576,-5.525755193104186,-1.1949066163245392,5.306976765048564,-1.849933349838954,-0.8844478165109344,2.8012973332857807,2.0612740371640337,-2.0209832830318355,-0.19550382502699581,1
0.006489358199918582,1.7448346374769172,0.30435676298479125,-1.8223251051804323,-0.383331068858885,-0.15712334967189734,-1.9687182303915938,1.8499255651289785,2.51740629854271,4.212140866123195,0
-1.2556413954662975,-4.09929316866719,0.48038111802120453,4.340729565536404,-0.35809813176787164,-2.0389909750526902,0.7956284172853515,0.7066917869732423,-1.6931024019969385,-2.0682743646282105,1
2.4630966006931385,0.003129321986372468,-0.9321817541736991,-4.108139171825699,-1.058683398864847,1.0465037398017745,1.893672964313568,1.1300875661761558,2.101828833366426,2.3341539601167263,1
-0.4276187812036142,-2.747500406723352,-0.7588194346769976,2.7290773603645597,-0.9143421727818472,-1.0188352224317925,-0.059230489904745776,0.00909114907300168,-0.4403939741064993,-2.2280378313758487,1
0.9903595728094922,-2.028906099555529,0.9438814507827277,3.7214764686850743,-3.0370482849315747,0.06322198947848046,-0.9593813387786719,-0.9487413879940391,-2.9735882052695537,0.3903497121049857,0
1.7937472346181136,2.9135120569752084,-0.18240938346211924,-3.3754294486860474,0.7086488828965469,0.44783041368055776,-0.5986887821685254,-1.8764215128989747,0.15539631741131354,0.3788570576231942,0
1.319700199750331,1.9399180056201972,1.4757999475823749,-2.2821347136290098,-0.6699360489660212,2.4734289291191685,-0.497031586915643,-0.07000930804107353,1.2353992661656654,0.6282397107480897,1
-1.603636637807993,-3.420931919558822,0.26814136609721806,4.153357513692729,-0.6821575832332506,-1.2550146207311683,0.41529188040067844,1.2479888019354315,-1.1032841131838724,-0.9836723263919166,1
3.326290783336184,-0.15713077450552634,0.24203604044455257,-6.0048797841860955,-0.9719848280537181,-0.3295232537697632,2.2429530751139577,-1.1142479336876505,3.370035179219854,-0.41467596991248135,1
-1.9000000337769416,-4.612355618068892,1.1763479589634867,6.357432420384134,-0.4302440208138515,-1.7223614473946012,-0.37265075600754893,2.64542390805262,-2.1068285409889516,-0.7855462996414648,1
-0.6255498328039337,-4.693736082454864,1.6694406687671797,4.7378925372747664,-0.5202704417594566,-2.437545987100627,0.7403106006917697,1.378461745816783,-2.42933687346809,-1.0070260248652863,1
1.3661712040143115,2.6811922775917814,-0.6246048988327543,-1.2133476362197009,-1.9756274000367728,2.523015659319953,-2.860350791643174,-1.1625815323515611,1.2213804405187503,0.6950561045140802,0
4.096226104769574,0.37349885274921,-0.6756339304320397,-3.8590893104179385,-0.4230138722566321,-1.2612835569203535,-0.7188082913601563,-0.058803694486970204,0.939987344316811,1.8899827761212773,0
-0.49029527940269335,-2.285143671566234,0.603573098208496,0.7244366438697525,-1.0458258461967687,-2.483929866191209,0.7576106098683179,1.1455611752406893,0.5395863988681482,2.2827785071257747,1
0.3841041812674397,-3.6054697585820197,-0.36933325934236433,1.393682310039552,-1.1337542080477634,-1.0041096048959435,1.834970061996902,0.12333752661825348,-0.14357672398849197,-2.211602164405215,1
0.18510182327066993,-1.7545719268117699,-0.04774360166566425,3.2445825273517124,-1.1519152799614103,1.2016521083056233,-0.35160285478626474,2.246220908458073,-2.045493357448713,1.5454675155120405,0
-0.10909296733956197,0.4731510263898245,-1.831819607929546,0.26270481321058964,0.4114583058628041,0.7905597595637947,1.7095877425483463,-0.6972412775411836,-2.4149986860774133,0.6164821832463842,0
-3.2640844806872913,-6.120869333928336,0.8819425348441767,5.906824486298771,-2.22101975548589,-0.09897316900668918,3.1378279962042166,2.9383105408413286,-0.5531445360495638,-0.8857402891248624,1
1.4364925831931799,-1.3659383200400377,0.39748217589568424,1.8805820959916197,-0.7663500728574506,-0.01138234015484274,-2.5093244695853967,1.9259340851663556,-0.16182150397574002,0.23400060570239056,0
-2.9217710778031334,-4.301806022538996,0.0060432609585039454,5.8146035219114225,-1.3387089240895278,-0.9690229850813304,1.4076283472986864,1.4810208705000212,-1.8652949966506323,-0.5649374437844639,1
2.733578247475326,-0.89122475477466,0.7807375043767332,-1.0627546101794123,-1.4201364324642625,-1.79863320397674,1.3060710460259553,-2.5525725921059887,-2.4248795579176923,0.889958696101895,0
1.3034513403328023,-0.9679321161270659,0.7574045396634452,-2.164682869405699,-0.3472697619433316,-2.0357903344537807,1.389144814961024,0.03956170893143307,0.7308018446002988,1.7419716001960148,1
0.9899491555699671,3.5032511704001528,0.11270631173789099,-4.48963364801756,0.8711385375474425,1.051010222200458,1.388452823000263,-3.086180831411301,0.2760307006521203,-0.20897904606254225,0
0.14284640494062129,3.9923923128739967,-0.5058768921243807,-4.177650801698874,-1.2939554172553507,1.8196075993527996,-1.0601804044816159,0.3817975795302022,3.181119101896797,5.322906286963167,0
-0.556927583373837,-2.0854284634596385,1.5321049291348552,1.059333887487037,-3.3850276465238878,0.9012862164445714,3.243419353464677,-1.4027611857020674,-0.886085175465082,0.6380478424482239,1
0.1761684492169555,-0.5379026209201694,0.8028102500227985,-0.0004994252223767345,-2.004930956723344,-0.03765925230688816,-0.9672442082215749,-0.033716392772206616,1.7419566652938667,0.50813739661156,0
-1.2383586319598352,1.4143098307161122,0.0005722062383389387,1.3731964529788598,1.0516398933384772,-0.7750408455401856,-1.2838722331853867,-0.7799733110299019,-1.693007625866373,0.7027528971582893,1
3.144598041677496,2.4364126728614757,1.7316657079744748,-8.34503926705265,-1.9956598380683617,4.279583890822441,5.836603229403009,-1.5656543318855078,2.248248213699462,2.6859255627343,1
-1.271063188431787,-1.1134565375481214,0.39057313881325656,1.6363440416455184,0.23971333530555183,-1.3292339900842718,-2.2562912477418733,2.706885525729876,2.079368958150253,0.7693152879137004,0
-0.006012457627296186,-0.6062618244604873,-2.6482073801879236,-1.0476048234064972,-1.3719890935389167,1.1875320976376535,1.7259940816234614,-0.34917727948569377,1.3645443244546072,-0.5763138653656221,1
2.007166525183127,3.4415635793801855,1.6315374109636902,-2.0078451977696528,-1.1486180639593406,1.9593849916331956,-3.0633531733933372,-1.9065724813449556,0.5856516883720413,0.554541195910374,0
-0.23375367816606374,-0.619319143820975,-0.6217116559114297,1.3842642115555432,-0.4859804207521129,-0.39910142648480684,0.49303734535706967,-0.6849460033272194,-1.7451287744594772,0.25175446730586826,1
-0.7900519957148433,3.1176266757398117,0.5916764983573427,2.401760137325377,-0.5075172722841044,2.2750506615313397,-1.711898597441992,-1.6687361878716929,-4.060852675020219,2.2508299070193925,0
-1.3555522970301184,-2.3296863202233733,0.25814288105297384,2.157198602087424,-1.6999830396383793,-0.25028267127556336,2.0159332268900263,-0.3915838463409851,-0.7791375476404991,-0.32085542366661546,1
2.043947111558106,-0.4624300339694366,0.20009711842407296,-0.7206872107470437,-2.126864985372423,2.5649971344620752,0.23412669588795754,0.6530586396920427,0.5034489164266471,0.38053697326423286,0
1.3441444545861712,-0.7722701468558428,1.1167918089079953,0.5869442469876283,-3.4900515065430446,3.175397085487718,0.1618582721275117,0.13289284256937062,0.20323753568858383,0.4532737808935633,0
1.1936846479863457,0.5529558958727439,-0.6125579433738498,-0.571415475323539,-3.150772914895205,1.6915764284307904,-2.4540871463384097,-0.8483379099068534,2.5582754853815435,-0.4007285097121356,0
-1.42484529046873,-5.440597231303882,-0.329375096489216,4.513678146632556,-2.4266433488105332,-0.5506834405518009,2.149413904764854,1.4140245263316693,-0.5163271974454562,-1.7693276182603752,1
-0.08528622453214596,-1.8405525704612131,-1.1999348523098905,5.463098453704859,-5.122227841786598,1.2519292181331478,-3.1385725137976705,-0.8981155185446074,-1.581256009114861,0.4111507256507142,0
1.269613263629389,1.8223648653204274,0.28603242349306063,-1.013647826764856,-1.1853470171915808,1.341075743500412,-1.4619170079273263,-1.496869869164301,0.03329974318167528,0.31584140146108053,0
0.9386943750041634,-0.03177081553936795,-0.41641850890448917,-2.160377263771345,-0.5372296847853208,0.47397697237097336,2.4623916409336113,1.2715512666951843,-0.09862401068556537,3.8539098566455716,1
1.7358324685239743,4.290204993195641,-1.2674208922448567,-4.1194668871175395,1.825251059533382,1.3644861492906106,-2.132240167147117,1.2734260511308473,1.3909420975373616,3.387871912939516,0
-1.3912114365503907,-3.443442163031384,1.4812186102488776,3.5152887553334087,-0.2547191426472234,-1.3986583272619377,1.4110084878096372,0.7870755576167213,-1.4766664326192966,-1.379742353138607,1
1.7249988188373475,-3.0937457119769363,-0.19081870533231263,0.21534832560689085,-0.5481842221901342,-1.5780056292713418,1.8973412548158053,0.6561949631804269,-1.0060755651000375,-0.11548665723172236,0
-2.1618216042715845,-3.0432209054173454,-0.798550619054962,2.5804977894041956,-3.7052244688891793,1.6517703251931533,3.0268213594111635,0.5153456588422469,0.46263411112529984,0.5752348438023687,1
3.364845563187297,2.4236829515924456,0.8656562823655286,-4.241863532921697,-0.48574143110690227,1.2993163070041276,-0.785916531743561,-1.4676913568495036,1.0388841293332778,0.4139623362721908,0
3.908104907492754,0.5175077446239106,-0.7201520495874821,-5.909731271311329,-0.08228847388718996,-1.3566730906954767,0.18768256412331308,-1.3663771194679284,3.2590346317802648,-0.9687981823058673,1
-2.807580360354271,2.884417800683046,-0.07542883611159183,0.5979132225063525,-2.366800796237084,3.234162476939459,2.0779443881678334,-3.5663277502960087,-1.8225111903288176,1.7155938723258688,1
-1.3520691391437802,-2.5259988892769107,0.5082851775830173,3.101865695068316,-2.3341271711630425,-0.10843044961518977,1.0686934973663147,-0.14366514397890584,-0.8806016241787715,-0.044518254998416884,1
2.053041249586813,0.23867437673908903,0.7248240013318908,-3.6980726908197044,-0.7571604007158005,0.6938746138555772,2.3857251203922942,0.31623381616436874,0.916763715459729,2.3816449340053536,1
0.36855661585631094,0.8779591039522872,-0.11339984912217328,-0.20937237312817028,-0.43765552469992863,1.2452469790712537,-0.35449480092055485,1.0767017771060972,-0.32962764569483616,2.4573744008430287,1
1.6883441055196011,-0.6736301876125239,-0.6061359289224668,-1.79780311206352,-0.4869791213605872,-1.8133989564794653,-0.7732328753582602,0.11480597058341147,1.7562118715457702,0.4287305051114111,1
2.775383134414188,3.411339516385538,1.0475193932124705,-6.272185074876682,0.2300178804927171,-0.06334819179224138,-0.6502317023955378,-1.37693822287262,2.7491767038695265,1.9950015229700635,0
-2.0373985868030093,-4.59620859343844,0.07319548660937678,3.6146991311593553,-2.2094481523988705,-0.19851266364691988,2.3708110946961853,1.011730785885488,0.4352856801152656,-1.99404474805749,1
1.2300101084739448,-1.994766331594352,-1.3877019486910944,-1.7702884453041008,-1.372736247703749,-2.0256992486723164,1.3741769828694181,0.5386647505858702,1.6846480555848,1.6724007143941555,1
1.1901809116523903,3.895455801230471,-0.8505152360485638,-4.085836264859207,-0.4600373878197166,0.8074507674581045,-2.178905242342042,-0.5553592397354394,2.603795783839545,3.2314538998437055,0
1.7070892020407338,2.2677833966073773,1.3408995278604734,-2.929742974945888,-1.0884426026472578,0.5802531021090911,-0.8181352512876341,-2.601870873489152,0.9331912183429365,0.08494177183272389,0
-0.42442328587563405,-2.058159984007073,-0.49752678162622843,2.9793062752228883,-1.5209465732124807,1.1225858018736636,-0.9885816881610671,2.533530468794272,0.20537964950258514,0.452350014057061,0
-1.510908519031256,-3.892928148167499,-0.5073424536987682,4.604160652790658,-0.07033351253240927,-1.626026517169131,1.6820731260980306,1.1439253920861736,-2.90389063865413,-0.719955080231039,1
-0.4136809633290268,-1.3218303763764767,-0.18655097100588122,6.191686158842346,-2.820423549755174,0.6137914367893403,-2.1472034655770282,-0.14100013760631713,-4.708769944221602,2.0866775185805433,1
1.0320179805094913,-0.18744181193571502,-0.12572520854900385,-2.387267882667401,-1.1822276045215758,-1.0200646449365252,0.9076178358781113,-1.4274888452579493,1.5211121010556798,0.2159481378292547,1
-0.0814946992736516,3.868239279597628,-1.1589142743238858,-4.761004918772323,0.25217639389081636,1.1063187404864459,2.2289038882527454,-3.979088795487845,0.7069843944214538,0.20187511677078873,0
3.1035105454739536,2.1847052120151065,-0.6319102914261411,-1.7284296171319047,-0.7390563490939566,0.9722271395331136,-3.1085426447636046,-1.0966650849675896,0.029480354738367742,0.37056836724710596,0
2.573270832308009,2.5420466441255187,0.6149401817100612,-7.583625751023164,-1.7820484089213517,1.6676930902075575,3.682306243530443,-4.718983065015245,2.7713416531325947,-1.007806998938559,1
-2.7618439647399513,-2.9250048951873286,1.2846256404023955,5.73039627808373,0.24446342346352123,-1.2626235651000286,-0.36518624364386,2.529461991188151,-2.2203219824316913,0.5764784693254872,1
1.4171982919489297,3.786522501580758,1.2175361357889367,-3.7789266142899796,0.20182322010189613,1.8843455693862976,-0.893982622507975,-1.716062272383906,1.1263334802449734,0.5900264666910383,0
2.027096530325646,-2.8562155073345115,-0.35828499851475887,-2.382915639755983,-2.0845871563697207,-3.4012362678757313,-0.39776437893404126,-0.7724649660086121,4.277244779094673,-1.7556759770770465,1
-1.1232540015652925,-2.9671639548833477,-1.4779086448200272,2.9069348064107445,-0.4833528166966544,-1.2168331640508585,1.7557198490170673,0.34018368966542156,-1.7229228523916118,-0.7116514336654391,1
-1.393983440419352,5.149922691348379,0.6266137566318811,-2.3809803457803778,0.7802095487497798,3.557199043156734,0.0496523545662928,-2.3333271690139576,0.17462495650164334,0.29002876151896895,0
-1.5912067395696607,-5.065548926197272,-1.4062471045815133,3.875446593761291,-1.5533231599630115,-0.30735148956734726,2.791938232971107,2.3160231330567846,-0.5132057207148232,-0.886179216078874,1
0.1707141801862626,-3.148531844790602,0.5410268875067894,1.5026016220816818,-2.45665002529139,0.44895754911753305,2.4114718382019396,0.9225001172719071,-0.526558708342981,0.7507883774185546,1
-1.0151690028808846,-2.9917587185648773,-1.155404670784313,2.6153802260461383,-0.9124317465639733,-1.7708465880040314,-1.9275075744224046,3.9486941438062466,2.2430522928194008,1.6846269135109375,0
-1.8511235901816445,-2.4785053593504394,0.13807266589279188,1.9153970451129185,-2.1955090422285823,1.5452681834883966,2.7932473442868337,1.5150664759247094,0.39688390053429545,0.8917994614196625,1
-2.7856122038000137,-4.859791580304812,-0.4587976496968259,6.429380109237477,-1.0555568020575508,-0.8179108221345239,1.1658104987026732,2.801537335133641,-2.000790200060035,-0.20226171819949046,1
0.4398122645303467,-0.6192880644554515,0.7697013143291401,1.589939668830637,-1.493920852559374,1.6933189598279867,-1.5986281887225298,2.720946355221095,0.34906819624919927,2.223187317184747,0
0.7339227280164486,3.7333769904312986,0.0824958301958935,-4.22133261765099,1.9853988635049573,-0.8130969089339573,-2.6407641227440624,0.2945442547923106,3.0362787393880932,1.8893208495755192,0
1.4500579308139723,2.7609924941998427,0.6273119010128547,-3.390281942675651,-1.1723807047879857,2.2957421249628003,-0.9873685245828805,-2.4278617687477864,2.3399356187592684,-1.489218750806145,1
-2.287818830850719,-0.7171233388230414,-0.3443353258376048,3.7925412101238987,-0.8759206975435525,-0.9748735973266063,-1.386722696181018,0.8671181024916967,-1.2821497099383086,2.226523922461415,1
1.5346576279110056,0.45869844577436236,1.1902944411260739,2.085047992834207,-0.7181494944142685,4.162229183005239,-1.3791404307485189,1.3744479499347126,-2.251908291069579,-0.3848452507888074,0
-2.824300973550018,-4.151497093660822,1.3035618924237158,4.553164462453188,-1.017392558705945,-0.7724142408626464,1.289291380146253,1.788197174982864,0.017061070168295833,-1.6130634158918329,0
1.626290391502263,0.4181053954395806,-1.1315196490986377,0.8203604170220864,-0.32014912934063855,-0.3491879731506853,-1.66223695951666,-1.0824876534928447,-2.1217001205727133,0.10496141675056203,0
2.036498894553504,2.6966276045613875,-0.19037146608692862,-4.814388387076124,-0.016050419846101338,2.098523454871744,2.4381320960580135,-1.274632776691466,0.0033345060245462133,2.13622314143665,1
1.3862170540890695,3.9936453251629715,0.5240339314778719,-2.3409070364883333,1.2474017196477423,3.213419964621162,-0.7643111374320704,0.7999260783700126,-1.1306438505581893,3.0535282317504957,1
0.6325495573344859,-3.4432854109642146,-0.9459894463062429,1.4003863012804745,-0.4811821264427879,-1.3598009655100753,1.3324242490916212,0.32333083298716014,-0.37137488557804255,-2.370859357891146,1
1.3600997322547963,-0.18423210953335667,-0.10394876606285734,-2.518436374080217,-3.876431179207719,1.735729348134226,1.0833872039492936,0.47147145759336184,2.643357007196715,3.590230911239772,0
2.353780314663717,1.0859100325344924,-0.915865511735582,-5.906739393253763,-1.8454212830494798,0.4021839667652851,2.2595104903920884,-3.395551994180747,3.2125722881247127,-1.1794629901526927,1
-1.8982771253828172,2.0154135902381047,1.4209617007378927,1.6201085186548205,-1.0320198017050648,1.8771693940063328,-0.6159160279943123,-1.1059480033297935,-1.335431561654402,1.5753279610934914,1
0.13806001977011528,4.7953899937420426,-0.975348036896983,-4.538698240342772,1.2971841400442101,2.137477440162094,0.9082309288676462,-2.6660522337427404,0.6068667773233347,0.36839743760818644,0
3.8646697334128026,0.3998235758039694,1.841438781183466,-6.916345559020053,-1.1534837669934794,0.5316882796652819,2.658283147775194,-0.9125722307230768,3.396297909714455,0.4590499993831655,1
-1.1116917879000638,-2.1540496071484,-0.6862340014043848,1.8913236874710189,-1.2345298576027073,-0.2725300001063057,0.41807067514158913,0.3012835794073273,0.7707393500325093,-1.4471811302752062,1
0.6440468346329593,2.9207852011615625,-0.27127301299702455,-1.707059749272309,0.09359060032211475,1.417207838692544,-0.5412650552439585,-2.348060160997332,-0.6482322317725276,-0.11295570133687716,0
0.79756271541834,3.5003785017094065,0.8398514591261005,-4.88659406374753,-1.0731578277338143,3.2136637792813314,3.8616451651367116,-3.0243823606317553,-0.31413285249528466,2.2098098086066296,1
-3.9039902246716642,-1.999169462853547,-0.42310943579308,4.518168378581318,-1.5496255372585186,0.0180243551060717,3.158156615310168,-0.36398696892712024,-3.0833197131904555,1.6543334439246764,1
-0.9965631203936138,-2.5486792892491077,-0.5196801076992001,4.7030757489600425,-2.5531169272027467,1.865899764916935,-0.9705639744023432,2.2348405518051937,-0.7393188463067186,0.29396211242797765,0
-2.651656914335108,-3.822176495639191,-0.7258347000140579,4.9864032913513,-1.8315565581266045,-0.19638957658036593,1.3536937417486632,1.8844647358415902,-1.05840290813015,0.3283844610081226,1
1.188728325572354,0.013463170073759412,0.803153198499548,-4.175913745615677,-1.6132025789170308,-1.076745513050994,2.9987127262216964,-2.962916590355081,1.7286277417559857,0.13816906312858468,1
2.268302761685375,4.167067059946414,-1.6076754640090558,-4.986153522430005,-0.4114963485677209,1.1772543779431057,-1.1896227316348513,-3.1426768457062955,1.6124181415588144,0.39293119833792045,0
-2.2449379369526303,-2.8750884606149087,0.7867118095280053,2.582408957823797,-2.156969024203514,0.8289982975567867,2.5480206824249407,0.6828530773569883,0.2997574782763395,-0.4728958215493535,1
-1.679194139287262,-2.567265538598051,1.468369873188742,2.804925495916817,-1.8341652158031416,-0.09609459400680986,1.7780113155286794,-0.03508599249919353,-0.7714528660501939,-0.3413337640547289,1
0.7091091830341256,-0.05361311324510922,-2.861492372713099,-2.0412652400817497,-2.194388577747209,1.6858403668084967,1.5157547876823094,-0.09201613556733224,1.8704500719402368,1.1201715452348373,1
1.7555252914033188,1.4362662662903607,-0.3592916208273389,-6.298952748565993,-1.226378931003262,1.1893926707706621,6.223202628291661,-2.276660961214838,0.025499023341228888,3.573237018643768,1
2.330070086606617,-0.1571616913696501,0.7203813157705953,-4.813245820049995,-0.8553515852617165,0.3946366613299568,3.1608693459085186,1.2293835427635083,1.8806670036857085,3.5712237239501836,1
1.5402659798505112,-4.600882707940092,0.3904836064827788,0.693967587973997,-0.23981993227280596,-1.6504799261297454,1.015290369502596,1.8150047418190802,1.3666104133748829,-3.2804934386146685,1
-0.648376012025996,3.176552550251454,-1.8046922561664536,-1.7375486161157112,0.6705494074153286,3.5322652308251508,0.3795192820848803,0.11954753948204533,0.4713013009981315,0.802191731447059,0
-0.0036964816116134003,-1.8484697700502348,-1.1975178641141841,1.7309294791890908,-3.1986157457053537,1.7525668719774443,-0.011344627157783949,1.1520640706537595,0.8749057069417351,0.7741384363805024,0
0.8492801263863577,2.122147857653923,-0.3674772022016527,-2.5721027761857065,0.6765288231305318,0.1119483592421161,-1.7871561986921325,1.2740007318756388,2.0613107979873777,2.471866902121964,0
-3.922821425411068,-4.1857981436041864,0.08812376955137782,6.244012226471666,-2.9392031626027606,0.08984238650779619,1.5953260287365403,1.0547351513310919,-1.0266598491277985,-0.19029460695146494,1
-0.6099066627479452,0.6419566869546571,-0.9197649488420314,-2.582396400767637,-2.99298746665199,2.2042519649153776,3.579151850690654,-1.8270297280165706,1.5305570866725262,1.7398122099782496,1
0.6638583625501833,1.4236841706532664,-0.29880450484864224,-0.08070916883096717,-1.9721169884201861,0.20136098917290757,-0.048502412966912045,-4.356977265297703,-2.078329212307255,-0.33462413773897604,0
0.37635629076324717,-2.036035743455206,0.53754580255657,2.4720769085941594,-3.3609424501663447,2.7258186314623893,0.6856008406575864,-0.11136891686070571,-0.707908282254258,-1.1121542123566108,0
1.254349553507367,-0.4369376615317717,-0.2499163850826102,-1.6903472963223767,-1.422150762955508,-0.4867068852549683,-0.47960136783921303,0.16822728680146415,2.1976939043181156,0.7527381694414037,1
0.2755487020708489,6.963032975252574,-0.05752764369617823,-4.7196231412955845,0.4324205667250156,4.127547170629275,-2.4698390831351196,-2.3406215584965144,2.485306163535532,0.6520764494869373,0
-0.777828058316048,-6.552923785798752,0.5631792268736323,6.031432293356706,-1.0605952621057628,-2.7199773765564714,1.379826503081904,1.7312108085167601,-2.570219930402872,-2.2111306189679367,1
3.4731743929691534,-1.1103048665100441,-0.17259837755227408,3.2463590646027134,-4.126769983984999,0.5242177069792329,-5.72741287942788,0.9278160989565125,-1.0310054155683164,2.108908607600461,0
-2.031091111782242,-1.2993219486435552,-0.009060335189090316,7.633331704924804,-1.5092374716582833,2.6537233540681235,-1.7636375765122545,1.6748053690638356,-4.71568897234142,0.783081787749645,0
2.795008003509616,3.028293063821788,0.07285782015195073,-5.763890125715253,2.01243627087568,-1.1461251441211244,-1.615041173473101,-0.027869160259379466,2.7289750616281654,1.3507590841506794,0
-0.3273565902973161,0.889376883452673,0.2036291492697208,2.3307777377040138,-2.5783595688288017,1.1105834768844252,-1.0500981729048533,-1.3793098550028562,-2.5749149660701303,2.789435400558679,0
-0.8155181546442745,5.416055215611692,-0.1151226745585513,1.552963783000452,-1.0139936848125486,4.108079491859742,-4.6388848824125155,-1.7114794101769877,-1.6777918944243442,1.8476242135342502,0
-0.10388764166947717,1.458710464191691,0.5605787408282403,-0.1365298488620201,-2.447302068600946,1.5943453905834577,-0.34777900880837753,-1.9291547256437134,-0.1798132217104974,1.3753982769053814,0
-1.0688528968113613,-4.403850239169091,0.5910478649010007,7.125124485627778,1.6769802111479528,-3.434985085634577,-1.4931709725884765,2.8823513808027807,-4.44788780332129,-0.6691844960397335,1
2.1991881291703823,-0.0474571682567391,-0.3904243601506208,0.6665992875416807,1.3554347253040642,-0.04580062487426573,-1.6932989492894146,1.506508417206526,-2.0185971338284556,0.34664840834086674,0
0.5835129872296283,2.105016054619358,0.47952750866877025,-0.6731441456588306,-0.2847772117537263,1.5443752000520803,-0.7379449656678339,-0.36350110107554,-0.9040857983148999,1.93484790850609,0
0.25814304577404934,3.510760498742413,-0.8823266114366619,-3.507815708786202,-1.4404038809171666,1.8165885579434087,-0.09824208554572023,-3.180649895413354,1.7813816185022873,0.487718736498278,0
-3.0195761290109675,-4.339744253791223,-0.2409888244686475,5.950527875632854,-0.7275261149136965,-0.6076295959986204,0.9866919871286596,3.2300423680850248,-1.4182536008743805,0.2327365579058578,1
-1.666433019742612,0.4136519166493457,-1.0862365001841126,5.589257746639697,-3.1878059222936694,3.663984085008128,-3.318257502480591,0.8938219377591994,-1.849293029609749,1.5326024362564146,0
-1.4160816961731888,-5.256298223099844,1.6848785971827147,4.879523504290009,-1.683665246996106,-1.2103503764019392,2.4368062470245815,1.6532708313695945,-2.087221293525617,-0.3925815206896103,1
0.39106916467518404,1.7914218327052878,1.711994414812759,-2.7234074240304085,-1.5413453360355358,1.9197612649690434,1.4385227795648563,-1.7245573509803975,1.036052872994482,1.0533381320911859,1
0.08278748657369184,-0.07500420954986006,-0.2672705771963545,1.6507920053650214,-0.7381773081287424,-0.2862019833700762,-3.147217530820763,0.7140603701293522,0.678902438828112,0.056619062001777354,1
1.3355242161467675,2.3495427592094065,-0.6979340707639271,-0.9259403770494988,0.4869998124139685,1.35973286089407,-3.0596131319453628,0.312299257105471,0.6032405569597732,0.2106752369260344,1
2.2518943948150376,0.7648518660549395,-1.3662093806010653,-2.7781061202268913,0.7818966910820226,-1.125434360881178,-0.387089055138389,-0.12824126202400987,0.49261638265873864,0.8878125445097863,0
0.627539970244784,1.5294807516151578,-1.0658833411624193,-1.301357229224865,0.09069184368626093,0.8206961385534595,-1.6245403263506346,0.45122345181787427,1.376828870673337,0.6387272443310372,0
1.36675308429422,2.8573683566933514,1.0412123666335222,-4.058552574542353,0.06518989322787094,-0.4060623181312215,-1.8008878867171447,0.3911264564367981,2.6647853435523956,3.649497918082286,0
1.1875066729218706,1.0376984910621714,-1.94777510852466,-3.372993333032066,-0.7506021714021681,0.9622263409304842,2.35458545546686,-0.4164419276993978,0.5420040240986498,2.51836249439728,1
4.196750282452786,0.274506096839633,-1.6738404373688378,-1.7006342921490174,-1.2605790765836105,-0.679831786503641,-2.2108696435134285,-0.21804970124950607,-0.5052888025171838,1.8836580376771566,0
2.4653681333499318,0.27762035196432705,-2.4078636194451386,-2.4131362121379216,-1.5438019869221542,-0.3157883747170305,-0.4167633049198801,-1.102188083725038,1.0088070318605018,0.7829340391001661,0
0.19199201947641198,-0.8718397928825075,0.30137967491317025,2.4923736617689194,-1.7653948974818123,2.4295092666950158,-1.1364432785992578,1.6645166913155793,-0.5103890804824154,0.41973908299140084,0
-0.3261340284596793,-6.046906295136269,0.18322065530327244,4.038082876792226,-1.0567416123283977,-1.8047667451349496,-0.4422836807514363,2.9145981908340186,1.7707879726968465,-3.9973612993514096,1
1.1211094078826853,3.028715486321826,1.361302191190988,-3.3746828087300855,-0.4609240008872717,0.7589141864401374,-1.4110406372706843,-0.5733008398837471,1.878634621205674,2.5628987993897887,0
-2.8639123544395897,4.755876429124417,-1.5982054861727337,1.2385538541122878,-3.1256708677852436,4.79754918716673,-3.0288145828431223,-3.4227661986550184,1.0576053328058377,-0.13925776965130643,0
1.8152691187491836,0.23549810884448377,-0.22767014800089477,-3.157191656774979,-1.0281757126539857,-1.110802102268535,0.2746311259521371,-1.9239741760679288,1.8901906264439612,-0.49054939847496315,1
-2.226874662703345,-4.45252628549161,-1.2572343028963733,4.416534509181519,-2.628084356149742,-0.617153621498983,1.8313611347163268,0.5181176541854001,-0.3778495758752619,-1.2950813599538296,1
3.1363496122456596,1.3440612078127634,-0.7369592568116995,-3.6626413246082685,0.11798571760524657,-1.4091687238881936,0.22381097481598622,-2.146494139531921,-0.5969570937563788,1.141857374216582,0
0.5126019124775572,-1.4852512595242837,0.07273948504007854,-0.08089669088098714,-0.05647747838566819,-0.9092015754573799,3.0005497573289244,-0.9207299908686924,-2.119551857751249,0.08365425016826455,0
-0.0760269877279709,6.75530477506999,-1.417494244757405,-3.676673543965862,-0.11840253686122115,3.465647019078014,-2.320918034962612,-3.3770694500016614,1.1313725828158865,1.0734344015720045,0
2.653040936461864,-3.397689120083631,-1.2541386676831436,0.3188233925585535,-0.7828542552806974,-1.4362674201086367,-0.0323525664667923,1.098674657845495,0.30673994017150497,-1.6909711634842879,1
2.6619588070390017,2.4505622461276557,0.6881548579784978,-3.767039837869415,1.413096003416765,2.2023245742289856,1.230883409896332,1.704210835452046,-0.9994035960021364,3.836233587060444,1
-0.47310573050707894,3.176115935526229,0.8819530415205193,-0.5542565285737255,-3.1727796278617837,3.7231263022773584,-2.1669228405122407,-1.5104242812804802,1.6571284532644515,1.6124313615073649,0
-0.621359194870928,2.1468412228047797,0.18909954641104276,-1.6833188852438923,-1.8778144657373885,2.1498249159234772,0.08470058658614477,-2.555118774778346,1.7643549280145492,-0.6489715469161006,0
3.7717050378758534,1.2369329438643988,-0.6288830423431773,-5.554024458379379,1.1365868205136236,-0.3713635868105356,1.1676279007885868,0.3039325645265083,1.0878319841589352,1.7377805223142597,1
0.16489056502151245,-2.588610582867947,-0.5687651854669166,2.009038528070939,0.5337542672600508,-1.0643456421618742,-1.8301365937487541,3.793829156246884,1.3701251937835603,-0.2638886864212753,0
-0.813498340572437,5.224327950925024,0.18851154866332848,-2.6480163841703557,-0.1363725471039401,3.63497337105322,-0.2532901813385813,-2.2613623028222207,0.24599025440609612,1.6290338094321284,0
-2.7041543434768283,-6.4576984847296455,0.5169151546024623,6.149948566991425,-2.6232351976210597,-0.9098364399841539,2.514264585274229,2.1471984432575852,-0.7989436126283127,-1.423621576915765,1
-1.6380459453042815,-0.4634956963975084,-0.6777255042453437,2.2078666581691877,-0.3225448051105203,-2.0862237934291863,-0.2304429584763763,-0.2967344214561902,-1.675934397627652,2.301280703269577,1
-1.2300593895755032,7.692876418010464,-1.1506202473938079,-3.830976276708938,1.1664849118777627,4.829587828046646,-1.0806456262324586,-2.627547602182018,0.6501303002568146,1.4182204597394394,0
-0.6185975831777184,3.087758972076314,0.3732190152476925,-0.0046576434948727135,-1.2171703362119113,3.5364406080944817,-0.8056671274113631,-1.0351156593047597,-0.7010541091342495,1.5742965106148814,0
-0.4966288028161019,0.9880635664493033,1.701231644378687,0.5795376142389957,-0.9153900615334896,1.1743605366534877,-0.9486534914643743,-0.042791761765201386,0.009352069239926819,1.123489598779305,1
1.3877020241107187,-2.750626046948553,-1.2860797542485478,1.2351419405922965,0.7216321372989969,-2.810805937621868,-0.37505931827268957,-0.3950462613441945,-0.8917368738843636,-3.1526070749027912,1
0.23870261515257885,1.8805803075174197,1.0424710589570811,-1.223251402124952,-1.4912017504895834,2.8912991701407798,-2.2430783109711268,-0.18292558535441783,3.1135256212344604,-1.063328390095133,0
0.7447039756187029,2.731838979616966,-0.6710855288048673,-4.548239979980574,-2.2940538057292184,3.9884306447592275,3.3902580154846262,-2.5069943763394855,1.2448611258919748,1.4292907450167183,1
1.4746805323995356,3.30665137427262,-1.3334302171464123,-0.6485315915906287,-1.2762871693566606,1.3242885504291788,-1.581390419085304,-3.518133144820957,-2.6077875445731262,1.3723018270235747,0
0.8061802641672583,-2.399537209841629,-1.291822959100439,0.7240055396775318,-2.4266006243544918,2.0454937418193078,1.3557318441013089,2.9177704872429215,0.7663227758405693,1.9770568222948688,0
1.2429013218835068,-2.7853118106331314,0.19149232224521154,2.2601256357403887,-1.1877488939367986,-0.483088072905145,-1.4265360625464445,1.3725073712791624,0.06578049527304819,-1.4602670960091775,0
-0.21460056381321801,2.402873456687288,1.232543786207963,0.4266911030039697,0.3318699652562771,1.6629350040741713,-2.6912902356258765,0.26535628790107957,-0.009599897552593717,0.622602685613219,1
-2.009474236704005,-0.7262408402305638,0.1668841909051182,1.4278046585444333,-0.7356795481424578,0.27909173946399046,0.5046064196579663,-0.14999999356896532,0.7883629658885754,-0.941608282085,1
0.9541151011897813,0.4795162715438782,0.4488166414005254,-2.9605545870662358,-3.4084720888183972,0.12991339988588957,0.3086742702888694,-2.332712694631788,3.0816053846941034,0.834132322420852,0
0.22429894345233992,-2.8624880415956193,0.8282669786085132,0.8154177517554079,-1.7086088919113323,-0.06726376399384915,1.0632840920601798,0.7923802695694646,1.2762895401465215,-1.2966158766901033,1
0.07631184620955378,0.21089706534549998,-0.20554271013922737,0.6881162125659219,-0.0044415072173769055,0.8261548230023961,1.03901898386956,-0.33240648757501046,-2.192021234792348,0.756974888056805,0
-0.007222618882539278,2.8064992745266717,-0.2355302206890922,-4.406754465658213,-2.275580875562287,3.268306449684631,4.482588490762991,-3.582650274016562,0.3224422044323908,1.862398959096622,1
5.4042440898369435,2.0463619049050865,0.3856924471751819,-10.410413009402026,-1.9776190058525898,3.113801996719743,3.0450042704056237,-2.429254253442385,5.893762019851554,-1.7005309560703377,1
2.58510570782369,0.6095568924461147,0.10203141675331832,-4.2804775519347,-0.1467602642946927,-0.4238749149578669,0.9814388171476193,-0.8585684675144456,1.6873599986602037,0.3053441992333583,1
1.367730121864606,3.5724793927348957,-0.3937968561614915,-2.8225353947107057,-0.6526625785322435,1.178122449150568,-1.38348676434583,-2.7434350550269295,0.2575857583046979,0.8691142183384475,0
-1.0207061039029528,-4.030611389962631,1.3281867147017594,4.739879883254164,-0.8946589430070914,-1.6433878205448011,-0.5322509043861223,1.0673527122489936,-1.0351640597849305,-2.2202176933153157,1
-0.7051606570802831,1.4060520316035157,0.1329648960426424,1.399087973598646,-1.1229420723684098,0.9776470234158914,-3.365859274458657,-1.3359585202420583,1.0008049998158839,-1.676427508237548,1
1.2888035883345985,0.9901992079153701,0.8363817561646422,-2.36005401424697,0.09678643785452934,0.5667026034914155,-0.4784113998796907,1.6368634332069751,1.5789562401442612,2.443179443546419,0
-0.1796785247540349,0.6190753106893147,2.6579218931851316,-0.22544849019450144,-0.4510547559666225,1.1019306667594608,-1.4723549724801237,3.1608913480037364,1.7536073349489831,3.5684165298794075,0
2.009161123863188,-1.1513946644106463,-1.4054227726535937,-3.7282009164417786,-0.9760046402630631,-1.3309471516676372,2.3741689728193096,-0.044125655053433355,1.9748964076995081,1.4003912900514894,1
2.49116878329653,4.759413009524839,0.6643974803905666,-7.353427394357944,-0.3259003466612138,0.025971715487285607,-0.9545637195669882,-1.7025040054421288,3.4089763037547893,4.119180896879465,0
-1.058887934178637,0.08683798035968752,-0.6207493837187198,-2.1493003287596797,-3.6782418569479325,1.3921365705739408,3.856230769753347,-3.15591880771648,1.5630299439967272,0.7845043661397542,1
1.0449061235008719,-1.0299680536053066,-0.6545759244996027,-0.905535729669876,-1.6759620207008408,0.866313398057686,0.33625475815586947,1.7835506559039023,1.7271430756166604,1.7718279495021434,0
-0.1892379906053714,-0.44780522198813927,0.03746047687027931,2.1743524738950177,-0.9010305312473198,-0.5568181910866554,-1.1422235207124487,-0.8618813683549815,-1.5484637579554648,-0.04839960420779654,1
2.5822076026154663,-1.3567961178289585,-0.8013004815460233,-1.9901341504560386,-0.3541966636813557,-0.8127500306646412,0.17858558529916368,-0.47653502354817934,1.4094462455296908,-2.2725249402876075,1
0.6983245147407963,2.9435342803555407,-1.0106636588805233,-4.517744593945193,-1.8134186370579508,4.407106190528226,4.0415009166662745,-1.8606728865045197,0.3812734257418252,2.484938593266682,1
2.011931675318081,1.3678618972206515,-2.3029319757786557,-2.6414694336235587,-1.6102505961258946,-0.5060723189417913,1.3367770494912095,-3.517644144267101,-1.4598201338984924,1.7519259387600412,0
1.4011803022316038,-0.5298166038830003,-0.6095149669274147,-1.275366908132106,-1.2861606528790326,0.28001628185812333,-0.5977613352787993,1.099781488187373,1.9337690137005346,1.010590198895818,0
-0.3681448919231407,-2.6330900315543033,0.07610554095998148,2.392898868303305,-0.6828754767886962,-1.3928748546175334,1.2016708014043402,-0.7552302629527645,-1.674604270289389,-1.6561705951587933,1
1.4357377094529964,-3.214386342376634,1.6687596009419283,3.9828710873478834,-1.8718680636891554,-0.9753236854711131,-0.23939206228208687,1.0043901136815148,-3.803351388413112,1.6435078984913787,0
0.07155922801291181,-1.249214517721527,-0.21692181660991874,0.14869312291149764,-0.6210995889418034,-0.258430176507217,1.4331753130019584,-0.38072580896733044,-0.22474729210308175,-0.5826816184227812,1
4.743246290041114,5.011900334194838,-0.20135917209876447,-8.834810523443451,-0.9647989048546683,3.3345188429355095,1.7590328067219927,-2.6943783750457615,1.5172601251716626,2.9918488491690978,0
-2.3173233121850583,-3.387722245678294,-0.9692854361610374,4.991062086462247,-2.3727886746024645,-0.09805246409423096,0.8545083149390318,1.0867037014715293,-1.3837673106220878,0.45021799575304855,1
2.1821582692672963,4.522386804108243,0.5964481880142906,-6.878559386612435,2.1847555700307755,-1.0243785695378222,-1.8551060643695956,0.6989238333626382,3.464273672937771,4.226655863190446,0
1.36649510869202,-3.527106947025853,-0.2657344640412588,1.6295429851487437,-3.4140893111959607,1.7264771552394467,1.1044660969478022,1.5349007727334496,0.4676720366431889,-0.33946265179236823,0
0.7806165855686629,2.773150725034076,-0.43813491472746235,0.10306444802981211,-1.7698174975984964,2.497111322356292,-2.8777847644300465,-0.815597098198897,-0.34194918227929316,1.9282652923107595,0
0.2925543325710728,6.963972626323108,-2.232152812861159,-8.068996894333607,2.9299802752935378,2.8115459581016014,1.4783103894602063,-2.467264319373168,2.6564246591819436,0.6286589323917702,0
-0.42182746298095464,-0.9777377485311496,0.6449006262081723,1.589058081594413,0.0651992464778759,-0.028519015792785485,-1.0918942915669119,1.8329003832682265,0.38323041191329654,0.09416636055651839,1
3.5004142707796353,2.231837222524288,0.8127196611632896,-7.318314906028465,-0.6857814316623929,1.3084886845220367,2.587219444847882,-2.894615273769071,2.4846416882441207,-0.483102153278669,1
-1.6635133625498661,-4.57713210765965,0.161280453312941,7.816213344096675,-3.185548309088198,2.2087905878062837,-1.4049762251050284,4.0512869650312515,-1.5300111527777949,0.12047146784063623,0
0.37121135713087694,-0.13072950676851589,0.2931203056942358,1.2768974130171717,-0.6894082463372391,1.2150698552543067,-1.6260256587996602,0.5021377843614796,0.10123451438195818,-0.9012546798424173,0
0.805964573005566,6.0905291940234205,-1.1754867348818947,-2.6267021665677235,0.3426829038946495,2.802258888732176,-3.0979128780799177,-2.3622070937123274,-0.2727852230145117,1.8111707368430428,0
-0.23730459482176358,3.3760384789842055,-1.9403695957618534,0.19700271477865547,-1.075538558743791,2.432590364881774,-1.8544496000362987,-1.002110558925191,-1.2988382346389538,2.8847685322725627,0
0.4566592229840448,0.3189075352880683,1.8525503160996781,-2.3611242823770664,-2.222474487112801,0.35841245852794645,0.9702928077784703,-2.5147060024683654,2.2395399355356544,-0.9516216153924908,1
-2.2761823651643995,-6.040340156978843,-0.12736985938927653,5.344359410069434,-0.705966287940171,-1.4762368608675152,1.895005837722982,2.900856300162064,-0.40677144689394173,-2.3311013930165876,1
-1.5684420368439267,-7.010084606438071,0.3462601926067215,7.686643691042068,-0.90206933006373,-2.857472074304516,0.32531650987685357,3.059956380728028,-2.6432278883901508,-1.71630072546498,1
-0.7583787419731809,1.384038831252046,-1.0528657473351952,0.7086203592113341,-1.4686412679786243,1.5687095280328571,-0.07169486327939278,-1.0824719539219363,-1.087922616445617,1.7439892825316496,0
0.5510905503451647,-2.3019441659917703,-0.6635562037674121,-0.17906678920145153,-3.0372923920230206,-1.0637272339840358,-0.4838814574809338,0.7941531025176863,3.0128577545592314,0.9916317069816801,0
0.1691838077921427,0.12804318569325268,-0.7038124391958426,1.6658321035651622,-3.239207483366552,0.19502492070065247,-1.5044586277592145,-2.3740029227403077,-0.9069181632910414,0.7527835108307039,0
2.1881365764067615,3.402145748941626,-1.1414418675406839,-4.832617582770008,0.24406910880035992,1.1277974745205037,-0.9921857578824982,0.18008242954069498,2.043550159928071,3.1382976180679716,0
1.3603232019332545,1.942528437203147,-2.03184459638136,-0.9773227382901319,2.158946788234177,-0.2896643743170506,-2.8784261081582088,-1.118145621221466,0.12969839617748102,-3.009343822238237,0
-2.925061937435703,-0.6044511194530171,0.7764709121313238,4.508740497321667,-1.630930798737953,2.3557060428086665,1.069823738401432,0.4219769376344391,-2.755203115063784,1.3474409003751318,0
-0.8574073153775172,1.1980021657136881,-1.3260632462335196,-0.621928769225921,-1.334719507400245,1.966356537985106,2.165648063022819,0.14054525585012034,-0.9024470194094012,3.974677826903499,1
-1.7087470619191523,1.1340500315959443,1.2670727211726835,1.4580418372330965,-0.7626506032872289,1.1888188530580848,0.7602193092178295,-0.2008297647077587,-2.007613907406057,3.024533336520267,1
-2.497509654245634,5.103096743204169,-0.4004747393213593,-0.43308644974909594,-1.42321210798542,4.974898036676333,2.6742308022272665,-3.9052014142142735,-3.4470574977299524,3.03237121417029,1
2.4881245307849715,0.02259215814854574,0.8057123528415266,-0.38950646587248816,-2.9712240908272287,-1.535743523825206,-1.135299554673066,-3.4667449497893923,-1.4878103435331107,1.1007475054125917,0
-0.8105929035949843,-2.8000699116283316,-0.6699061723383579,2.494156339071861,-0.3063270858986642,-0.9193945620494528,1.0033819437544533,1.0232214874210284,-0.7482376727402635,-0.9501673608249729,1
0.04298923717466663,-0.5736454126146285,0.7962282971100936,2.0568742352238223,-1.8815901762938305,1.8096260566707323,-1.3339830246856192,0.9928457393016317,-0.09116963566231728,0.4544340138683175,0
1.347899200361569,1.8740236259026195,0.7323215552427266,-4.3219772662979485,-1.2674123127315868,-0.030087553998399352,-0.32878524337450155,-1.8713056985244445,3.2783403837449603,0.5279374378960652,0
0.7874641443547512,0.07236633664016233,0.6494907560222976,-2.1220530779669478,-1.1372466864399882,-0.4450231672138172,-0.8906208821795845,1.588191038167217,3.1200085788458396,2.636416323267981,0
-0.02147274979851832,-1.8440440072959496,-0.073910721864491,2.438332637465588,0.3299707613794063,-2.3147421309630776,0.028312198628316465,-0.904531080222758,-2.508210198498823,-1.2077129318866056,1
0.10380847539825988,1.2207255538473345,0.13428279165099402,1.681739963075453,-0.5769706911697634,0.5578503749840441,0.03950449601560879,-1.3725985692642433,-4.147875477897857,2.5663846380957342,0
0.8882629669565674,-0.07588652480948292,-0.5506926685003014,-2.2446178070749054,-2.9974117132374287,2.240929514328473,1.7834132582269606,-0.6490630931281614,2.094207052119919,0.841878649227235,1
2.759025988195001,3.039801113673859,-1.4206358980488523,-5.951059066044662,0.15024430180602422,0.7447866149989978,1.2392410393074682,-3.048275789445168,1.1994496210304892,-0.06600145557819936,1
3.374278924186503,-1.5068928661365106,0.3809367255561713,0.48570166771280476,0.26948933713488366,-1.6608404488202746,-0.49455647004590375,1.2242056911012416,-3.1392339606603668,2.193380576542053,0
0.05345020383677257,0.5427450251281312,-0.9975113738764356,0.952065648857751,1.2196125634676194,1.78332129590311,-1.6807414368764253,4.401113908180774,0.04856602472727711,2.827760900324284,0
4.399411647206051,0.7571371436485558,-1.2204657493861502,-7.679840237277216,-0.3024472313474378,-0.5858746655337792,2.439254054452668,-1.790132589597994,3.140719309558437,-0.23391293144083458,1
1.3502390296227895,0.9780404080474014,-0.3448913920557536,-4.663480806065214,-2.0884829015759765,2.254139141817178,3.5806493599698586,-0.8460878069583117,1.9393853574987223,2.3068092531428492,1
4.048389978823588,3.384634816672169,-0.8107420902482945,-4.999231626075228,3.062667297450754,1.223115125775425,-0.7723947014791066,-0.31921044490922346,-0.31093316035333496,-0.5841503610867529,0
0.9530979226095557,-0.9960818201180077,0.5946797671436573,-0.1446736013937126,-0.07667940948454754,-3.1630046207833056,-1.932009528498773,-0.3116273480441407,1.0156372523469472,-0.24711759507630582,1
-1.5965927825916961,-5.633045724467719,1.1528987721766601,5.924759939382767,-1.676456949123675,-0.7754649867506094,1.5018498957380284,3.156638203926036,-1.868698055081976,0.028021393291340235,1
-2.0421817654083783,-2.96806979932089,-0.6411528323579933,4.5202619809993045,-1.025529154697498,-0.49403891092221797,1.1629826521641267,1.1370106113735987,-2.190867281303246,0.34919863707845566,1
-1.274839908261117,1.319917212865336,-0.7462121846533528,0.347722628741897,-2.5286674033050955,3.093107316451749,-0.0012191430018919647,-0.8223017591384418,0.9610077727057807,0.792540223637097,1
-0.3856860765316198,-4.139131301311266,0.2892732110858191,4.27150416597737,1.8450460298295548,-3.427715406044801,-1.4006618880935635,1.884538490347425,-1.1167922172052145,-3.713633302573236,1
1.2469236140286184,-0.0229523524245111,0.8783390455905801,-2.366072033548504,-1.0064395265714816,1.320732357600412,1.5969708333941752,1.654888663557276,1.2362681615012678,2.935879588872942,1
-0.157249004579593,-2.141676969992087,-1.452775877954074,1.0397466247974079,-0.7060374219581492,-0.7885569504472861,0.5438864734834961,0.4435538771807592,0.5230133080264032,-1.1543440823874587,1
4.239209349967369,0.1292785107989234,-1.5407410179515901,-6.283091352153986,-0.3412413534707863,-0.36426162113587424,0.8951505695785537,-0.4327116842102048,3.688497143870849,-0.745661593861483,1
-3.025758919937314,-3.847789211457611,-0.6516640089850292,5.227445335260828,-1.35629289885678,-0.642205764354641,1.3429390808449793,1.530366706205239,-1.1917031426670723,-0.42314501641426494,1
0.33178582682132796,2.510606325707994,-0.7527611073780103,-3.218031466892829,-2.3618087718468797,3.2960854400990307,1.7194976439932455,-3.1210088015141917,1.4331106456015679,-0.2082999178321443,1
1.9705813467549684,-3.2867409232800204,0.17460466418339188,3.7509767886270233,-0.7666703003965651,-0.19655435677605637,-1.1826465255364647,3.1239840241401318,-2.7631072705251287,1.092458458961759,0
0.7558421456049055,-0.7826072417640885,-0.6203704202686086,-0.4174556758795591,-3.794176137622949,2.089536001184266,0.4202005885258564,0.27127941388859855,1.7310785156148096,1.696150385489484,0
4.603408493248738,0.11388387879943046,-1.5202733708175225,-6.616330275331057,0.4614754921360633,0.328432601297482,2.3054848092449,1.927925830861657,2.415051726317068,2.485020457115928,1
0.6657622490225296,-2.308428553756586,-0.1888392865959238,3.08958658706677,-1.5460513761814259,1.8272928147777008,-0.9511608986985852,3.1625781363968555,-0.6595008499878898,0.727761188829807,0
-0.05792903600658761,-5.031935163015599,-0.7830554689175633,4.1055483865731865,-0.6277174971371244,-1.7965207367384015,1.0698735703253077,2.125567684857664,-1.703269755009704,-1.197204045667338,1
0.6384696983596851,-3.4058546559085525,1.371821704447613,1.931941094232537,-0.41253072203426644,-1.6798664106664902,0.1917690081487886,0.9355122803974547,-0.23382085452858714,-1.8828726711404409,1
1.2798035782510684,2.559018327365917,1.7106677415207776,-4.264570327858088,-1.0189338291862964,0.24331959922193747,-1.2165658224362295,0.9141126852684357,3.2609780351210693,4.862816482606378,0
0.5837418623791679,-4.038440009794944,-0.0724344070056658,1.5382679633571528,-1.0597152516199646,-1.2480328440134498,0.9109335885149966,0.576104482664069,0.8392394453152798,-3.233333099903335,1
1.145488858862464,3.157740324630521,0.4018288072128814,-0.7647721836356817,0.981331745529227,1.984716971117666,-1.4144014933476141,0.3996079962082213,-2.0745562546967955,2.8243333478370776,0
1.94689618690141,-2.5896317540083515,-1.2523207956317581,-2.105488739114157,0.5502837740383757,-2.961831541387138,2.635070040282434,3.397121831996534,0.017420096497310245,4.9492385452967085,1
4.349690241404877,-0.5246634926125997,0.5228896384475755,-5.05655461372692,0.7597660424216754,-0.8293475733203222,0.3862856111882408,2.6606224453740235,2.5551726998558237,2.0479132631211874,1
0.2831201215496508,-1.401898869524754,0.9135810816093635,0.510615964481473,-1.0442788984787192,-0.2512991108178795,0.07156391555776431,0.08018863873602011,0.6543075793899795,-0.8425440349987146,1
-1.5269632489202603,3.9254961836609157,1.7789868348110556,1.4885712838666445,0.16451456286187116,4.65353587074674,-2.4648951120717943,1.5519295719158084,-1.0423730166274037,2.8241369122379485,0
1.7240959041510628,-0.13059969745578548,1.7936946422806523,0.44913598492424384,-4.75204692842107,1.364371905808689,-2.2637600832265856,-1.9163936319364463,1.04767848778926,0.4559459248456329,0
0.4496177034600256,-5.079132388288966,1.0773072896250282,4.4218142102526965,-1.9099633679005925,1.0822002363696062,0.35156962037307893,3.8002712841675024,-0.5149478027889702,-1.1514889943451965,0
2.3169420135086867,0.6551049948394735,0.7458554461471152,-2.7140009708428208,-1.0752475704912254,0.6517447839823358,0.028354089686933204,-1.0571667467712724,1.1032192229352908,-0.06889184945403581,0
2.89451132648188,3.3024428635745324,-0.8651243603243918,-5.861381520726346,-0.5705568478274576,3.6566143090134533,1.1291807541534267,-1.2663099029083438,2.0697724474459704,0.3653833624507842,1
0.2637452340143933,-2.248501547945077,-0.4296939864553369,0.9360284740025275,-1.1847264823831505,-1.1771043981859137,0.4751957108143464,-1.0018775818628662,0.32912801886354104,-2.3481325646698887,1
-0.08156764034532804,5.508342439028194,-0.4699374056132233,-3.069981300890972,0.40633563931807926,2.6212541918514214,-0.9536119775803094,-2.485891589676035,-0.1242152771650955,1.9302020970911122,0
-1.7260058799962543,0.25930492438317415,-0.3724121364247545,2.446823128355412,-1.8093775053212617,1.5168929414134316,1.2227951178098917,-2.136796421717931,-2.5161884083845116,0.1894258633798317,0
-2.6970849044028133,-5.434870568687718,-0.06276335861350743,6.014106539907192,-1.0880554454245837,-1.161381963115204,2.5641280531779964,2.0990621676552808,-2.308235438313976,-0.8323807741213047,1
1.2047704839049027,2.45443323662432,-1.1592761814685033,-1.545813514092283,-0.3352026292210678,3.129989052090431,-1.4937453739371942,0.5982857759089693,0.8363385681093971,0.9075255048442179,1
-0.653279243528794,-1.4831875088322521,-0.32869876060627884,2.935590820670057,-1.9020520640956242,0.43702349528059037,0.606923765469789,0.6501590929987879,-2.195099670509178,2.2388485180721434,0
2.5911358160427964,0.9865938819008965,-1.3065258917695142,-3.558990160255196,-0.059688186242568886,0.3263666573740588,-0.13184520638966302,-0.4805930132214684,1.5668390876507872,-0.0709852784420999,0
1.2854332052104518,-0.44839670008470217,-0.5390307447194937,-1.8690116795839287,-0.6645626848762243,-0.8315724335759986,0.4727024409618512,0.18349754179945932,1.184003922658528,1.1620096117430971,1
2.016389701652325,1.1740239847720884,-1.2719973841832004,-1.4897702841617777,1.179184062827078,1.1700341130626783,-1.3555674458564027,1.419724245723617,0.23298198250738156,0.28462153339609986,0
2.042078186448781,-0.3482647516622083,-0.3828601115204734,-0.6879428982005139,-1.6341071202830335,-0.715545422299894,0.49598838722229455,-1.446994645468642,-1.5570559573924734,1.6558340315737,0
1.5663423319591692,3.9978153393381266,-0.8325781313875258,-4.7041678250277705,-0.5496480930526959,1.7981060716719917,-0.815700726710807,-2.9042398327021792,2.1384319448099065,-0.126323939919613,0
-4.5313306938983136,-8.620036035976756,0.05550423087910489,10.12225683201595,0.11263580156950748,-2.890647398573356,1.8756088896102234,4.957392189240052,-2.6628850511269695,-2.2993882075633985,1
2.5861300288737943,1.3427956572830049,-1.7512466238157283,-4.4156710034720605,1.2853587805117788,-1.6028139667871018,2.339261734351152,-2.354440324587001,-1.2229985996640282,0.9363372917612083,0
-1.045145232080087,-2.201846321110101,0.38597377496185103,3.5882702561707998,0.49880963276787016,-1.8387052694089778,-0.5473152164992312,0.6557879185476339,-1.8579641445253676,-0.9919634233639,1
2.600464612253658,1.6890543535778162,0.5438706589780058,-5.949661206700048,-1.6743503808350368,1.6220048055625589,2.3471845348624227,-3.007682595821817,2.630268555844621,-0.7772226872348631,1
1.5099171153307611,-0.7395218166282844,-0.22090046064077842,0.7860367174289995,-1.067012900654241,1.6273818158076092,-1.0081905592527878,2.0404492667675593,-0.16238643912007023,1.0653700523794185,0
0.36711730068335446,-0.620201566714208,0.8753560773458001,2.0118255556249576,-0.9805961370885364,1.4333108020893672,-1.2211585946661383,0.5325777797611739,-0.7082965016902674,-0.8618848988907986,0
2.321523416076794,3.016776003981712,0.2901817179086788,-5.72142531695365,-0.8403994882198024,1.3366782382206732,0.5884343555102647,-0.968373147527277,2.369871554801742,2.8896598439178156,0
-0.47186944054666213,-1.3096520940445835,0.9062665545652719,-1.3473918405627914,-2.7657516041311263,-1.0372635882043606,2.7738552162046703,-2.0712243182550054,1.3312926161068876,0.8319914143510059,1
-1.6011088530286464,-4.025296288469195,0.6123297232415286,4.722818042687316,-0.616509616722071,-1.404608669492246,-0.17798696816399584,2.0097361872322113,-0.6586896919887828,-1.4388415373857826,1
-0.2950821437524167,1.5101712713427597,0.28103530634665985,1.0990439434934955,-0.46961523100146385,1.2256209950354675,0.6485709702009252,-0.5946441539586886,-3.5156077153519636,3.4007779081220226,0
1.1780431915343512,1.7581087999524925,-1.2468838730389638,-3.319707892066057,-0.33426819998378865,-0.5964558976131791,-1.3907150521722753,0.43716535136157786,2.7106964275874783,2.7799015349423453,0
3.143629804983823,1.9923451602308282,1.0133913454185057,-7.844620243115674,-1.2776027112049042,2.139276431651574,4.552649587541854,-2.4314326925751075,2.3799475071856886,1.0352441004009723,1
-0.14452740265643582,1.6597800275631183,-1.8980610545810734,-1.0200560056385444,-1.2236648147237754,1.3510263282196384,0.2380175079397301,-1.474647842376392,0.11851204065381826,1.0880697659525749,1
-2.1279192460470524,-2.5201085616058094,0.31949659766133315,3.5191842779733715,-1.339551432956332,-0.18890282217138343,1.5151374605951191,0.6779525465353893,-1.281114416909053,0.3024475630411627,1
2.125205279574547,1.671461029877825,-1.754078551929242,-3.5690053959597035,-0.7843874613345057,2.6181944057492346,0.47613829622288073,0.8276490273933821,1.6701470637623297,1.9651276780152553,1
-0.6291869372640415,-1.5113935533865714,1.3082524290235604,1.3832933643014678,-2.1851456682713377,1.165136236967793,0.3959779205780194,0.9620886479624607,0.905948162239856,0.45530886414564553,1
3.529455605646331,2.9788599648794944,0.07829243150677101,-4.611609243836212,-1.0458424145117073,1.892822860056064,-0.9315698305931149,-1.3553387926959974,1.1654625413313753,1.6042439047466794,0
0.7427262282493168,-1.0799987253049415,0.6715049425061154,-0.4355841407929295,-0.7708567550090712,-1.6858380615009856,-0.7497729725529783,0.34194922636608305,1.319923782644348,0.5395845648145535,1
2.251213507866277,1.167506917515784,0.1663371168403444,-3.5742813596159326,-1.8540113194930392,-0.1389756255009662,-0.46983330697546744,-2.409380068550892,2.1445035917224384,-0.025038068236002964,0
-1.5838334363809845,-2.2388403606825817,-0.42641228003462306,1.53253040683376,-2.9942384797813837,-2.3658809033582044,-0.13384211539008573,-1.7003668728081824,1.8475217319225412,-0.5672552357372793,1
-0.6693557775932933,-4.370462951840789,0.11336552754715161,3.8150708227240675,-0.8538955354417727,-1.6173782424583703,1.0680214310413318,1.140289224997329,-1.2501218092473265,-1.6643282391883472,1
0.17913053052898875,0.3985388035410895,0.9845038055734302,-1.6697422266622133,-0.5367481624644094,0.5502610756407056,2.5706957100768877,0.524865598530948,-0.6051196729921469,3.694790030277764,1
0.22004784193978777,1.5323325541950072,-0.1264293713294878,2.859749306448105,0.2223732299578416,1.461444545117708,-1.5864428889600146,-0.5983937714373495,-4.4880182138893705,1.223849357665459,0
0.007258243958708999,-3.330508269130125,-0.9113534014698267,4.565487732521904,-1.9205073082359285,3.8306483928245454,0.42446989210254005,4.758658311988575,-1.3826693234933547,0.8394694780884464,0
-1.5708336681019928,4.349192780291907,-1.0706982827842255,-0.6210399354089123,-1.1803953622229078,5.089998214516649,1.1749620629814324,-1.8537575448356245,-1.6552296292653499,2.4718896624559474,1
-1.0658119875425176,3.1811100701900163,0.0984145255615101,2.3834736180234786,1.0927507822330775,2.0240260332069036,-2.8810760075752793,0.8828340115531013,-2.9067895701484217,2.830129162197288,1
2.406629753404461,4.094781442163636,-1.398982121961653,-7.078105396959647,-0.5931864497543133,0.2474066070312404,0.6114476997218568,-5.053368785046074,2.5854450476636117,-0.727773713557526,0
0.4519959996841474,1.763697892877627,-0.2829080288472456,-1.5174876689359111,0.38905008717890777,0.6856284742078395,0.8634093015011673,-0.1831263404367025,-1.167155434699037,2.731706122464501,1
0.9704903690603897,-0.5090424069787243,-0.9526160494151312,1.3810367451343681,-1.3921077308209224,1.756633596189355,-1.4346028940407514,1.1319379433169974,-0.17830944913078395,0.12570881422538205,0
1.7806420192651733,0.9011389555284651,0.2025591169599006,-1.8577226164832954,-1.4878574139454388,1.7506824115274213,-0.18916827803986858,-0.6098483372568415,0.8335091983009446,0.4097774596406819,0
1.0459178736429329,-0.2899748678727878,0.9557523309102071,-0.06902834583425083,-1.2896497426470486,1.4099966793461094,-1.2937714982575157,0.4797091288417774,1.4538383316861045,-1.0302810360044679,0
0.8763850301681522,4.249534227170705,-0.11732621471262757,-3.679797614247663,1.303370145009331,1.2542130308767994,0.9344381501228962,-2.6026279178931127,-1.380083633224137,1.6062040502417136,0
1.8745539653083845,2.0351335738311604,-0.358534954980195,-5.677700491400016,-0.8909619431272386,0.2781115179222926,3.0048593044918794,-3.9135598210217815,1.1827341534738267,-0.015776602261838857,1
-1.6442409321198697,-0.024733650263925447,-0.25614570936256864,0.8658197142899098,-1.7442485151997693,1.1017532419791358,1.07236760322955,-0.7682314223280688,0.19163794386727018,0.642426244100424,1
-1.8749217226473198,3.7614776042092624,-0.41765685580521184,-1.2537524517117713,-1.7675462364650647,3.6837034715107166,1.7963750763090207,-3.8710019104830367,-0.6872448442265353,0.6484460304138717,1
0.5679156666460801,-2.452268908278625,-0.37302344951017175,4.501354399059254,-0.24035171427412827,0.9250401884725759,-2.234576362498288,1.905497300244982,-1.6991235626538286,-2.6930701077974555,0
